"Blocking Key Value","Frequency"
"THEMEMA,THETIMA,THEFAMI,THESTDA,THESTJO,THEMAJE,THESTRO,THEWIMA,PAPERBR,THEPRDA,THEPOST,THEARRO,THEWOJO,THEREMI,BATMAJE,AVATAMI","24"
"DRAGOAK,DIARYJE,THEARDA","22"
"ANIMAGE,THEHOMI,THELIDA,THEWIKA,THELOAL,THEGIDA,THEREMA","21"
"THEBOMI,THEBORO,CAPTADA,THEHUSU,EVERYDA,THELICH,THEWIRO,THESEDA,WHEREJO,THEINCA,THEGIST,THEGILO,THEINAN,THEGRST","20"
"BLACKCH,THEDAJO,THEHODA,THEASTH,PARADJO,THEMALE,THEDIAN,THESOJO,THEFIJO,SIMONSI,HOWTOMI,THEPRCA,THEPOJO,THEENSA,THESEKA,THESESA,THELORO,SUCCURI,THERIJO,THEPAJO,PREACGA,THEREAL,THELAAL,THELADA,THEWAMA","18"
"ONEPUON","17"
"NAUSIHA,THEMOSA,THESIAL,EVERYJO,THEFIMA,ALICELE,THECOSU,HOWTOCA,THEWHJO,THEPRJE,THENIER,THERURI,THEHEMA,THEWABR,THEGOJO,WRECKKE","16"
"THEMENA,ASTORGE,ANNEOLM,THEDAST,MURDEAG,THEHIPE,THEUNDA,THEDEDA,THEDEMI,THEWIJE,THEWIJA,THEPRNI,THECHST,THESEST,JESUSSA,JAMIEJA,RICHDRO,THEREAN,THEREDA,THELARO,THECHCH,THEROJO","15"
"CHERURO,HORRIFR,VAMPIRI,THESIMA,THEFAGA,THESTSU,THEDEAL,THEDEMA,THEFIDA,THEHOJO,THESOMA,THECOAN,PRIDEJA,HOWTOGE,THELEDA,THERIST,THEILHO,THEWAJO","14"
"CHICKJA","13"
"HOWTODA","126"
"THEBLMI,THEMITH,STILLJO,BLACKMA,PIPPIAS,HUMANBR,THEBIMI,BIGNALI,THETIJO,VINLAMA,SAILONA,THEBOJE,THEMOJO,THEKIDA,THEBOPA,THEBOAN,THEBOAL,THEDAMA,MISSPRA,THEFERI,THESIPA,INTOTJO,THESHJA,THESHJO,THESHST,THESHRO,ACHRICH,IHEARLI,THEMAMI,THESTEL,THEMACH,THEFODA,THEFOJO,SWEETMA,THEFIPA,THECOLE,THELIJO,THECOSH,THECOED,THECODO,THELISA,HOWTOCH,HOWTOKA,HOWTOTR,THECLMI,THECHMA,UNDERGR,THENIJO,THESEHE,THESEAN,MANSSVI,PRETTSA,THEARHA,THEARJO,THELORI,THELOST,THECUMA,DEADMJI,THEHABE,FLASHGE,THEANRI,LORDJDI,NIGHTJO,THEINDA,THEINJO,THEGIJO,THEPACH,DEATHDA,WINNIAA,THEREPA,BLOODRI,BLOODAN,THENEMI,MASTEMA,THEROGR,THECAMA,THECALA,THECADR","12"
"AVATAGE","112"
"RICKSRI,VAMPIMA","11"
"THECOAL,HOWTOCR","110"
"THEBLJO,SHOPASO,PANDOJU,TRUMPDO,THEMOMA,ABRIEST,RIVERHU,THEHIMA,TRANSWA,THEMANO,THEMAAL,THEBAJO,THESTWI,AFTERJO,THEDEDO,THEHOJR,THECOGI,THECOFR,THEWIKI,THECOTE,THECOAR,ESSENST,THEWHDA,HOWTOAD,HOWTOSA,THELEAL,THEPRMA,THEPRJO,THEPOCH,UNDERJO,BREAKDA,WONDEBR,THESERH,THEARSU,THEHAHA,ASSASRO,THE4HTI,THEHAMA,THEHASH,NIGHTSH,THEPEJE,THEGIRO,THERIGE,THEPARO,SWORDRE,THELAPE,LIGHTBK,THEGRJU,BLOODCH,MASTEDA,THEGOMA,THEGOKA,CLOCKCA,THEPIPA,THEPIMO,THETRJO","10"
"LOVERJR","100"
"THEBLJA,METRODM,THEBLNA,WHATTMA,THEBLBR,JANEECH,THEBEST,PERSEMA,THEKIMA,THEBODE,THEDADA,THESODA,THEFAEN,LITTLLO,THEMAPE,EVERYMA,ALLTHJA,ANCILAN,THEHOMA,THECOIA,THECOJE,THELINI,THELILI,DOCTOST,DIVERVE,HOWTOPA,THEPRAN,THEPOAN,THEULMA,EXTREJO,THEARCH,THEARJU,THEWOMA,THEANJO,THEANWI,ADOGSWB,THEINST,CONVENE,THEINAL,GRAVECH,DEATHAR,THEENMI,THELAER,DEXTEJE,BATMAFR,THENEPE,THEGOJA,THEGORO,THETRLO,THENAMA,THECALI,THECAST","9"
"THECORO","96"
"THEDRRO,OFMICJO,THEBIRA,BLACKJO,ANNAKLE,THEDOJA,THEMICH,THEMIJE,FOOLSRO,THEBENI,THEBERO,THETHRI,THEBRNO,THEBRMA,THEBOPE,THEKIJA,THEMORA,THEBOCH,THEBOBE,THEMOAN,BATTLYU,THEDAAL,THEDADR,THESIEL,ARTEMEO,THEFADA,THEFAED,ARIELSY,THEFAAL,LITTLMA,LITTLJO,THEDIJE,THEDIJO,THESTAL,THEMAJU,THESUJA,THEFOMA,THINKDA,THEDEGE,INFERDA,THEHORI,THEFIJA,THESPJO,THECOGE,THEWICH,THELIJA,THEWIKE,THECORI,THELILA,CHARLRO,THENOEL,MEDITMA,NOGAMYU,HUNTEYO,HOWTONI,HOWTOJE,HOWTOKE,HOWTOTH,THEADMA,THERUJO,THECHJO,THESEJA,THESEKI,THEARER,THESETA,THESETH,THELORA,THESCJA,THELODO,ADRIASU,MEDEAEU,THESASC,GHOSTMA,VAGABTA,THEINBR,THERIDA,HEARTJO,MAGICMA,THEWATS,THEENCH,YOUARJE,THEEMMI,THELALI,THEGRDA,THEGRKR,THENEJA,MASTEAN,THEROER,THEPIOS,THECASA,EATPREL","8"
"MAGICIL","90"
"HAMLEWI,THEVEER,THEBRDA,RAMONBE,THEHIDO,THESHAN,THESTJA,THEDEJO,THEODHO,THECOJA,HOWTOAN,GOODNIN,THEPRCH,THEPOJA,THEARAN,AGAMEGE,THEREJA,THEREJE,BLOODKA,THEWAAN,THELAMI","7"
"THEBOJO,ONEPIEI","88"
"HOWTOJO,HOWTOMA","84"
"THELACH","81"
"THEMOCA,THEPRKA","80"
"THEWARO","861"
"HARRYJK","552"
"DEATHTS","400"
"BERSEKE","312"
"ASTERRE","216"
"THECOJO","196"
"THECOCH","165"
"ATTACHA","145"
"ARCHANA","133"
"THELAJA","130"
"THEDRMA,DELIRLA,WHATTDA,THEORCH,THEBLAN,THETADA,CAPITKA,ROMEOWI,THEMIMA,THEMISA,BLACKJU,THEONJO,THEBIFR,THEMIKA,THEDOAL,ENDEROR,THEBELO,THEBEKA,THEMETI,THEBERI,AMERIBR,AMERICH,CESARCE,TAOTELA,FEARAHU,THETHST,BRIANGA,THEBUMI,THEBRPA,THEBRBA,THEBRJU,THEGAMA,HANNITH,THETEDA,THETECA,THETEMA,WHATDRI,WALTDCA,AROOMVI,THEBOKA,THEKISA,THEBOWI,THEBODO,THEBOCA,SERAPTA,IFISTGA,THEDACO,THEHOAL,THESIRA,ASTRETE,LITTLCH,LITTLCA,THESIAN,WHENWKA,THEFAEL,DAVIDMA,THEUMGE,LITTLJE,THEFARO,THEUNCH,THEUNKA,THEUNMA,OHTHEDR,THEDIKA,THEDISC,FANTAJK,THEBEDA,THEMAPH,THESTCA,NEVERJA,THESTGE,BRIDGHE,THEMAWI,THEMAWA,THESTMI,NEVERNE,THEMACA,THEMALO,THEMALI,THEHUCH,JAMESJA,THESTWE,FAIRYHI,THEDERI,SONGSWI,THEDECH,THINKDO,THEDEER,SOMETEM,NEVERCH,ANDTHAG,THESPDA,THEHOJE,THEHONI,IAMMAMA,THEWIAN,THECOGA,THELIAL,THEWIFR,THEWIDA,THEWIHO,THECOSI,THEWHRO,THECOAM,THECOCA,THELIRA,DOCTOJA,HOWTOAL,HOWTOLE,HOWTOSI,DESTIIN,SHADOCH,THREELI,THECLKA,THEPRTI,THELEJO,THELEJA,THEWEMA,OTHELWI,THECHRO,OUTLADI,THEPORO,COLLICO,TWILIST,THESENA,THEHEPA,THESERI,THEHEAL,THEARWI,THEARWA,THESESU,THEARJA,THEARMI,THEARMO,THELOLO,THELOMI,SEVENJO,THEWOSU,SUPERMA,THEWOAL,THEWOCA,THEWOKA,THEWOJI,THEHAAN,THEHAAL,THEHAGR,DREAMKA,SECREJO,ASSASOL,AGATHMC,DREAMCH,EATINJO,HAVEAMI,WHEREKA,LETTEMA,NIGHTTE,NIGHTEL,THEINWT,HEARTNO,THEINMA,GREATCH,THERIPA,CRIMEFY,THEGICH,THERICH,THEPAJU,THEIMOS,LEPETRE,THEGEJE,THERERI,ENDURAL,QUEENSA,THERECA,BLOODTI,ATIMEPA,ANGELNA,THELATI,THELATE,THELAST,YOUARMA,THEWAAL,THELACA,THEWAJA,THELALA,THEWAKI,THELANA,THENEAN,TWENTPA,THEGRKA,THENEDA,CHILDTO,THEGOAL,MASTECH,THEGOEL,THEGOBO,THETUHE,MASTERO,THEGOME,CORALNE,THEGORI,GETTIDA,THEGLJE,THECAKA,GARFIJI","6"
"LISTENO,THEBLWI,ASHORBI,THEBENA,WUTHEEM,MEINKAD,THETHDA,THERAJO,THEBOST,THEDADE,DRACUBR,LEARNMA,THESIRO,THEHICA,THESIJR,MARYPPL,LITTLJA,THEDIMA,THESWTE,EVERYAN,THEMASH,THESUJE,THEFOMI,THEDESA,LOCKEJO,THELIRO,TIGERCO,SHADOPA,ASILEYO,THEPRBR,THEPODR,THECHRI,HARRYJO,THEARAL,THEARMA,THEWOAN,THEAMMI,DREAMLI,NIGHTAN,NIGHTMA,THEINCH,MAGICRA,THEMYTR,THERESH,THERETO,ADANCGE,THEEMJO,THEGRSA,THECHCA,CALVIBI,THELAKA,THELAJE,FAUSTJO,GUESSSA,SUNSTST,MASTEJU,ISITWFU,ROWANEM,BECOMMI,THETRJA","5"
"THEORMI,THEBLRI,THEBLPE,THEVEMA,THEDRAL,CAPITJO,STILLLO,PRINCDA,PRINCJE,PRINCMA,BLACKST,BLACKRE,MIDNILA,ZENANRO,THEONKE,THEONMA,GUNSGJA,DRAGODI,THEBIAM,THEBIBR,THEBIKA,THEONTH,THEDOBR,THEFRJO,THEBEMA,THEMEJE,THEMERI,WOMENCH,ADARKVE,SALEMST,THETHJA,FINALST,THEMUAN,ORIGIDA,INSIDAL,THETIIA,FIREASA,THRONSA,CARRIST,GONEWMA,WORDSBR,THETETE,THEBRDE,THEBRMI,ICOULFR,THISIMA,HOPELCO,THETEAL,THETEJA,THEBOJA,THEBOJR,THEBONA,IAMNUPI,THISIDA,THEMOCH,THEMODA,THEDUJO,THEBOBR,REVOLRO,THEKIAL,THEDAHA,THEDAMI,THEDACH,TOUCHJO,ABRIEMA,THEHOAR,THIRTJA,MADHUMA,ANIMATE,OPERAAN,SPIRIHE,MAKINSC,THESINA,PLAYISA,THEJOJA,THESIDA,THEHIHE,MENATTE,HOLLORA,WITCHTE,DAVIDDA,THEFAPI,THEASRO,LITTLLA,CRESSMA,THEUNGA,FRENCMI,HOWCHJO,PSYCHMA,THEDIRI,THEDISA,THEBEDO,THEBECA,THESWDA,THEBAPA,THESTAN,THEBAST,THESTKA,EVERYNI,THESTJE,EVERYJA,NEVERMA,EVERYSE,THEMADO,THEMADE,THEMABE,YELLOMA,THEMAHE,THEMAEN,THEMAME,THEFOJA,ALLTHAN,THEDEST,THEDEPE,BORNTCH,SOMETJU,SWEETDA,PHYSIMI,PYGMAGE,THEFISA,FIRSTTA,FIRSTSA,THESPCH,CALLMAN,POPPYAV,DEADACH,THEHOSA,THEWIAL,THECOJI,THECOHE,THECONE,THECONI,THELIDO,THELIDE,THELIEL,THECOLI,THELIJU,THECOPH,THECOPE,THELIIA,THECOSY,MATILRO,TEACHBE,LEONALE,CHARLEB,GROWIJE,TUESDMI,FIRSTDA,FIRSTJA,FIRSTJE,THEPSJO,THEAGER,TIGERJE,THEPRWI,INTROMA,MIDDLGE,HEALTMA,HOWTOBA,PAPERJO,HOWTODE,HOWTOME,HOWTOMO,12RULJO,HOWTOLI,HOWTORA,HOWTOST,HOWTOTI,LAURELA,THELEBR,SHADOCA,SHADOBR,SHADODE,COMPLOS,WORLDCH,MSMARGW,BEAUTMA,BEAUTJA,BEAUTJE,THREEGR,THEPRST,THEPRSU,THEWEJA,THELELA,AMPHIED,THEWETE,THEPOBR,THEPODO,THEPOMI,THEENRO,THECHJA,HARRYBR,UNDERDA,WORLDMA,UNDERST,THEPOTH,UNDERMA,THESEEM,MONSTNA,THESEDE,THESEJE,THESELU,THESESI,THEARAM,THESEAL,THESEBR,SMALLTE,THEARTE,THEARDO,THESEWI,THEARBE,THEARCA,THEWRMI,THEARPH,THELONI,THELOSH,THELOPA,THESCJO,THELOWI,SUPERGA,SUPERST,THEWOGE,THEWOHA,THESCTE,LEANISH,STEPHST,SECREBR,THEHAED,THESAJA,SECREDO,DREAMLA,THEHAJO,WYRDSTE,THEAMDA,THEHAPE,VEGANIS,BILLBBI,THEALMI,THEEXCH,THECRCH,MYFAMGE,DELIADE,KINGODA,OTTOLYO,HIDDEMA,SHIPORO,THEPEMA,LETTEFR,THEINSI,BLINKMA,ESCAPBL,THEINNI,APEOPHO,BRAINJO,THEGIPA,THERITO,THERIRO,THERITI,THERIWI,ORANGIC,WHEREGA,THEGIIR,THEGIJP,THEGIMA,THEGIKA,HEARTAL,THEINBE,THEPARI,THEMYMA,THEPABA,DEATHNE,VOYAGDI,BONEVJE,THERENI,THERENA,DEVILGE,THERESA,THERESC,THERERO,BLOODJA,BLOODLA,THEELLA,THEPLST,ANGELDA,THEELWI,THELARI,THEENEN,THEWATE,THECHEL,THEWAKE,POWERJO,THELANI,THELAPH,THELAPA,THELAME,ATLASAY,HALFTNI,PLENTYO,ATHOUMA,THEGRJA,CRUSHGA,CHICKMA,BATMAGR,ELONMAS,MASTEPA,THERODA,GARDEST,BEYONFR,BEYONCA,GETTIRO,THEGONI,THEGOLA,THEGOSH,BRAVEAL,THECALE,THECARI,READYER,THENADA,THENAEN,THECACA,THECADA,THECAHP","4"
"THEBLST,WHATTGR,THEKEMA,THEBLTE,SOCCEDA,PRINCAN,WEREGMI,PRINCDR,MIDNIEL,21LESYU,WHATSKA,ASONGGE,NINEPLI,THEVAMA,DRAGOGR,THEMIDO,THEBIJA,GETYOSA,THEBEJO,THEMEJA,THE13AN,HOWLSDI,SERIOEL,THEGARO,SPIDEJE,THETHAL,FIREAMI,THETIJU,SILENTH,THETISO,THEBUKA,KAGUYAK,THEBRTE,WHATIHA,THEBRAN,WHATIRA,SHATTTA,ECONOPA,THEBRJO,LORDOWI,CRUCIKE,LORDORO,THERABR,THEGAJO,FALLELA,UNBROLA,MEMOIMA,OPENAN,THEVISA,THETEAN,SACREGA,NATURRA,ACOLUKE,ROOMOJU,THETAJK,THETAST,THEMOKA,THEMOJU,THEBOPH,THEKIJO,THEOUST,THEBONE,THEKINI,THISIJO,THEKIRO,THEOUJO,CINDEMA,THEBOBA,THEVIAN,THEDAKA,MYTHOST,THEDARY,EATTHBR,THEDARA,THEDACA,BOOMEMI,TOUCHKA,BATTLJA,BATTLJO,ABRIEPE,INAMAIN,THEFIAL,HAMILLI,MATCHMA,ANIMANA,MINECMO,HOWNOMI,TRUSTJE,MAKINCA,SPIRICH,THEHIMI,QUIETSU,THEAUJO,THELUNI,THEAUMA,THEHIAL,MACBEWI,PLAYIJO,THEFADE,THEFABR,THEFACH,ONEDADA,THEFAJE,THESHLE,THESHMA,PROMISA,THESHNI,THEAUBI,THEUNLA,NOPLAMA,THEDIGR,THESUTO,THEDINE,CREATED,EMOTIDA,THEBEAL,ATTACRA,THEBEAN,GIRLBSO,NEVERKE,THESTCH,THEMAPA,THESTBR,THEMAOL,THEMAMO,THEBARI,TRANSMA,THESTLE,EVERYST,THEBADA,EVERYRO,THEMAAU,THEBACA,THEMAKA,THEHUJO,THEFODR,PASTTLE,THESUMA,THESTTH,SMOKECA,ADOLLHE,FACTFHA,THEDECA,SWEETST,AFTERRO,ITAL,THEDEED,PERSUJA,ITST,FAMILRO,HOLESLO,LIFEIMI,THEOCNE,THEFITE,THEFIST,ONEDION,EDUCATA,THEFIDO,THEFIBR,CRAZYFR,THEHOSO,OUTLIMA,THEHOST,THESORI,THESOPA,OATHBBR,STEVEWA,EMILYLM,THELICS,LEONAWA,PRACTEC,AFEASGE,THEPURI,THEWIEL,THECONO,THELIEM,THELIJE,THEWIJO,THEWIGE,ANINSJB,SIMONBE,THELISC,WHITEMA,THEWIPE,DOCTORU,LONDOMA,THEESBI,CRITIIM,HOWTOCE,THEWHAN,HOWTOPI,DONTLMO,CATCHSU,SHADOJU,SHADOKA,SHADOJE,PRISOTI,THELEAK,THEWEEL,LOUISLO,THELEER,SAYNOPA,THEADSC,THEPRGA,THREECH,THEPRRO,THELERA,HISDAPH,GOODNMA,THEWESU,THEAEVI,MORANCA,THEPOEC,BIRDSGE,FREAKST,THECHJR,MANSFJA,DOWNAGE,FRAMEMA,THEADDA,TWILIMA,ELEANRA,DUNEFR,MONSTMA,THESEGA,DANIEDA,SIXOFLE,THESEPA,THESEOL,ICANMPA,THEWRDA,THEWRAN,THELOLA,SUPERDA,THEWOTH,THEWOST,THELOTE,SUPERNI,THELOAN,THELOCH,LIVINMA,THEWOCR,SEVENSA,WHYWEMA,THESCWA,STASIAN,THESCTH,GHOSTDA,THESACA,FLASHMI,THEHADA,THESACH,THEEYJA,SECREMI,DRUMSDI,HAGAKYA,AGATHVE,MYSISOY,THESARO,THEHARU,THEHARA,THEANCO,THECRMI,GULLIJO,BEHINKA,THECRDA,NOURISA,THEEXRI,OLDPOTS,ASAMAJA,GODISCH,THEPELI,NORMASA,THEPEST,THEPEPR,MOONWJO,THETRFR,BROOKCO,JOHNDJO,TALESCH,NIGHTCH,THETOAN,HEARTMA,THE5TRI,THEINKA,THERIRI,THERIHU,THERIMA,DEMONDA,PROJEJA,SCARLMA,HEROEST,THEMYAG,THEPAJE,THEPAPA,WESTWBE,DEATHAG,LOOKIJO,HITLEIA,DEVILLI,THERELO,AMONSPA,THERETI,JDROBJD,BLOODTE,POWERAN,WINGSTU,BLOODJO,BLOODMI,RAISIMA,THEELMI,THEELMA,ATONEIA,THELAVI,BETWEMA,THELALE,AMIDSWI,THELAHE,THELANO,THEWALA,THEWAMI,DANCENO,THEGRAR,JOHNNDA,THEGRJE,RICHARI,POETIAR,ADISCDE,THENEMA,THEGOED,BEYONKA,ANASTCH,HEALIJO,THEROJA,THEPIJA,THEROST,BEINGAT,DRSEUDR,ANTIFNA,THETRMA,THETRSA,DEARJNI,INTHETA,INTHEJA,THENAPA,THECATH,CITYOMI,WHOMOSP,THECAAL,GABRISY,THECAJO","3"
"THEDAGE","78"
"THEDRLE,GANGSDA,THEBLCO,THEORJU,CHOCOTR,THEDRSH,BEHAVRO,PASSILA,BARRAZO,THEORCA,THEORAE,THEORAR,WHATTJO,SELFRRA,DARKLJR,CAPITTH,TRAVEDA,DAISYTA,WHATTSH,SMILERA,IGNITJO,THETAHE,TOWERSA,SWITCCH,CALLTJE,FOOLMJI,AVINDMA,SAILIJO,EMMAJA,ONCEMO,WATCHAL,WAKINSA,THEOPMA,TINYBCH,MINETNA,PILLOCO,THEMIPA,THEMISH,THEBIRI,THEBISA,THEBISE,THEMIWI,THEBIWI,HERCUAG,INDEFMI,BLACKCA,DARKNWI,OUTOFKA,RINGWLA,DRAGOTH,BLACKKE,DRAGORO,MEMORST,ANEWEEC,MIDNIST,BLACKTA,OUTOFSH,MIDNISA,BLACKRO,WRITIRO,WRITIRA,MISTBBR,MIDNIJO,REFLESY,RENDEAR,ONCEAJO,DARKPGI,ADARKRA,INKHECO,MYINVNI,DRAGODA,THEZODI,THEDOEL,THEFUMI,PRESEGA,THEMIAL,THEMIAR,THEZOMA,THEMIGE,ONCEBJE,HAROLCR,THEMILE,THEDOPE,THEBIJO,JUSTIGE,BUSINJO,THE7HSE,THEFUDA,THEFUDE,THEFUAL,JUSTIMI,THEQUGE,THEDOAN,CANYOSO,THEFRFR,ONTHECA,THEOLER,THEFRST,IAMLERI,ROSSPWI,GEMINAM,THEMEEU,THEBELY,ONTHEFR,THEBEJU,THEBEKI,THEMEJO,THEBEKE,TRAVEJO,BIGLILI,THEMESU,ONTHENA,TRAVEMA,THEFRBE,ONTHEMI,ONTHELA,THEBESA,NORTHPE,WOMENMA,LORDSTE,DARKSMI,INPRAJU,IROBOIS,THEOMMI,WOMENCL,THEVAAR,MAXIMJA,NORTHEL,EATSSLY,THEBFRO,AKNIGGE,JUSTKPA,MICHAMI,AMERIGE,DANANDA,BEFORLI,THETHNA,THETHJO,THETHJE,JONATSU,THETHPH,DARINBR,THEBUDO,THEMUAG,ORIGIJE,THERASH,THEKNAN,HOSTANA,BAREDSY,FEARASR,LONGRDA,THETHCO,HALFBJE,PACKIMA,THETIHG,THETIPH,LEGENMA,GONETLE,WRITTSI,IKNOWMA,RUNNIRO,PHANTVS,AMANOAN,LEGENST,SILENRA,YOUNGSI,RUNNIJA,LINCHSE,TENDENI,SOULMTE,THEBUJO,YOURSRO,SILENAN,COLDCST,THEBRRO,ARAISLO,REASOMA,WAYOFDA,THETEST,REDNOBI,THEBRCO,THEBRKA,THEBRHE,BRANDNA,THISMJO,THERAER,EMPIRJA,THEGANE,THERAKA,THEGAKE,THEGAKA,RIDINPA,BLUETMA,THEOVRI,DEMELWI,STRANLA,CHRISJE,READIFR,CHRISCA,ALLEGVE,WHYMESH,BORNATR,DANNYRO,THETEEM,THETEED,THETEKA,STRANRO,STRANNA,WINTEMA,STRANPA,PYRAMTE,WINTECJ,THEOTPH,FUNHOAL,WALTDDO,NEWMOST,THETAKA,ZODIARO,CONSIDA,THETAPA,JUPITTE,THETAMU,THETATH,ACOURFO,PUBLIDA,THEBOLE,ISEVEMI,THEBOKE,THEBOJU,THISIBE,THEMOME,THEMOTH,THEBORI,WHYMEAL,THEVILE,THEMOWI,THEKIPE,FALLIAD,THEMOBR,NUDGERI,ELANTBR,THEBOBJ,DISCIMI,THEBOGR,THEMOHO,THEVIAL,THEKIAU,REVOLRU,THEDAJA,THEDAJI,THINGMA,STORMAN,HIROSJO,STORMJI,MILLETO,MYTHOED,NIGELNI,TOOBIAN,JINGOTE,THEDAAN,61HOULE,MENARJO,WHATCRI,THESOAL,THESOBR,THEHOBR,THEOBRY,GOODBFU,THEHODI,ABRIEDA,THEHOCL,THESNJO,THESNJU,AHISTAN,THESNPE,LETHARO,ANNAAST,THEFEJO,WICKEGR,MATCHAL,COSMOCA,CROSSAL,NARRAFR,GIRLISU,FOURMHE,DISCOEP,ANIMAPE,AWALKBI,THEAWLJ,HOWWICL,HOWNOJO,ANIMAGR,GEORGGE,ANIMABA,THESKJA,THESKJE,WHENYRE,GEORGRO,AKINGJU,LASTCRI,WHATALI,THESLCH,PERFEJO,FEELTSU,MUTANMA,MAKINMA,THESLPA,SPIRIDA,APRISJE,THESLNE,THESIMI,THEHINI,THEJORA,THEJOST,THEHISU,THESIPE,ASTREJA,THEHITE,TALKIMA,AMANCFR,LITTLCE,LITTLCO,THEHICO,WELCOJE,THEHIBR,MILLIFR,LADYMCA,THESIJO,THESIJE,THEHIKA,LOSINCO,DEWEYVI,INTOTMA,THEAWKA,BADSCBE,SELECTS,MUMMYCA,GIRLOZO,HESTOHE,STORIRO,BIRDBAN,THEFABE,PERSOFL,THEFAJR,YOUCA,EXPLOHE,STIFFMA,CHRONGA,MILESMI,EUROPTI,THEASSA,THEFAAD,THE5050,THEUNPA,THESHNA,THEUNTH,MOTHEDA,YOUCAJO,THEAUBE,BONDSNA,YOUCALO,MOTHEMA,THEAUGE,THEUNAJ,THEFATO,THEFASU,THEUNDI,THESHCH,HOMAGGE,SPEAKLA,PEACETH,FANTARO,HEIROSA,DIAGNAM,SURVICH,WARRIMA,ONBECCA,THEDIJA,THEFOPE,THESUSI,THEHUTA,THEDISH,THEDIPA,THEFOWI,KITCHAN,PARENPA,THEDIUR,THESWGE,CREATSH,HAUNTCH,ERICTE,THEMEDA,THEBECH,WHENTLA,CRYSTDO,WHENTPE,ACLASGE,WHENTGA,NEVERKA,EVERYDO,NEVERLE,THESTDO,THEMANA,BRIDGPA,EVERYBO,THESTBE,THESTHE,THEMARH,THEMARA,THEBASC,EVERYME,THESTIA,EVERYKI,THESTJU,EVERYJE,DRIVEDA,CHASIJO,EVERYTA,THEBAEL,PSISTJE,THEBACH,THEMAGK,THEMAIA,THEMAEL,THEMAFL,THEBALO,THEBALE,FOODOTE,TRANSBR,ROSESJA,THESUJU,THEFOAL,NELLANE,THEFOCA,THEFOHE,THESUMI,THESUNI,THEHULI,THESURU,THE10KA,THESUPA,REDEEFR,THESTSI,STARWDA,CAPTIJO,ALLTHEL,SHOEDPH,JAMESRO,THEDEPA,HEAVETO,AYEARST,THEFLAR,GRACEKR,WHOSAED,HUSHHBE,THEFLEL,GRACEGR,THEDEBE,BADFERO,THEDEGR,SOMETJA,THINKAN,THINKJO,MORTTE,THEDEIA,AYEARJA,SOMETAL,HISFOHE,THEDEME,HOUSEJO,ONWRIST,HOUSEMA,HOUSEST,MOCKISU,STARTDA,UNCLEPG,ALITTJO,SECONBR,ACONJVE,THE33RO,FOODRMI,STARTSI,FIRSTLO,LONEWKA,AREAPSA,THEFIDI,THESOJE,THESOJA,THEHOHE,THEFIAN,THEFICL,THEFIHA,THEHOLI,THEHOLE,THEJURU,MULTIMA,THEFIFR,THESORA,SEARCCH,THESOSA,THEFINO,SEARCKA,ROBBIVI,MOLECHE,AFTERJA,ONEHUCE,GRANDDA,MERECCS,MYSIDJE,ATOMIJA,TRIBESE,FOXINDR,THESPTO,SCHINTH,THESPRI,PLAYONA,THEWIAR,THEWIAM,THEPUNA,THEWIBE,PARISJA,THECOHA,THELIGR,THELIGI,HUGHJHU,THEWIDO,PRIMAMA,THENONI,THELIHA,COUNTKA,GOODTJA,THECOVI,THELIPA,EIGHTVI,THECOTH,THELIMI,THELIME,JURASMI,FAREWJE,ROSENTO,INHERCH,THENOAL,FINGEGR,INCOLTR,FAREWRA,THECODI,THENODA,THEPUJA,THECOEM,THECOER,THECOBI,THECOCL,ECHOEMA,JOHANJO,THELIRU,ANILLDA,THELITA,THELITE,THELIST,THELISI,WHITEKE,DESIGGR,PARISMA,COUNTWI,THEESMA,GREENDR,THEESRA,CROWNSA,DOCTOMA,AWRINMA,DOCTOJO,GREENAN,ESSENMA,DOCTOBO,WHENHJU,INTROJO,PERFUPA,THEESDA,LONDOJA,ANNIHJE,SOPHIJO,TEACHJO,HOWTOBE,THEWHHE,DESTITA,HOWTONA,LETSPJE,THEJAIS,HELLSHU,PRACTPA,PRACTPE,COLLEJO,CATCHJO,HOWTOSU,DESTIJE,PRACTMA,TRACKRO,WEHAVSH,SHADOMI,ESQUAPA,INPATBR,CHARIER,THEWEDA,SHADOCO,NOTESKA,NOTESJA,SURELRI,NOTESBI,COMPLDA,MUSEOLA,RENEGMA,THEADPA,STORYRO,ENTWISY,THECLCH,DAULAIN,THREEJA,AREYOCH,THEPRLE,THREENI,THEPRMI,THEPRJU,THEPRPA,100GRSI,BEAUTLE,BEAUTGE,AREYOPD,LIVINSC,THEPRSA,THELEKA,HYPERAL,BEAUTSA,THEWEMI,HYPERDA,THELEMI,THELERO,THEPRAM,THELEST,SERVARA,PRIDEBR,THEPRBE,THELEVI,THEPOBA,THEPOAL,THEPOFR,SLAUGKU,THENIAR,THEGUNI,THECIBE,THEPOGA,LOVELAV,IWANTJO,THENIDA,CLASSMA,THENIBR,THECIDA,THENICH,THENICL,KINGDSA,SOURCTE,MADAMGU,THEENWI,MOVINTE,THERUBR,BREAKSA,ATTHESA,UNDERFR,UNDERAN,AUTOBPA,THEPOPI,OURANBI,UNDERWI,AGAINSU,AUNIVLA,UNDERNO,THECISA,DEADHST,AUTHOJE,HAWKEMA,UNDERRO,HEIDIJO,THESEER,THESEEN,THEHEGR,DEADLCH,THESEJI,BERENJR,THEHENI,THEHEOL,THESENO,THESEMI,THEHEMI,THEARAR,THESEPE,AREWEFR,STUMBDA,THEHEAN,CABINJE,THEWRRE,THEARSH,DEEPWCA,ORDINCH,THEARST,LYSISAR,SMALLPE,SKULDDE,MYSTODA,RECKOMA,THEULST,NORAGAD,REBECDA,INVISCA,THESETO,THEULAN,VOICESV,THEARGA,THEARFR,THEWRFR,PRETTKA,WILDFMA,THEARLI,ASUPPDA,THEARRI,INTERTE,THEARPI,BOBBYBO,SEVENDA,SELPHMI,PRIVAMI,GOODNEL,THEWORI,CARAVST,THEWOPA,SEVENHE,DONTSRI,MYSTRJI,THEWOTE,COMINJO,THESCNA,SUPERJU,THESCMA,WHYWEGA,SEVENTE,INTERAN,THELOBI,THELOBE,SMALLAN,THEWOBE,NUMBELO,SEVENMA,THEWOEM,THELOJE,REAPETE,HOWTHLO,THEWOJE,THEWOHU,THEWOHE,ZENINRA,HORNSJO,DONTTPA,UNTILAB,KISSOLA,BIGMAEL,THESCSO,MARLEJO,ZENINEU,DEADLMI,SCAREMA,SOPPYPH,ONLIBJO,RAPTUJD,TWICEJE,THESAAL,NEWANMA,ENDGASA,CRIBSEM,THEUGJE,STONEGR,DREAMMA,SECREGA,SCRAPAN,ARCHADO,HOGFATE,DEADPBR,KILLEDA,YOUDOSA,GOINGRO,SECRESA,THEAMAN,CATSCKU,THEEYRO,SECRETH,SECREVI,LOVESIR,REDRAHE,DEVOTMA,VFORVAL,THEANTH,THECUAN,THEHALE,DREAMBA,THEANBA,THESAPE,THEANDR,STONERO,GHOSTKE,THEANDA,OLIVECH,GHOSTPA,GHOSTRI,WOODEJO,HATCHGA,NEMESJO,KINGLWI,CHANGJO,BADBLJO,CAMINJO,ICAPTDO,ANABUJO,THEEXRO,THECRLO,THEALKA,SILVERA,COLLAJA,CLEANAL,FEETOTE,SILVEJO,THECRCO,EFFECJO,THECRAR,THECRAN,THECREL,WIDESJE,THEALBR,WHERETE,YESPLAM,METAMOV,LETTERA,BELIELA,LETTESE,ARETUMA,MILKARU,SLOUCJO,SLEEPMA,COMMOTH,FINDMAN,KILLILE,SWALLAR,STRUCJE,HIDDECA,FANCYJA,THEPETH,SCYTHNE,TALESJU,BERLIPH,LONGIDA,BERLIJA,TALESRO,LETTECH,CHAOSJA,MCESCMC,AGENTAM,THEPEAL,THEPEAR,NAKEDDA,TALESCA,NAKEDCH,PEDAGPA,HARRILO,RISINBR,THEINSH,NIGHTPA,DIETRLE,MADELLU,MYBOORU,THEINCL,THEINGE,THEINGR,IRRESAD,THEINKE,WALLABA,ICANRDR,THEINRA,WHISPBE,THEINOL,MASKETE,THEINPA,THEINPE,THEGISH,BRAINSU,TWELVSO,TWELVRE,THERIAN,THETOGE,THETODA,WHEREDE,THETOJO,THETOJE,PILGRAN,THEGICA,BLUELDO,PROJEDA,ORANGPI,THEGIKE,THEILRA,SOCIADA,MINDFJM,ALONGIS,MEBEFJO,THEMYAL,POSSEAS,CHURCAN,FINDIDI,ALONGSA,ONWARCA,THEIMRE,THEPAJA,THEEAPA,MADEIBI,LIGHTRE,THEPANI,THEPASA,EQUALTE,TRAITAL,LIGHTMA,BRINGBA,ASCANPH,THEPAAN,DEATHMA,DEMIAHE,ATRICLO,ZENPEGA,CIVILSI,LOOKIME,BARBAWI,DEATHDO,NOTHIAN,DEVILSH,THEREHE,THEGEJO,THEGEMA,THEREMO,LEPETAN,THEREPL,QUEENCA,ARISTBE,TRIPWLE,CHURCWI,THEGEBR,MYLIFGL,THEREEL,THEREBE,FINDISI,BURIAHA,THEEMBR,BLOODJR,ANGELTO,ADVENDA,ANGELLO,GUARDTE,CLOUDDA,ASKANES,THEPLRI,THEELTO,BLOODWI,ANGELFR,THELASC,THEWAST,BETWETA,AHIGHJA,THEWAWI,STRENTO,DIBSIVI,THEENJE,THEENGR,THECHED,THEENLE,INPIESA,THELACO,PALESJO,THELAAM,THEWADA,THELAEL,SIZZLJA,THEWADO,THELAJU,THEWAHG,EGGHEBO,ANIGHWA,LIARSMI,DARKEBR,MANHAJE,MESSABR,THETWRO,THETWSU,HOLDIJE,VISIOJA,ICLAURO,IHOPETU,VISIONO,BATMAJU,MUSICOL,HAPPYNO,TWENTJU,THEELBR,TRUEBNI,THEELJE,THEGRPE,THEELJO,THEGRNE,BATMAGE,THEYECH,THENEKA,THEYEJO,THENENO,WHYIMRE,THENEPA,WITHOLE,MODERAZ,MASTEBR,AVATABR,TWELFWI,THEROIA,LOVINBY,DEMIGRI,GATHEMA,ALLCRJA,THEYBAD,THEPHKA,THEPHPH,GIFTFAN,THEPHNO,LOVINSH,AWAREAN,GETTIJA,LOOKBJO,BEYONBR,SCARTAN,THE21JO,THEGOMI,THEROMS,THEGOJU,HEALIMA,THEPIJO,THEPIMA,THEGOTO,THEPIRE,SARAHSA,DUNEMFR,IAMPITE,WILLGJO,INSURVE,BEINGTH,WARHOMI,UGLIESC,THETRPE,NOVEMCO,ENDOFST,THETRTI,THEIRSH,BELGADA,THEGLTE,THECAMI,THENAMI,INTHENA,CITYOVI,INTHEPA,THECARO,MIRROJE,THECATA,READYMA,INTHEGR,INTHEAL,DEARICH,SEXCRMA,ZEROTPE,THECAER,BECOMJE,THECACL,BRIEFST,THECADO,THECAGR,THECAGE","2"
"THEBOMA,THEMAMA,THECOMI,THELAJO,BATMASC","72"
"THEDRME,GAMESER,SONGOTO,1066AWC,THEDRJA,THEBLDA,WHATSPE,MAISIJA,CONFETE,THEBLJR,ANNAPMA,PROSPLA,THEDRTH,THEORSU,HOWFIJA,APATHJA,ILOVETO,LOSTBCH,THEORRA,FALLODA,SINCEMO,CHOCOJO,BRISICH,EGOISRY,SPRIGGE,THEVELI,ETERNLA,ISLAAST,DEARLJE,THEVERO,CONFECO,THEKERU,USAGAFR,PIONELA,WHATTAA,BORNFJO,THEDRCH,ILOVECH,MOGTHJU,PASSIDA,THEVESH,THEVESA,PASSIEL,ETERNJE,WHATTKE,LOSTAOL,KNOTSIA,TIMEOMA,CLOTHVI,FURIOJE,TIMEOPH,CAPITMI,THETACH,ABIRDDI,LOSTABR,AIKIDAD,ACLOSBE,ENDLEAG,TOWERRO,ELEVEMA,TRUTHPE,KNUFFMO,THEBLTO,EMERGAD,RULESSI,RULESSA,DARKMBL,BURNFIL,FALLOKE,OVERTLA,STUNNSA,OVERTJO,SOCCEED,RULESKA,LONESJA,PLATFMI,UNTANLI,DARKMMI,LONESMA,INSOMBI,ALTHODA,ASHORAN,THEOPJU,WARANLE,PICNIJO,ORGANSA,ASHORER,COMMAER,MINETLI,FORGOFR,ROXABAL,WRITIDE,RADICKE,FORGODA,STILLEC,THEBIPH,STILLDE,WHATRCA,THEMIMI,THEMIMJ,SONNEWI,THEBIST,HARDTAR,ILLGIJA,ASMALJA,DARTHJA,EICHMHA,FEARLJA,THISCNA,MANEAJI,MAKETJA,THISCJU,PRINCCS,STILLRY,PRINCER,BLACKGE,HISTOAD,QUANTMI,QUANTMA,ITSOKTO,WHOORAJ,HISTOBE,OUTOFAL,SEABILA,BASICMA,STYXSLO,PRINCKE,20THCNA,PROFINO,PRINCRA,BLACKHE,THEKEJA,CASHJO,ACLOUGA,THEKEJI,OUTOFGR,ANELEMI,BASICTH,EVOLVJO,FORTUNE,GOLDEPI,RAVENAN,WHATSAN,UNBEAPO,MIDNIPE,MEMORLA,WRITIMA,IFTHEPH,WRITINA,BLACKRI,LOYALJD,BASICJO,RECURBL,DEVELAM,INDEFJO,ALLYOCO,NINEPRO,LONGWNE,MEMORCG,ALLYOHI,ASPYABE,AWKWASV,THE15JO,LIFEAGE,THEFTMI,DIVIDJD,THEONKI,THEONKA,1000PPA,SIDEJJI,THEBHJA,LIFEANI,ACHERSH,DELIVTO,KENSUMI,MOONCPA,THEVACO,HISTOTH,HETTYJA,PASSEAL,PRESEPA,GORILDI,HARKAKA,RINGOGA,DRAGOCH,THEVARO,CONSODA,MYSHIFR,LAMENCJ,IAMPUCL,FACETNO,THISBTO,THEFUKA,PUNISGA,THEMICO,THEMIDI,THEBIEL,MORTAPH,ALLCHEL,THEBIBE,THISBPE,THEDOHE,THEQUMA,THEBIAN,THEMIBO,THEMIBR,THEFUTI,THEBIHE,FIREFBR,USEOFIA,PALEFVL,THEFURI,THEFURO,ALLABBE,HAROLDU,HUMANLU,THEQUWI,THEBIJE,TROUTRI,THEBIKE,FIREFKR,THISBDA,PAWTRDE,STRAWJO,CONSPJD,INFIDAY,YOUHAMH,UNRAVTA,SIBLIAD,THEFRER,1STTOJA,THEMEWI,THEFRJE,JANEAJA,THEBEZO,LOGICAP,THE13JA,WHATMCH,EMERGKE,WATERMA,BORNINO,CANYOLI,BORNIJD,AMERIVI,WATERJO,THEOLLU,ALIFERO,TRAVERY,ANECHDI,THEBEHA,RACINDA,ONTHEJE,THEMEHE,ONTHEIL,THEBEGR,RETRISH,CENTECY,THEBEMI,THE39AN,CATONTE,ONTHESE,SEPARVI,LAWESLO,TRAVEJA,CLEOPST,ONTHERI,FROMTEL,OLDFIJA,ONTHEPA,BONHOER,THEMEST,THEBEVA,ONTHENE,THEMERO,TREASNI,MICHAAL,AMERICR,THEHYLI,MOMOMI,TREASRO,ICONTED,UPROONA,THESYPL,UNWINNE,THESYVI,BABYSAN,NORTHJA,MODELMA,BUTTEDO,DARKSSH,LORDSLI,AMERIPH,WATERDA,WATERCH,MICHATI,ENDYMDA,AMERIMI,DARKSPA,SKELLDA,DIRTYRO,SIXNORI,DOGTRJA,SOGOOCA,UNWEARI,FORWAIS,PASSAJO,CHOSESU,SERIOJE,THETHGA,BEFORJO,THETHMA,FOURBJA,THETHLO,ARCTIBA,TOTHEJI,CASTIEL,WYTCHSC,AMUSINE,SIXPINA,ONLYTJE,BEFORAN,AMYROMO,THETHRA,FERALGE,FALLFSA,SAVAGKE,PLATOPL,THETHVI,LONELMA,THEBUDA,BELLELE,ORIGIJD,THERAVI,DARKTST,INSIDTH,THERASU,CUJOST,THEKNGE,IMOKYTH,DRAWIMA,BEFORRI,THETHAM,FINALGR,THETHAD,MARVEST,FIREAJU,THETHDI,POSTCPA,MARKEPH,BACHERO,THETHCH,FARFRAN,LEVIATH,LIESMI,AKESTBA,10HAPDA,PHANTJO,THETIMI,PHANTTE,HELIURU,THETIRO,THETITH,LEVIAJA,CURREJA,VOXCH,STARGJE,BRIANBR,WRITTAN,ABREADI,RUNNILE,ELIZAEL,ELIZAEM,WRITTDI,THEVODE,ISTHADA,RUNNIMI,IMISSCA,TWOYERI,THEMUOR,RUNNIAU,RUNNICH,PALEBCA,IAMAMST,AUSCHMI,THEBUSA,THEVOKI,HEATRRI,CODEXLU,WHATIAD,ACQUADO,TEAMODO,REASOWI,REDLINO,STARDNE,BLUESAL,GENOMMA,TESLAMA,REASOJA,WHATIDA,RIDINMI,THEDYDE,BOYANRO,CLAUDDO,THEBRAS,MORTADE,SEAOFLA,WHATIRI,THETETI,MERCHNA,ARULELO,MORTACH,VENETGE,JEMIMJA,WHATIOP,HERFEAU,WISHFCA,THEBRFY,DISGRJM,CYANIKR,EINSTWA,BADSAHA,THEBRIV,SHATTHE,SLAMDTA,LORDOSI,EMPIRSC,KAFKAHA,MYANICL,ETCHEAN,THEGAFL,THERAEN,ITSHOJA,LORDONI,NAVARLO,THERAIR,NEURODA,DARKWNO,ITSSODU,FIXHETE,OUTNA,NOCTUKA,THEDYJA,LORDOCA,TOTHEVI,TAKENLA,INCUBLA,ABADDJA,ALEXMIR,GRATIOL,LABGIHO,NEUROST,ALIASMA,HAPPIHA,DUSTHU,WHYDOBR,INFINRE,READIST,ACRACJE,BENEAJO,LAKESAN,HAROUSA,HILDALU,THEIDJU,READIMA,PANDOLI,RIVERRI,THEICPH,WHYBEJE,EMBASCH,INMYSKA,LOOKTIA,LOVEPA,NAUSEJE,THEICSE,TIMEUSH,BENEASE,FLATLED,BELLAWI,BENEAMA,BENEAMI,PRODIBA,RIVERPE,THEOVMI,READIAZ,RIVERPA,NATURPL,ALOVERO,AVIEWAR,ONEBUNA,JERUSSI,PUBLINO,NATURMA,OWLBAMA,PRODIMA,THETEDI,THETEEL,WINTEST,SIMPLSA,TOKYOFL,THETEJE,NATURCH,CASINIA,SIMPLKI,SIMPLMI,SACRECH,BARREDA,SOMEDLA,APEANAL,TWISTMA,SIMPLCA,FRIDACH,TOOTHIA,RIGHTTH,FLIPPWE,FACELHE,TWISTST,WINTEGA,JUSTAAL,NATURSU,THANKJA,THANKJD,WINTEHA,MOLESGE,SACREAL,FRIDAHG,NATURRO,PERSEJA,TIMETRO,FRANNJD,MAKEWRO,THEOTSA,PROOFEB,ONETHAN,HOPEIMI,SALTSMI,SIXYEHA,THEOTUR,KIMRU,FIREKR,CLIFFNO,TORMELA,CONSIIA,THETALI,ISTANOR,TRADIRI,TIMESDE,MISQUBA,JONNYJO,THETASA,GODEMFR,THETAWI,WHATELI,THETAVI,BROKETA,CASTLRO,SOVERCJ,THEBOJI,BROKERI,FALLIMO,SALTTRU,THEMOJA,THEBOOS,AROOMEM,JUSTBMA,THEVIGA,THEBONO,THEBOMR,THEBOTA,THEMOSC,THEKIMI,FALLITE,FLIRTLA,THEMOTO,NOMERSH,THE80RI,THISIJU,MOMENJA,FOREVTI,THEKILA,EXODULE,THEMORE,WALKIJO,RESILER,WALKIJA,THEBOVI,BROKEEL,CASTLDI,THEMOWA,THEICJO,WALKIHE,THEKIPH,THEKIPA,THEDUAN,POPGOJA,OFHUMWS,THEOUCO,JFKANJA,CARPETE,THEBOCL,THEBODI,ISGODPA,THEMOBI,SECURBE,THEBOBI,THEMOAS,REVOLRI,300FR,IFTHIPR,MYLESKA,HEARIDA,THEDUMI,THEMOER,THEBOFR,THEDAJE,GODSPJA,MYTHORO,PLANEST,SJJ,MOUNTTR,INSEAJO,THEDALI,HALTSJO,JUDGEJO,COLUMDA,BALKARO,OURSOKE,THEDAPH,THEDAPE,ALLTOCH,ONEMAMI,ASTRAOR,ACLOCAN,PLANEMI,WINDSAN,THEDAWA,INASUBI,GOODCGA,STORMJO,LULLALA,THESNAL,AHISTTO,ANIDEOS,LIFEWCH,HOWLKAL,LOVEWGL,MURDEJO,DIFFEST,ASTRASH,LIFEWNI,KRISJKR,BATTLWI,MURDERO,TOUCHMA,ROBINDA,ABRIEMI,BATTLKO,HOMERGW,PARALMI,ONEOFKA,BOUNDCH,UPONTSH,TOUCHCL,THEOBNO,ASANDAL,LASTAJO,BATTLAM,POSTMPA,GUIDECA,BORNWJE,GOODBCH,BOUNDJE,PLAYDHA,THEHOEL,THESOCW,AHISTKA,YESMADA,IMWATKA,KARATGI,MOUNTRO,THIRTST,SCREESY,THEFELO,WHENYDA,WICKEGE,THEFEJR,MAKINTE,WHYZERO,MAKINTH,LEARNBR,STALKKE,MYCELPA,AMEMORO,THESKAN,ANIMAJE,CROSSWA,ATHEOJO,ANANTOL,THEFEAN,ANIMAIN,HOWNOHO,CROSSRO,FLATENI,IAMASDO,MOUSEDA,BEHOLMI,GEORGLU,THEFEBI,DEPRESA,THEFEBE,CATHERO,MAPSOJO,SHEPHTE,BUDDHTI,LOVEYRO,LEARNJO,MOBYDHE,RIVERBE,BADLULE,AMAPOAN,RELATAL,ISPYAJE,FOUCAUM,MARYSMA,WAITIJM,YOURINE,EASTOJO,TIMBUPA,THESMAM,KNOWIJI,BORNTLY,BORNTMA,THESLDA,LASTCDO,GIRLIKI,SPIRIIN,COSMORI,PERFEKA,OLDSCJE,MAKINJE,PERFEJA,TIMBUTI,HAVENMA,PERFESH,HELMERO,MAKINSI,WORTHLE,BORNTMI,WORTHLI,SADGILA,THESILA,THESILO,THESILE,THESIRI,CRUELVI,THEHIRI,WITCHJU,WITCHLI,THESIVI,SINUNLA,THEHITH,THEHITO,FURYSKA,JANETJA,TREACJD,THEUPAL,WITCHAN,THEUPBE,STALIAN,DIFFIDO,OURMAGR,ALLIKCA,THESIAS,THELUMA,THEJOMI,THELUPH,THEHIDA,REPLAKE,THEHIJI,THEHIJU,CALLFJO,THEJOPE,QUIETDE,THESIJU,OURMAMA,OURBAMI,THESIHE,FREEDLA,GUNNIJO,SELECEE,STORITO,GENIUJA,ARTEMAN,ELVISPR,SELECEM,WAYSOJO,AWORKCO,CIENAGA,ANNEFAN,ROOFTKA,KIRAKCY,ASENTLA,VENDEJD,MAYBELO,SNUFFTE,PREDIDA,PLAGUMI,INREAJO,DAYSOLA,HOWANPE,SATURIA,PLAYIDW,STORITE,HEREIEB,PLAYIDE,ONEFIDR,INSIGSA,DINOTJA,MINISSO,LETSEDA,INREACO,TINKEPA,DONOHHE,THEFACO,THEFAHE,ONEDAAL,THEFAFA,FATHERO,PANDELA,TUCKENA,WHENTSU,FOURQTS,WHENTTE,ZEITODA,IFWEWML,EXPLOJA,ONEDAJO,THIEFTE,FOUNDPE,ALEXAJU,PROMIBR,LOSTLMI,CHRONGL,THEASJA,FROGSAR,ABENDNI,INADARU,THEASNI,CHRONBO,PROMIJD,PARADJU,THEUNRO,THEUNRI,THEATWI,SEEMENI,THEUNOL,LITTLMI,DECEPJE,THEUNSY,THEUNST,THEUNSO,FREEFJU,YOURMVI,ROUNDTO,YOUCAKA,THEAUBA,ADEATDA,DANDERA,ONKILDA,THESHRY,LITTLEM,AWANTLE,TEMPTLI,MOTHEKA,TELLNHA,SPEAKOR,THE6TJA,GIVEAAD,THEFASA,GIRLMSO,THEATKA,THEUNCG,THEUNCA,SPEAKVL,CRUELRO,THESHCA,JULIUWI,UPFROJE,THESHDA,THEUNGU,MUKIWPE,THEUNGE,FINNFTO,LIFETDO,THEUNMO,ALLMYAV,ALLMYAR,LIFETDI,LACANLA,UTOPIRU,THESHEL,ADUKEEL,BURYMDE,ILLUMAM,FANTASH,WARRIPA,SURVIJD,PEACELA,ESSAYAL,ESSAYAR,NOPLAGL,FANTAST,ONBECGA,STARWJA,SURVILE,SURVIMI,THEHUVI,THEDIJU,ALMOSJU,THEHUTO,FATESIL,INNOCJD,GODSGJA,SURVIPR,THESUTE,CREATCH,CREATDE,EMOTIGU,THEFORI,THEFORU,MOMMYTO,ROCKEHO,THEFOSC,MANGAHI,IHADTDR,ALMOSSA,PSYCHWI,THEDISE,FRENCEL,INNOCCA,CRYOFMA,CREATJO,FEELIDA,FATESLA,FANTAJD,THEDIWI,BORNODA,CREATPA,TAOOFBR,TOMORJO,CAMERRO,WITNEJD,CONCEWA,CREATRO,LIFEKE,PARADDU,ILLFATO,HOWLAAL,VERYGJK,HUNGEKN,DRIVELA,EMOTITR,THESWRO,APRIMRO,THEMECY,THEMECL,ITSKINE,THEMEAR,THEMEAL,THESWST,THEMEAM,EUCLIEU,THEMEBE,ANDTHNI,JOYLAST,AIRBOCH,LOSTIJA,MISSIDA,DARETBR,ILLUMMA,MYHORCH,NOWMO,WHENTPA,DEEPELA,LOSTIEV,CRAVEJR,ICESTMA,ATTACBI,CONNEED,THESWDO,MRSTIDA,TRANSVI,HERESMH,STAYIDE,THEMANE,YOURBJO,EVERYCE,CALLIAR,NEVERJE,THESTAX,BROCACA,EVERYDE,THESTGR,CALLIHE,BENJAWA,THESTER,THEBARO,THEMASI,WAGINNE,THEMASE,THEMARU,THESTKE,EVERYMO,THESTLU,HOMEFKA,NEVERRA,YOURBBE,THESTJI,DAUGHLA,EVERYLI,EVERYLO,DAUGHJU,UNFILLI,HIDEAIA,TRULYLI,THESTMU,WEWERHA,THEBAAN,BITCHKE,CHASIJA,EVERYTE,IFEELNO,ONINTJE,ANOTHCA,DAUGHRA,AQUICLY,DOYOUJO,ASEASTI,MTRAIPA,THEBAEU,THEMAEA,STAYINE,MYDRUHA,THEBAJU,THESUEL,MUHAMMA,SPIRAKA,FAIRYMA,MUHAMMI,5CENTMA,THEFOCL,THEFOCS,THEFOAY,CELEBRI,JAVASDA,ELEMERO,HEAVICH,THEFOGU,THEDICA,CAPTIVA,THEDIBR,THESUKA,ARGUACH,THEFOEN,THEFOEM,THEHUMA,THEFOGE,THEHULU,ITSTADA,THEDIGA,SMOKENE,THEDIDO,CAPTISY,THESTSY,MYGRARA,THESTSE,TRACTLU,ALLTHCA,BURNMA,LOSTGAN,UNFINJR,POSTWTO,AMILLDO,FLIGHDA,DEFINCH,THESUAL,CELEBJD,TREEAJR,LADYAMA,THESUAN,ALLTHJE,AMILLJA,HEAVESH,ANUNQKA,AYEARPE,DEEPKKR,STYXXSH,XENOCOR,PERDICH,AYEARRA,MINIMJO,BORNSWE,SUCCENA,DRPITRI,IMITAJD,SIMULJE,BORNSST,LUNCHEL,CORDUDO,INDULJD,THEFLBE,THEFLCH,SISTERO,SISTERA,AUTHEMA,PURITJD,ABSOLAN,KINDROC,EMILYPE,ISLANJO,THINKAV,SOLANIN,INFERAN,THEDEAM,2001AAR,AFTERLE,UNCLEHA,THUNDNE,MOLECBR,LYINGLI,BURNICH,THEDEKE,ITCANSI,APORTJA,AFTERTA,PERSULE,STARSRO,EARTHCA,HEAVENO,BURNIGE,VICIOTE,SOMETBI,WITMA,ASTROAL,COOLMI,ELEVAST,YOURGMA,STARTKA,ONWRIWI,AZOOIGE,SWEETIA,DUMBIJO,HOUSERO,NETHEJO,MIXITHE,ALITTFR,BURNIWI,ALITTHA,ISLAMMA,STARTBL,MISSNHA,MYFRIJA,SOMETRA,WIRESMA,WARISSM,GODANJO,THEOFCA,DEPROOS,THEFLKA,WHENPDA,TRASHAN,SHANTGR,SECONIS,ASTRONE,TESTAVE,LETYOPA,ALITTNI,MYDADCA,PRAYEJA,CHASETY,THESOYU,ASHEPWP,MATERPE,RESONNA,FIRSTST,TWOBRBE,BOYMEDA,WHITETR,WHITERO,CALAMBR,YOURFJO,BOYSWJE,CRYSTKA,WHITEZA,IHAVEHA,SOMUCAN,DELUSJD,THEFIEL,THEHOKA,THEHOHA,IHAVELI,ERAKSJO,CRAZYKE,THEFIHE,LIFELMI,THEFIGU,PATTHDO,ANILSMI,ALICEAL,THESOKR,THESOKA,THEFIGA,THEFILY,SEARCDO,HOUSEAN,THEHOPE,AMINOHO,HOUSEDI,ALICEJO,TAKINTO,SEARCRA,AFTERHA,ONESUBI,ARABIWI,HUNTIPA,ONESUDA,POSITAL,YOUREDA,AFTEREV,YOUGECH,LABYRJO,THESPKA,EXITWMO,DICTIJO,WEAPOJO,THESPPE,GENGHJA,THESPST,SMOKIJA,THEODJA,CLAIMKA,GMORNLI,PARISGR,2NDCHJA,COUNTTI,GARLIRU,THENOGE,THECOGO,THECOGR,THECOME,SONOFGR,THEWIEM,GLASSLO,THECONA,THEYOMA,THEWIFI,THEWICY,PRACTAL,THELIDI,WHYLOSU,INHERTH,MYPLASA,THELIJI,THEWIJU,THECORA,COVETJR,PARISAD,THEWIGR,MEANSRO,THEYOSW,THEWINO,THEWILF,THENORO,ASHESLA,FINGESA,THECOTS,FAEFEKA,THELIML,THENOSA,11226ST,LASTSDE,BANKEMU,GLASSVI,LASTSCH,COUNTCO,THEWHTI,THEPUCH,BONECPA,AFATALO,FINGEJA,ISHPE,WHOEVME,DISSOCJ,OEDIPSO,THEWHWI,PATTEWI,TEACHAN,SONOFMO,THECODE,LOVEFOS,ISITJMI,CLOSETO,CHARLCH,THRIVAR,MEDITAN,HOOKENI,ASIWALA,BOOKOLE,UNITETA,UNITEPI,INEURGE,CHOKECH,TOTTOTE,LEANSMI,ASILAWI,MEETMLI,ANILLCA,CLOSECA,DESIGJO,MEETMJE,THECOWA,THECOWB,PARISST,SPOOKMI,TEARSNO,THEWITO,THEWITI,THELITI,BETTEGR,FIRSTER,THEEVJE,FIRSTGE,WHITEBR,WHITECA,THEEVGK,WEWISPH,THEEVMI,BOOKOAL,HOWIRFR,IRONKPA,WHITEIL,CLOSEPA,STEPSGR,RUNBANI,WHENHBI,GREENKI,FATEIER,BRIGHGR,ECHOBLE,PLANTRI,SKYBUXI,THEESPA,ITGETSH,FIVEPAN,SPIESMI,BILLIDA,THEESTH,BILLICA,NOMORRO,GREENER,BRIGHEL,ESSENDI,THEJAEL,HENRYBR,LOVEHAT,CRADLWI,FIGHTMA,DEADECH,WHENHST,INTROTH,ESSENGR,DRAMARA,THEAFLE,ESSENMI,MEDITRO,REACHHE,AFRACST,TIGEROT,LONDOPA,ILETYCL,REACHAL,LEFTFBE,DIVERKE,HOWTOGA,COLLETE,NEWYOME,ARABEGE,NEWYOJD,THEWHCA,THEWHAR,WEDIEDA,TEACHWA,ANATUDI,RACHEMA,MONKEJU,HIGHRJG,THEWHMI,LOVEICH,COLLEPH,HOWTOUM,PATTECH,DESTIMI,WEHAVJO,HOWTORE,HOWTORI,COLLEJE,THEAGTH,LOVEILI,DESTIJO,THEAGRA,UZUMAJU,THEAGRI,KINGARO,LOVEIRO,THEJARO,ILLUSRI,BROWNBI,REVANDR,MORALAL,USERNJO,LETMERO,SHADOLE,ELEANGA,THEWEAN,THEWEBR,ELEANAL,IHATEJE,SOUTHER,WHEELAN,THEWECS,THEWECH,COMPLME,STORYGE,THEADMI,NOTESGE,IHATESH,LASTWGE,ANYBOMA,COMPLED,COMPLAT,STORYLA,COMPLAN,COMPLAR,HOLYCSA,ACCEPJE,MAGPIAN,REMEMSO,AUTOBAN,RUSHMA,WHOLETC,SAYYOMI,THEPRHA,CARSIJO,THREEJD,THREEKE,BEAUTDA,THECLAL,ARCHIER,WHENGER,THECLED,THEPRJA,MOREWJE,REDRIPI,ADOLFSP,HALFWJE,AREYOJU,BEAUTLI,AFIELRE,THEPRSI,THEPRSN,FISHILY,THEWEJE,MY60MBO,WHENGRO,BEAUTSU,DOGDAJE,THEWENI,DREADRO,BEGINJE,BEGINJA,THELEPE,BEAUTRO,NOCOUCO,HILLBJD,ITSNOLA,AFINERO,GOODNJE,SHTMYJU,OBSESHE,PRIDEAN,INCOGDA,THEPRCS,ASTERDA,GOODNMI,TIKKIAR,LITERJO,THEGUHU,THEABSH,THERUFR,YEAGECH,SHAKEBI,POLICJO,NECROHP,THEPODE,WHYNOMI,THERUKA,SHAKECA,STOLEJA,CLASSJU,THENIEL,REBELRO,THECICH,WONDEST,THENICA,THEPONA,DEMOCAL,THECIJE,SAPPHIL,THEGUSH,JOSHACH,FIVELAG,THEACBE,THEACAN,LOVELLU,BANDOST,THEENRE,THECHJE,THEABCS,WEYE,SHAKERO,MRMERST,STEELBR,THE26AN,ARTIFMA,THECHTC,REBELAL,THERUDA,THEGUCA,ONEWISY,THEGUDA,BREAKPE,FREEWSA,REMEMLE,DEFENWI,IMPERVL,HOMECKA,WORLDRO,JULIEJU,BREAKST,IMPERRO,UNDERHA,REAPTKA,DEADICH,WORLDNE,IMPERMA,UNDERAL,LINKEAL,TENTIKA,RISEOMA,BREAKKU,LOVEMLA,THEPORH,THEPORF,CODECST,UNDERTH,THEPOPA,THEPOPE,UNDERSE,AGAINPE,UNDERSH,THENIKR,DOWNASE,COLLIST,HERBOCA,BREAKGE,UNIVEWI,UNDERLY,IMASTBI,WONDEDA,UNDERLO,UNDERJU,WHYEVJE,THEEPAN,UNDERPA,ATTHEMA,AGAINLI,ILLBEKE,WILDFDR,THESECL,KONTITH,THEHEKI,THESEJM,WILDFIL,THESEGE,THESENI,NOEASMA,ADISTBA,MORETPA,FLOWEJE,SPUTNHA,THESELI,THESERA,GUILTLA,MORETJO,THEHERO,THEHESU,AVENEDO,WHENBHA,AWRITVA,UNTILJI,DANIEJA,WEARESH,HOUNDKE,HINDSHA,LUCIFMI,THEHEBR,THESEAR,SNOWFJA,WHENBEL,ITSCAGR,HOWMUDA,MYSTOMA,KILLAAN,COMEAEM,HOWTHST,GIRLSRA,TOMSMPH,ONEUPPE,HACKEPA,SMALLLO,HAGSEMA,KASPAMI,BESTSJO,HACKEST,IRONCRI,EATTOJO,SORCEMA,INVISCH,LAWOFMI,THESEVA,THEAREL,AMURDJO,GIOVAJA,CEREMJD,THEARHE,THEARGE,CANDYLU,BREADMA,THEULDO,THEWRJE,ILLBEMI,TWOFOJA,NUTRIWE,THEARNO,THEWRMA,LOVEPDA,THEWOLA,THECURO,SEVENCO,DESCAAN,THEWOLO,THEWOLF,THEWOSH,THELOSO,THEWORU,THELOSI,THEWOPE,THELOPE,THESCKI,FIGURMA,THELOTR,LIVEAIA,INTERJE,LOVEPPA,VALUEAL,INTERDA,SUPERGR,SUPERKA,SUPERJO,INTERER,GOSSAGA,VALUEBR,MAOSLLI,REVELCJ,SUPERLA,REVELAL,KINGHWI,ONESISH,THECUCL,THEWOAP,HOWTHDR,SUPERPA,COMINGE,REWIRJO,LIVINKE,FIGURAN,MODOCRA,BLAZENA,LESSOJE,THEWOCH,DYNASDR,THELODR,LIVINCH,SEVENRA,REAPEST,GONEMI,LIVINBE,GOODMBE,WILDEDA,WIREDST,SENTIJE,ONGUAWI,IAMIAMA,DESIRJO,LADYSJA,NEWSETH,SHAHORY,ZENINJO,RUBICTO,UNRELCL,365DARJ,ORTHOGK,ONESHLE,KISSONA,DEADLRI,RAPTULA,BOYOVMO,THESCPH,THESCPA,SKINNRO,SNOWIKA,GLORYJD,THENMO,ATALEAM,PEOPLTO,LOVERCE,NORWEHA,THEAMJA,THESAAB,COMEDPA,BOOKLDE,SKINTLA,THEAMTR,BLEAKCH,THESACL,FENCECS,DREAMJU,YEARONO,THESADO,MINDOBE,DREAMKR,THEHAIA,GOINGLA,WILDAJO,GOINGMA,CULTUED,CULTUCL,HEALYLO,ECLIPST,SECRELI,BLAMETS,GOINGTE,GENEREV,MOABIST,THENSLI,BORDEPE,GETMERA,BAYOUIL,THEANLU,IAMOZOZ,THEANLE,NARCILA,NATIOLE,THEANRO,IRONGPI,ASSASTI,FUTURPA,SHADEKA,THEANSH,MANHOST,SCIENVL,GIRLWRA,COMPEJA,SINSOSH,GULAGAN,ANUTTJO,ELAMOGA,WEBOUBE,GHOSTST,IAMTHMA,GOMORRO,THESAMI,INFLURO,DONTSDA,THESASA,THESAVI,THEANDO,JRRTOJR,MORNIPI,ANICECH,GHOSTRA,WAYWARA,MISERST,VANISDA,FIVECEN,PYONGGU,IPARTAL,BEHINSA,HAVINJO,MUCHLMA,THEJEJU,THEJEJA,WAYWABL,REINVJE,FRESHME,WEDDISO,HOWILME,HABIBCR,ADRIFST,SCIENMA,THIRDDA,FUTURAL,SCIENPE,GESTAFR,EACHPJA,SCIENBI,MARCHRU,MARABIR,MARCHPH,BRITAAL,THEALGE,SUCCUSA,VANITGR,THEALMA,LEANMJA,THECRRI,FULLDST,SILVEPA,EXPERHE,GIRLULA,ANATHNE,THEJEPH,THEEXDI,BETRAJD,DASHLRA,UNNATNE,BURYYLO,GODSUJO,THEALBE,KISSTJA,THEALAN,BEHINBA,THECRKI,THECRJO,THOSEEL,THEALDE,THEALCH,SHIPOGA,VIOLEJA,JEWELNO,WHERERI,WHERERU,WHERESH,AWAKEOL,MANAGJO,ZEUSGCO,SEALTHO,HERDISA,DUBLIJA,SCANDLI,BLUELMA,FRINDAN,ONETWGE,BLUEMKI,LETTESA,TRAINIR,RHETTRH,LETTEMI,JESUSRA,KINGOHE,AWAKEAN,SLEEPST,SLEEPSY,KILLIMA,THEEDFO,RIPLERI,STRUCHA,GREATNI,GREATMA,REDMEJO,CHINAKE,SIXEARI,GREATJE,JESUSJO,JESUSJU,KRAKASI,WARSE,TALESMI,THEPENI,THEPENO,INTUIOS,LIFE3MA,WALLBAL,THETRAL,CHINADA,MRBRODR,TALESUR,THETRDA,MOONWMI,THEPEXE,INBEDMA,LETTEJE,MIRACCS,CARELPE,MIRACCH,THEPETO,ACHARCH,ESIOTRO,HERORH,MEDICJA,THEIRIR,MRSDAVI,THETRGE,SOULEAT,NAKEDJD,CHAOSJD,THEPEBR,THEPEBE,NIGHTST,BLUENJO,SEEROJU,TANGLNA,KINGPKE,KABULDE,THISWTA,ALIVEPI,REGARSU,BIGGERI,TALESAR,THEPEJI,JOHNDDA,CASPESU,GRIEFMA,THEINTR,NIGHTER,APEOPOR,ISHALIZ,ESCAPCH,TANGLJE,MESSILU,PAPILHE,NAKEDRI,MISTRRA,NIGHTKR,NIGHTLE,HEARTLO,CHAMPMA,THEINER,MANYLBR,THE5TJA,TURTLJO,THISTHA,TRICKVA,THEINJA,BOYERGA,FROZEME,WESLEST,AGUIDWI,THEINHA,THEINLY,THEINLA,FROZEAL,ONEGOKA,PHILIPH,HESJUGR,BRAINJE,ECSTALA,THERIVI,THEGIVI,LANDSMI,DESCHIV,PATHSRA,LOOKMJO,HENRIHE,PATHSJE,THERIWG,CRIMEGE,THROUEM,BILLYGI,FILTHIR,THEGIAM,DEADUCH,WHEREAN,HELLBJA,WHERECA,THEGIEM,METAPGE,WHEREER,MADNEMI,THEGIHY,THERIJA,MOMMAIR,THEGIGA,HANSENE,OPENVED,THERIGA,ATHOMBI,THEGIMR,ESCAPME,THEGIKI,THERIJU,THERIJE,IFIWAME,ALWAYJE,MARKIEL,FINDIRI,AUSTEWG,POSSEHE,GUNMEIL,CHURCGI,FROSTRI,THEILST,ALONGLI,MINDFMA,FINDIKA,THEMYFR,FRIENLA,AQUARDA,KINGSCS,THEMYJU,HOTELKA,ASKYOSO,ABOOKSA,KINGSNI,ICEDKA,THEILAN,ADULTSA,CHEAPFR,NOWWEAA,THEILBR,THEKRJO,REVIVST,ABOOKCZ,THEILJA,KINGSVI,ATMYMPA,HITCHCH,ABUNDPE,VIRGICA,LAKEISA,HITCHFR,THEIMTH,SUGARBE,AMADEPE,ARCADTO,HEARTCJ,THEPAMI,MAYAAMA,IVEGOSO,VERONPA,BRINGDO,MAGICAL,ISHALTE,GRAVEJI,DOMAIER,THEMYTH,THEIMHA,KRAKECH,DEADWER,MAGICDA,NLPWOJO,THEIMKA,WHYNADA,THEIMIA,THEIMJI,THEIMJO,ANOFFRO,THEEAAL,MAGICMI,THISSJE,REUNIJD,MYWICER,NOSHOED,POLITJA,FROMDCH,IMMORJD,DEATHSE,BRAVOAN,VIPERCH,POLITAR,MERMALE,FORTHSU,FORTHPA,LETTHJO,EMPERMA,UBIKPH,INCIDHA,NOTHIJU,BITTEMI,BITTELA,WINNIJA,NOTHILE,DEATHCA,FIRETPA,DEATHDE,CIVILHE,LOOKILA,DEVILST,SALVAJD,AUGGIRJ,THEGEJA,IDREAKU,BACKTJE,ROMANPL,HITLEJA,REDQUVI,DESERWA,ENDURIA,THEREJI,AHATFTE,APATTCH,NOTHIRA,BARBABR,CASEHKA,THEREVA,SLADEDA,ECHOPMI,FORTHWA,MYLIFJU,MYLIFHU,CITIZCL,HEATWRI,SEDUCJD,QUEENST,DESERED,THEGEER,SEDUCMA,HOLIDDA,THEREER,THEGEFR,QUEENPE,THEGECA,SEDUCLI,AWOMAAN,BLOODNO,IWASHGA,BLOODNI,AFRIENU,4THOFJA,BLOODPA,BLOODPE,ABEARMI,RAISICH,MARRILI,CHILDNI,POEMSCH,BLOODJI,LOTHAKR,CHILDAD,CHILDAN,BLOODEL,ANGELST,CHILDGR,JACKAJA,THEPLLO,THEELKI,THEELKE,THEGRRI,BREATTI,JUSTLJU,THEGRRE,THEGRRA,THEELRU,MOONPPA,CARESNA,DAWNOSA,EATLIKR,IMWITPA,3096DNA,ANGELJO,CARRYRA,ANGELDI,HAPPYJA,SEIZESH,ULTRADE,UNSCRMJ,BABYLLA,THEWAPE,ITSAMBI,BETWERU,JUSTMBR,FOOLENA,IDONTNO,THEWATO,THEWATI,THEENCA,THEWATH,BABYLRO,THELAUR,THECHCJ,YOUARTH,THEENFR,BETWEJO,THEABAG,TOPGICA,THEENMA,AHIGHAD,THEENLA,POEMSMA,YOUARKA,FEVERNI,THELAFI,NAPOLPE,SIZZLJU,AGELEDE,THEEMRY,THELAFA,THEWAEM,CALIBSI,THEWAGE,JUSTMSI,FULLTDE,THEEMRO,EDIBLDA,HPLOVHP,THELAES,WITHTEU,YOUARGI,ANAMETA,THEEMWG,REDSPJA,KNIFERO,AHIGHMC,POWERJA,FEVERMA,CHARCJA,POWERDA,THEWANI,DANCEHA,CALIBJA,THEWALI,BABYLJA,OFFICPE,EXCESIA,STEALAU,HOLDITI,THETWJU,INORDYE,DARKEEL,BRAIDRO,FEVERVA,THENEAR,THENEAL,FROMHAL,THE48RO,ITSNOSI,FORREWI,JOURNJU,ANIGHJU,MARINCH,JOURNLO,JOURNKU,NOTWIBE,JOURNKE,VISIOJD,NICEITH,BETWEAR,PRESCPH,ANAZOBE,JOURNMI,NONVIMA,ARMADER,DIRTMTI,DEARFDA,DARKFCJ,BATMASE,COMMIEL,BIOCERO,MOSTLDO,VISIONA,SETHSJA,MRNICHO,SCULPAN,SHELTKA,THENEVI,TWENTSO,THECEST,THENESC,DARKFKA,CHICKRO,THENEST,HAPPYLO,THEGRAM,THEGRFR,THEPLAL,REWORJA,BATMANE,POSSUME,ATHOUGI,POISOMA,BATMAAL,JOURNCA,BATMADO,BATMAED,JOURNEV,IFYOUSH,THEPLIA,DRESSDA,THEELGR,DAMAGCA,THEYEAN,BLOODDI,THEYEAJ,TWENTAN,CHICKBI,DARKFTI,WOKENRI,BLINDPE,ABOUTJU,XMENDCH,FINDEST,THENEGE,CRUSHRI,ADVENWI,CHILDTH,THENEME,CAPSFES,IFYOUAN,THENEKE,MYUNCRO,LOVEACH,GAIASTO,HOWSUJO,PIANOHA,THEPHRU,BEATIPE,MODERCG,ADANGKE,MASTEEL,GIFTEBE,WILLIST,NOEXIJE,GUINNCR,WITHOJO,PIHKAAL,THEGOCO,AHOUSAM,REVEAKA,DIGITRY,THEGOFR,WITHOCO,THEGOHA,IMYOUSY,GARDESA,NEITHBI,BEYONDI,12WAYTO,REDMAKI,DISPAMI,THEPHMA,THEPHMI,THEPHLA,BEYONRA,TRICKJI,PALACJA,PIMPTIC,CHINEAD,WASHIHE,BEYONAN,LANDLRA,THEROMI,THEGOKI,THEEIEL,THEROJE,THEPIEL,THEGOLP,HEALIJA,23THIHA,ASEPACA,THEROTU,HEALIPA,UNBOUNE,THERORU,THEGOTR,WITHOWO,THEROSO,THEPISE,THEPITE,FRAGIST,HOWFUTO,TIAMAJA,WITHOSU,BEINGAN,ATFIRNI,THEEFPE,SURPRCS,WHYTHMI,MAPPIJA,ANENQDA,WICCASC,BECOMJO,BECOMKE,VENGEJD,BIGMUSA,ONBULHA,WHYTHRI,ACTLIST,RUTHLCH,THEIRMI,IMAGIJO,CANDIVO,SURPRSO,THETRPL,LOVEDBO,FASTFER,THETRTO,BEINGMA,AHEARDA,INTHEWA,THETRRI,THETRSU,THEIRTE,MYPOIEL,AFFINSA,THEGLSI,INTHEST,PLEASKR,PLEASLE,PLEASLA,THENALU,THENALO,THENANA,THECALO,SLASHSL,SNIPEDA,THENAKI,INTHEHA,COMMOPH,INTHEHE,WEIRDJE,MOTORKR,BEHERRA,GWEILMA,THENAUM,INTHEDO,2666RO,SUMMEHA,MONEYES,INTHEER,THECASH,MONALWI,CONFUEL,THECATO,SUMMEKA,SUMMEJI,LAGLOMA,INTHEAD,MIRROLO,INTHEBH,SIXTHED,ANTIGSO,METALDA,EXISTJE,BULLELA,MONEYMI,PUCKOSP,THEEGBE,AFORTTI,ROOTSAL,WRITEHE,THECAAR,THENAAL,ONEGRJE,ITHAPLI,THEYADE,EITHESR,EASYRPE,THECAIS,THENAIS,THECAJD,THRIFMA,BIRTHTE,ZOMBIMA,BECOMDA,THECAHO","1"
"NARUTMA","70"
"PERCYRI","66"
"THECOWI","65"
"WHEREMA,THERORO","64"
"SAGAVBR,YOTSUKI","63"
"SCOTTBR,THEMARO,THEGRRO","60"
"THERAMA,FABLEBI,THEUNMI,THEMADA,THECOKA","56"
"BLACKYA","54"
"AFTERAN,HELLBMI,THELAAN,THEGRJO","50"
"THEMORO,THEMAAN,THEMAJA,THESTST,THECOMA,THESEJO,FULLMHI,BLUEEKA","48"
"THESEFR,THEENDA","45"
"SPICEIS","44"
"TINTIHE,THEREJO,FRUITNA,THELAMA","42"
"FIFTYEL,THECODA,THEWIPA,HOWTOJA,THEWOJA","40"
"THEMIJO,THEBODA,THEMARI,THEMAJO,MOOMITO,WALDEHE,THECOSA,AKIRAKA,BEAUTCH,BEAUTKA","36"
"YTHELBR,THESTMA,THEDEJA,THECOBE,THEGUAL,THESEMA","35"
"THEWODA","33"
"BLEACTI,THELIAN,THECOPA,THEPEJO","32"
"THEMIDA,THECOST,THELIMA,THEHEJO,THELOJO,THELOJA,THESANE,THEREKA","30"
"ACOURSA,FOUNDIS,NEONGYO,THEWORO,THEGRPA,THENEJO","28"
"THETABE,TOKYOSU,THESERO,THELODA","27"
"THEFAJO,THEDIDA,THEFIMI,THEPEJA","25"
