,covers_id,goodreads_id,covers_title,goodreads_title,similarity_score,covers_isbn,goodreads_isbn,is_match
0,Covers_6230,Goodreads_books_24750,Mohawk Trail,Mohawk Trail,1.0,0932379028,0932379028,True
1,Covers_2944,Goodreads_books_38818,Yours Until Dawn,Yours Until Dawn,1.0,0060513659,0060513659,True
2,Covers_7426,Goodreads_books_4086,Mating,Mating,1.0,067973709X,067973709X,True
3,Covers_1364,Goodreads_books_27302,Midnight For Charlie Bone,Midnight for Charlie Bone,1.0,0439474299,0439474299,True
4,Covers_4790,Goodreads_books_5657,The Importance Of Living,The Importance of Living,1.0,0688163521,0688163521,True
5,Covers_3592,Goodreads_books_840,Castelli Di Rabbia,Castelli di rabbia,1.0,8817106119,8817106119,True
6,Covers_8498,Goodreads_books_30202,The Rachel Papers,The Rachel Papers,1.0,0679734589,0679734589,True
7,Covers_8721,Goodreads_books_2100,This Is All I Ask,This Is All I Ask,1.0,0425180336,0425180336,True
8,Covers_4718,Goodreads_books_24052,Straw Dogs: Thoughts on Humans and Other Animals,Straw Dogs: Thoughts on Humans and Other Animals,1.0,1862075964,1862075964,True
9,Covers_7264,Goodreads_books_24139,Jumanji,Jumanji,1.0,0395304482,0395304482,True
10,Covers_5136,Goodreads_books_22756,Born to Trot,Born to Trot,1.0,0689716923,0689716923,True
11,Covers_8561,Goodreads_books_31004,The Shell Seekers,The Shell Seekers,1.0,051722285X,051722285X,True
12,Covers_6987,Goodreads_books_31080,Forrest Gump,Forrest Gump,1.0,0743453255,0743453255,True
13,Covers_8793,Goodreads_books_24097,Violation,Violation,1.0,0451179153,0451179153,True
14,Covers_3452,Goodreads_books_29112,The Golden Pine Cone,The Golden Pine Cone,1.0,1550170856,1550170856,True
15,Covers_6607,Goodreads_books_4915,Broca's Brain: Reflections on the Romance of Science,Broca's Brain: Reflections on the Romance of Science,1.0,0345336895,0345336895,True
16,Covers_3128,Goodreads_books_18057,Songs of the Gorilla Nation : My Journey Through Autism,Songs of the Gorilla Nation: My Journey Through Autism,1.0,1400050588,1400050588,True
17,Covers_7437,Goodreads_books_34758,Memories of Midnight,Memories of Midnight,1.0,0446354678,0446354678,True
18,Covers_1926,Goodreads_books_12682,Anastasia Again!,Anastasia Again!,1.0,0440400090,0440400090,True
19,Covers_7936,Goodreads_books_25771,Spencerville,Spencerville,1.0,0446515051,0446515051,True
20,Covers_2870,Goodreads_books_6459,Handling Sin,Handling Sin,1.0,1570717567,1570717567,True
21,Covers_5262,Goodreads_books_36303,Joust (Joust),Joust,1.0,0756401534,0756401534,True
22,Covers_7452,Goodreads_books_22025,Midnight All Day,Midnight all Day,1.0,0571194567,0571194567,True
23,Covers_7751,Goodreads_books_36801,Red Rabbit,Red Rabbit,1.0,0399148701,0399148701,True
24,Covers_3687,Goodreads_books_9652,Lady Boss,Lady Boss,1.0,0671023470,0671023470,True
25,Covers_7176,Goodreads_books_37778,I Know What You Did Last Summer,I Know What You Did Last Summer,1.0,0440228441,0440228441,True
26,Covers_1711,Goodreads_books_19099,The Collection,The Collection,1.0,0451206096,0451206096,True
27,Covers_7469,Goodreads_books_34618,Moll Flanders,Moll Flanders,1.0,1853260738,1853260738,True
28,Covers_8786,Goodreads_books_32997,Valis,VALIS,1.0,0679734465,0679734465,True
29,Covers_7755,Goodreads_books_2534,Redemption,Redemption,1.0,0842356223,0842356223,True
30,Covers_1338,Goodreads_books_19040,Taming Rafe,Taming Rafe,1.0,0380798867,0380798867,True
31,Covers_4953,Goodreads_books_38904,Now Wait for Last Year,Now Wait for Last Year,1.0,0679742204,0679742204,True
32,Covers_667,Goodreads_books_24135,Morgan's Run,Morgan's Run,1.0,0671024183,0671024183,True
33,Covers_4881,Goodreads_books_11686,The Age of Darkness,The Age of Darkness,1.0,1882931734,1882931734,True
34,Covers_1639,Goodreads_books_34915,Annie's Song,Annie's Song,1.0,0380779617,0380779617,True
35,Covers_8105,Goodreads_books_33355,The Borrowers,The Borrowers,1.0,0152047379,0152047379,True
36,Covers_8500,Goodreads_books_13662,The Ragwitch,The Ragwitch,1.0,0060508078,0060508078,True
37,Covers_1702,Goodreads_books_5432,Karate-Do: My Way of Life,Karate-Do: My Way of Life,1.0,0870114638,0870114638,True
38,Covers_4996,Goodreads_books_28256,One Bright Summer Morning,One Bright Summer Morning,1.0,0586025448,0586025448,True
39,Covers_1310,Goodreads_books_15356,Starbridge,StarBridge,1.0,0441783295,0441783295,True
40,Covers_5337,Goodreads_books_19848,Leonardo: The Artist and the Man,Leonardo: The Artist and the Man,1.0,0140231757,0140231757,True
41,Covers_8784,Goodreads_books_24501,Utopia,Utopia,1.0,0345455207,0345455207,True
42,Covers_7106,Goodreads_books_2865,Heartburn,Heartburn,1.0,0679767959,0679767959,True
43,Covers_6760,Goodreads_books_37254,Davita's Harp,Davita's Harp,1.0,0449911837,0449911837,True
44,Covers_8160,Goodreads_books_22281,The Color of Distance,The Color of Distance,1.0,0441006329,0441006329,True
45,Covers_5996,Goodreads_books_4693,Are You in the House Alone?,Are You in the House Alone?,1.0,0141306939,0141306939,True
46,Covers_6814,Goodreads_books_24654,Don't Fall Off the Mountain,Don't Fall Off the Mountain,1.0,0553274384,0553274384,True
47,Covers_7085,Goodreads_books_9598,Half a Life,Half a Life,1.0,037570728X,037570728X,True
48,Covers_7196,Goodreads_books_4861,If Only It Were True,If Only It Were True,1.0,0743406176,0743406176,True
49,Covers_8351,Goodreads_books_1945,The Last American Man,The Last American Man,1.0,0142002836,0142002836,True
50,Covers_2955,Goodreads_books_8016,The Big Picture: Who Killed Hollywood? and Other Essays,The Big Picture: Who Killed Hollywood? and Other Essays,1.0,1557834601,1557834601,True
51,Covers_8236,Goodreads_books_38525,The Fall of Berlin 1945,The Fall of Berlin 1945,1.0,0142002801,0142002801,True
52,Covers_2358,Goodreads_books_16395,Kirinyaga,Kirinyaga,1.0,034541702X,034541702X,True
53,Covers_2093,Goodreads_books_12658,The First American: The Life and Times of Benjamin Franklin,The First American: The Life and Times of Benjamin Franklin,1.0,0385495404,0385495404,True
54,Covers_4150,Goodreads_books_38621,La Mort est mon mÃ?Â©tier,La Mort est mon mÃ©tier,1.0,2070367894,2070367894,True
55,Covers_3981,Goodreads_books_37789,The Citadel,The Citadel,1.0,0316161837,0316161837,True
56,Covers_4535,Goodreads_books_24389,WYATT EARP: FRONTIER MARSHAL : WYATT EARP: FRONTIER MARSHAL,Wyatt Earp: Frontier Marshal,1.0,0671885375,0671885375,True
57,Covers_6807,Goodreads_books_21774,Dixie City Jam,Dixie City Jam,1.0,0786889004,0786889004,True
58,Covers_807,Goodreads_books_19220,The Return of Martin Guerre,The Return of Martin Guerre,1.0,0674766911,0674766911,True
59,Covers_4148,Goodreads_books_32450,Children of the Mind,Children of the Mind,1.0,0765304740,0765304740,True
60,Covers_4810,Goodreads_books_3764,Nova Express,Nova Express,1.0,0802133304,0802133304,True
61,Covers_7454,Goodreads_books_35244,Midnight Predator,Midnight Predator,1.0,0440237971,0440237971,True
62,Covers_8537,Goodreads_books_27276,The Russian Debutante's Handbook,The Russian Debutante's Handbook,1.0,1573229881,1573229881,True
63,Covers_8142,Goodreads_books_1383,The Children of Noisy Village,The Children of Noisy Village,1.0,014032609X,014032609X,True
64,Covers_6164,Goodreads_books_18755,The Nine Nations of North America,The Nine Nations of North America,1.0,0380578859,0380578859,True
65,Covers_1591,Goodreads_books_38959,I Have No Mouth and I Must Scream,I Have No Mouth and I Must Scream,1.0,0441363954,0441363954,True
66,Covers_3266,Goodreads_books_23165,Under the Net,Under the Net,1.0,0140014454,0140014454,True
67,Covers_8416,Goodreads_books_37841,The Mistress of Spices,The Mistress of Spices,1.0,0385482388,0385482388,True
68,Covers_2117,Goodreads_books_13800,Le Livre du voyage,Le livre du voyage,1.0,2253150185,2253150185,True
69,Covers_6651,Goodreads_books_29538,Celebrity,Celebrity,1.0,0446322164,0446322164,True
70,Covers_6653,Goodreads_books_38973,Chaos: Making a New Science,Chaos: Making a New Science,1.0,0140092501,0140092501,True
71,Covers_7335,Goodreads_books_963,Lieutenant Hornblower,Lieutenant Hornblower,1.0,0316290637,0316290637,True
72,Covers_6881,Goodreads_books_36038,Endymion,Endymion,1.0,0553572946,0553572946,True
73,Covers_1140,Goodreads_books_14866,One Stick Song,One Stick Song,1.0,1882413768,1882413768,True
74,Covers_5217,Goodreads_books_28103,Treasure of Green Knowe,Treasure of Green Knowe,1.0,0152026010,0152026010,True
75,Covers_4017,Goodreads_books_26146,Beachcomber,Beachcomber,1.0,0743453492,0743453492,True
76,Covers_690,Goodreads_books_8231,Demon Seed,Demon Seed,1.0,0425158594,0425158594,True
77,Covers_2699,Goodreads_books_29232,Why Can't a Man Be More Like a Cat?,Why Can't a Man Be More Like a Cat?,1.0,0440505828,0440505828,True
78,Covers_8892,Goodreads_books_4871,You Just Don't Understand: Women and Men in Conversation,You Just Don't Understand: Women and Men in Conversation,1.0,0060959622,0060959622,True
79,Covers_6512,Goodreads_books_15668,Beneath a Silent Moon,Beneath a Silent Moon,1.0,0066211425,0066211425,True
80,Covers_6905,Goodreads_books_37207,Fail Safe,Fail-Safe,1.0,088001654X,088001654X,True
81,Covers_7059,Goodreads_books_31971,Good in Bed,Good in Bed,1.0,0743418174,0743418174,True
82,Covers_6381,Goodreads_books_14067,After the Fire,After the Fire,1.0,044023574X,044023574X,True
83,Covers_8345,Goodreads_books_26732,The Kindness of Women,The Kindness of Women,1.0,0156471140,0156471140,True
84,Covers_1037,Goodreads_books_14242,Aristoi,Aristoi,1.0,0812514092,0812514092,True
85,Covers_8265,Goodreads_books_6339,The French Mathematician,The French Mathematician,1.0,0425172910,0425172910,True
86,Covers_2829,Goodreads_books_34704,"Walk Across America, A",A Walk Across America,1.0,006095955X,006095955X,True
87,Covers_7133,Goodreads_books_12128,Home Town,Home Town,1.0,0671785214,0671785214,True
88,Covers_5012,Goodreads_books_16375,The Quicksilver Pool,The Quicksilver Pool,1.0,006100152X,006100152X,True
89,Covers_5618,Goodreads_books_19690,The Science Fiction Century,The Science Fiction Century,1.0,0312863381,0312863381,True
90,Covers_7014,Goodreads_books_5567,Gather Together in My Name,Gather Together in My Name,1.0,0553379976,0553379976,True
91,Covers_7828,Goodreads_books_28378,Scoundrel,Scoundrel,1.0,0553569112,0553569112,True
92,Covers_6583,Goodreads_books_31555,Boy's Life,Boy's Life,1.0,0671743058,0671743058,True
93,Covers_2458,Goodreads_books_8323,Darkness Visible,Darkness Visible,1.0,0374525609,0374525609,True
94,Covers_7482,Goodreads_books_5672,Morgan's Passing,Morgan's Passing,1.0,0449911721,0449911721,True
95,Covers_2734,Goodreads_books_15402,"Wait Until Spring, Bandini","Wait Until Spring, Bandini",1.0,0876855540,0876855540,True
96,Covers_6504,Goodreads_books_26227,"Because It Is Bitter, and Because It Is My Heart","Because It Is Bitter, and Because It Is My Heart",1.0,0452265819,0452265819,True
97,Covers_6940,Goodreads_books_32434,Fever 1793,Fever 1793,1.0,0689848919,0689848919,True
98,Covers_5570,Goodreads_books_17904,Instead of Education: Ways to Help People do Things Better,Instead of Education: Ways to Help People Do Things Better,1.0,1591810094,1591810094,True
99,Covers_7989,Goodreads_books_5551,Superstition,Superstition,1.0,0446607827,0446607827,True
100,Covers_21822,Goodreads_books_14521,The Latest Herman,Out of the Night: The Memoir of Richard Julius Herman Krebs alias Jan Valtin,0.2503875868362717,0836211685,1902593863,False
101,Covers_44226,Goodreads_books_7148,Las Escritoras de La Edad Media,La Ciudad de las Esfinges,0.29170478640316877,8474237211,9706883843,False
102,Covers_44213,Goodreads_books_22213,ReiÃ?Â?t die Knospen ab...,To Die For,0.2202312292671347,3596144191,0345476255,False
103,Covers_30366,Goodreads_books_11012,Quick-Sew Celebrations: Decorative Creations for Festive Occasions from America's Top Designers (Best-Loved Designers' Collection),"An Illustrated Life: Drawing Inspiration From The Private Sketchbooks Of Artists, Illustrators And Designers",0.22671730167743334,1564772128,1600610862,False
104,Covers_16799,Goodreads_books_25073,DrÃ¡cula (ClÃ¡sicos selecciÃ³n series),The Princesse de ClÃ¨ves,0.20941778060360675,8484035832,0192837265,False
105,Covers_2649,Goodreads_books_35053,Cunningham's Encyclopedia of Magical Herbs (Llewellyn's Sourcebook Series),It's a Magical World,0.27644613776416965,0875421229,0836221362,False
106,Covers_46003,Goodreads_books_33670,"Romance of a Lifetime (Harlequin Presents Ser., No. 1468)",The Harlequin,0.25481107918619483,0373114680,0425217248,False
107,Covers_27114,Goodreads_books_16526,Die SÃ?Â¶hne der WÃ?Â¶lfin.,Das Labyrinth der WÃ¶rter,0.29079841708068277,3442453828,3455402542,False
108,Covers_47573,Goodreads_books_23563,Dealmaking in the Film &amp; Television Industry: From Negotiations to Final Contracts,Film Form: Essays In Film Theory,0.23958638619265715,1879505150,0156309203,False
109,Covers_19484,Goodreads_books_38313,Fumiers et compagnie,Et aprÃ¨s ...,0.24732657791761678,2264027894,2266145975,False
110,Covers_21850,Goodreads_books_32002,The bidders,The War of the End of the World,0.07529397754934512,0397013655,0571139612,False
111,Covers_20899,Goodreads_books_34446,De man zonder lijk,A Man,0.2978145986606245,903884901X,0671252410,False
112,Covers_16932,Goodreads_books_19084,Tumblewords: Writers Reading the West (Western Literature Series),Girl Reading,0.25978104447542955,0874172713,1844086879,False
113,Covers_15610,Goodreads_books_32935,Tipsys sonderliche Liebesgeschichte / Ja damals ... GroÃ?Â?druck.,The Emperor of Nihon-Ja,0.22142406181141078,3423251786,1741664489,False
114,Covers_47175,Goodreads_books_13954,Bevroren (Grote ABC),The ABC's of Positivity,0.2865455158750735,9029554541,173338460X,False
115,Covers_21842,Goodreads_books_27766,The Messie Motivator: New Strategies to Restoring Order in Your Life and Home (Messies Series),Restoring Grace,0.27399935618989885,0800756088,0312358776,False
116,Covers_28019,Goodreads_books_32002,The Swirling Hijaab,The War of the End of the World,0.05360852681403627,1852691190,0571139612,False
117,Covers_48696,Goodreads_books_34377,Homeopathic Medicine at Home: Natural Remedies for Everyday Ailments and Minor Injuries,The Natural,0.2444673638185814,0874771951,0374502005,False
118,Covers_44878,Goodreads_books_13074,"Mail - Order Bridegroom (Harlequin Romance, No 3361)","Snail Mail, No More",0.2888834801861243,0373033613,0439063361,False
119,Covers_30974,Goodreads_books_11395,"Positive Discipline for Preschoolers: For the Early Years-Raising Children Who Are Responsible, Respectful, and Resourceful (Developing Capable Peop)",The Raising,0.23649773609105626,1559584971,0062004786,False
120,Covers_49973,Goodreads_books_21496,Weekend Projects (Build-It-Better Yourself Woodworking Projects),The Long Weekend,0.2731421960640599,0878579419,1409135462,False
121,Covers_37894,Goodreads_books_28380,How to Quit Smoking Without Gaining Weight,Thank You for Smoking,0.29518021186884463,0393037142,0812976525,False
122,Covers_36104,Goodreads_books_17230,Les Fourmis,Les Miserables,0.2871056356677215,2253063339,190623079X,False
123,Covers_30702,Goodreads_books_28218,Overkill (An Avon Flare Book),The Book of the Book,0.21874774212320777,0380721678,090086012X,False
124,Covers_29932,Goodreads_books_14449,Unser Jahrhundert: Deutsche Schicksalstage,The Awful German Language / Die schreckliche deutsche Sprache,0.20154605415808813,3570123065,3868200398,False
125,Covers_14889,Goodreads_books_9035,"Bed, Breakfast and Bike - Northern California: A Cycling Guide to Country Inns",The Northern Girl,0.26397930362157546,0933855079,0441007279,False
126,Covers_12342,Goodreads_books_18711,Der sÃ?Â¼Ã?Â?e Duft des Blutes.,Der Duft von Erde und Zitronen,0.2963072295598386,3404149548,3421045534,False
127,Covers_40803,Goodreads_books_9865,"Tu vivras, mon fils : l'extraordinaire rÃ?Â©cit d'un rescapÃ?Â© de l'enfer khmer rouge",The Jolly Mon,0.16470606547647118,2841872580,0152405305,False
128,Covers_9639,Goodreads_books_23197,"Am SÃ?Â¼dpol denkt man, ist es heiÃ?Â?.","I Am, I Am, I Am: Seventeen Brushes With Death",0.21943228311949073,3446194436,147224074X,False
129,Covers_45443,Goodreads_books_32002,The Chisellers,The War of the End of the World,0.07529397754934512,0452281229,0571139612,False
130,Covers_22880,Goodreads_books_5368,Surprised by Truth 3: 10 More Converts Explain the Biblical and Historical Reason for Becoming Catholic,The Becoming,0.2789056017942046,1928832598,0441014569,False
131,Covers_14721,Goodreads_books_23222,Frankenstein (ClÃ¡sicos selecciÃ³n series),The Frankenstein Factory,0.29574810989463984,8484035727,0316737607,False
132,Covers_15548,Goodreads_books_26250,"Learning GNU Emacs, 2nd Edition",The Great Learning,0.2883210311667762,1565921526,1625587910,False
133,Covers_13582,Goodreads_books_5559,Great Mistakes of Civilisation: Mankind's Mistakes and Faux Pas,The Great War for Civilisation: The Conquest of the Middle East,0.256269578962709,1851492461,1400075173,False
134,Covers_10612,Goodreads_books_15520,La Republica Romana,La torre y la isla,0.2039682260829872,8420618225,8466752161,False
135,Covers_46070,Goodreads_books_8411,"Dark Mosiac (Harlequin Presents, No 1210)",The Dark,0.2941951004207196,0373112106,0316187488,False
136,Covers_42413,Goodreads_books_30219,Stolz und Stachelbeeren.,REST und HTTP,0.1725875495735156,3423085371,3898647323,False
137,Covers_26183,Goodreads_books_15583,Radiography in Veterinary Technology,The Question Concerning Technology and Other Essays,0.22393330969928052,0721675522,0061319694,False
138,Covers_49926,Goodreads_books_4083,"The Soddit : or, Cashing in Again (Gollancz SF S.)",N or M?,0.27662735514159165,0575075546,0007111452,False
139,Covers_19397,Goodreads_books_31673,Oedipus Tyrannus; A New Translation. Passages from Ancient Authors. Religion and Psychology: Some Studies. Criticism (A Norton Critical Edition),"The Oedipus Cycle: Oedipus Rex, Oedipus at Colonus, Antigone",0.24999935634622145,0393098745,015602764X,False
140,Covers_9376,Goodreads_books_13166,The Habit of Thought:  From Socratic Seminars to Socratic Practice,The 8th Habit: From Effectiveness to Greatness,0.2065631888978383,0944337392,0743287932,False
141,Covers_20732,Goodreads_books_33351,Developing Online Content: The Principles of Writing and Editing for the Web,Girl Online,0.29913878177051484,0471146110,0141357274,False
142,Covers_27224,Goodreads_books_1106,Was ist Anthroposophie? Einladung zur Entdeckung des Menschen.,Die Entdeckung der Langsamkeit,0.2363938862740301,3723510892,3492207006,False
143,Covers_43247,Goodreads_books_20538,"Drei MÃ?Â¤nner, vier Pubs und eine Urne.",Zu viele MÃ¤nner,0.2993354097247902,3404147545,3453212584,False
144,Covers_15001,Goodreads_books_35312,Heartbound (Homespun),"Hillbilly Tales from the Smoky Mountains - And Other Homespun Remedies, Proverbs, and Poetry",0.2320552678938618,0515120340,1608622835,False
145,Covers_14146,Goodreads_books_17034,"The Secret Sin of Septimus Brop, Sredni Vashtar, the Lumber Room: With Envelope (Travelman Short Stories)",The Mystery of the Secret Room,0.27393233311901277,1860920136,1405203951,False
146,Covers_15982,Goodreads_books_29842,"Footprint New Zealand (Footprint New Zealand, 2nd ed)","Furniture Of The New Zealand Colonial Era: An Illustrated History, 1830 1900",0.2775037850203984,1903471745,0790010755,False
147,Covers_21967,Goodreads_books_2082,Retribution: A Lew Fonesca Novel (Lew Fonesca Novels (Hardcover)),Retribution,0.27836303945634355,0312874529,0425200612,False
148,Covers_19916,Goodreads_books_37510,fom winde ferfeelt ( vom winde verfehlt). welt-strolch macht links-shreibreform.,The Murder on the Links,0.1889647382613084,3492224555,0425067947,False
149,Covers_46672,Goodreads_books_23907,"ThÃ?Â©Ã?Â¢tre : Hernani, Le Roi s'amuse",Ubu Roi,0.27561001382235073,2080703196,0811200728,False
150,Covers_31967,Goodreads_books_19486,Love For A Lifetime (mini) : Building A Marriage That Will Go The Distance (A Daily Reminder),From a Distance,0.29664253127422313,088070683X,0764203894,False
151,Covers_34127,Goodreads_books_10766,Other Log of Phileas Fogg,Other,0.274083335080222,0812537572,0738719196,False
152,Covers_12603,Goodreads_books_22334,51 Best Ways to Amuse Kids,Wild Ways,0.2870675963893715,0399526072,0345548353,False
153,Covers_40972,Goodreads_books_7346,The Brentford Chainstore Massacre,"American Massacre: The Tragedy at Mountain Meadows, September 1857",0.22466836486727965,055214357X,0375726365,False
154,Covers_16012,Goodreads_books_26534,Victimization and Fear of Crime Among the Elderly (Butterworths Perspectives on Individual and Population Aging Series),On Fear,0.26955354980182006,0409810258,0062510142,False
155,Covers_35133,Goodreads_books_14106,Die Rechthaber. Aus der MÃ?Â¤nnerwelt einer Anwaltskanzlei.,MÃ¡j,0.2908757258718437,340632973X,8020407928,False
156,Covers_33782,Goodreads_books_5036,Work: Opposing Viewpoints (Opposing Viewpoints),Blood Work,0.1723018608434131,1565102185,0446690449,False
157,Covers_41005,Goodreads_books_24944,"Diana-TaschenbÃ?Â¼cher, Nr.61, Eine Reise an die Ufer des Rheins im Jahre 1838",Die WellenlÃ¤ufer,0.2502740422841798,3453155823,3785548486,False
158,Covers_44439,Goodreads_books_31702,"Un Seul Ennui, Les Jours Raccourcissent",L'Ãcume des jours,0.25218823933905593,2277118974,2253140872,False
159,Covers_23234,Goodreads_books_16352,"Yoga fÃ?Â¼r RÃ?Â¼cken, Schulter und Nacken.",Light on Yoga,0.23247357750145461,377424801X,0805210318,False
160,Covers_17504,Goodreads_books_12101,Theban Mysteries,The Sherlock Holmes Mysteries,0.22630169817667017,0380450216,0451529995,False
161,Covers_21352,Goodreads_books_19084,Nightpool (Houghton Mifflin Reading:  The Literature Experience),Girl Reading,0.22948626443244344,0395618797,1844086879,False
162,Covers_32472,Goodreads_books_18955,"West to a Land of Plenty: The Diary of Teresa Angelino Viscardi, New York to Idaho Territory, 1883 (Dear America)",Territory,0.2922758667433705,0590738887,0312857357,False
163,Covers_26984,Goodreads_books_7837,Auf der schiefen Ebene. Roman.,Florian Auf Der Wolke,0.2893725370565152,3257211732,3789116416,False
164,Covers_31102,Goodreads_books_23003,Shankara and Indian Philosophy (Suny Series in Religious Studies),Life Studies,0.28748882961259015,0791412822,0571046541,False
165,Covers_8268,Goodreads_books_32002,The Gashlycrumb Tinies,The War of the End of the World,0.0545314524470381,0151003084,0571139612,False
166,Covers_29413,Goodreads_books_32002,The Lure,The War of the End of the World,0.0814905586794897,1555836992,0571139612,False
167,Covers_45874,Goodreads_books_35929,Im Namen Caesars. SPQR. Ein Krimi aus dem alten Rom.,The Twelve Caesars,0.28742290292185285,3442445175,0140449213,False
168,Covers_16043,Goodreads_books_30221,Beadwork Creates Beaded Beads: 30 Designs (Beadwork Creates Series),Making Up the Mind: How the Brain Creates Our Mental World,0.28216840563283546,1931499276,1405160225,False
169,Covers_19235,Goodreads_books_1904,"Protein Power: The High-Protein/Low Carbohydrate Way to Lose Weight, Feel Fit, and Boost Your Health-in Just Weeks!",Boost,0.2604849534012658,0553574752,0803732406,False
170,Covers_21913,Goodreads_books_17794,"Meyers kleine Tierwelt, In der Savanne",Francis Meyers lidenskap,0.28242603856964976,3411082615,8210050192,False
171,Covers_12834,Goodreads_books_5166,"Anita Delgado, Maharani De Kapurthala","Anita Blake, Vampire Hunter Collection 1-4 (Anita Blake, Vampire Hunter, #1-4)",0.23781958430301445,8408044575,0515136174,False
172,Covers_34380,Goodreads_books_18681,How Would You Move Mount Fuji? Microsoft's Cult of the Puzzle - How the World's Smartest Company Selects the Most Creative Thinkers,The Mount,0.286740265291905,0316919160,0142403024,False
173,Covers_29891,Goodreads_books_3068,Der kugelrunde Roberto.,Der Glanz der Dunkelheit,0.20837009086656605,3257228449,3846600601,False
174,Covers_13017,Goodreads_books_1955,Rencontre Du 3e Age,Dark Age,0.28045089802746204,2277330140,0997573120,False
175,Covers_28766,Goodreads_books_20538,MÃ?Â¤nner lieben anders. Helene Weigel und Bertolt Brecht.,Zu viele MÃ¤nner,0.2638720456577772,3499230054,3453212584,False
176,Covers_24587,Goodreads_books_2144,"Emyl Jenkins' Appraisal Book: Identifying, Understanding and Valuing Your Treasures",Understanding,0.2618053197893291,0517570866,1503574237,False
177,Covers_10087,Goodreads_books_29968,Superworse: The Novel: A Remix of Superbad: Stories and Pieces by Ben Greenman,In Pieces,0.2881259728704978,1932360131,1549143077,False
178,Covers_12667,Goodreads_books_9659,"Open air designs: Evaluating, planning, and building the perfect outdoor living space",Air,0.2952787287085063,0895867176,0312261217,False
179,Covers_26251,Goodreads_books_5246,Edit Yourself a Manual for Everyone Who,Everyone Burns,0.29442996514245945,0393302687,0957325606,False
180,Covers_45471,Goodreads_books_17860,"What Lindsey Knew (Silhouette Intimate Moments, No 384)",Silhouette,0.2679604686932338,0373073844,2070651436,False
181,Covers_42749,Goodreads_books_21171,"aller menschen wÃ?Â¼rde. Ein Lesebuch, amnesty international gewidmet. ( Ab 12 J.).",Herr aller Dinge,0.16434248221729975,3794145801,3785724292,False
182,Covers_49658,Goodreads_books_37936,The  Troublemaker's Teaparty : A Manual for Effective Citizen Action,Citizen of the Galaxy,0.27182083122610334,0865714894,1416505520,False
183,Covers_12858,Goodreads_books_2989,El guardiÃ¡n entre el centeno,El camino,0.2995491085139824,8420634093,8423334783,False
184,Covers_34981,Goodreads_books_17502,GrundzÃ?Â¼ge des politischen Systems der neuen Bundesrepublik Deutschland.,Thinking in Systems: A Primer,0.16908816996760212,349221200X,1603580557,False
185,Covers_11477,Goodreads_books_2171,Le Coq De Bruygre (Folio Ser; No. 1229)),Le K,0.2546592306908196,2070372294,2266122355,False
186,Covers_30135,Goodreads_books_31987,CamÃ­ de sirga (Les Ales esteses),La Dame aux CamÃ©lias,0.24557008633722605,8474103509,0192836382,False
187,Covers_32073,Goodreads_books_33310,"Ghosty Men:  The Strange but True Story of the Collyer Brothers, New York's Greatest Hoarders, An Urban Historical",New York,0.28780700892344935,158234311X,0345497422,False
188,Covers_27410,Goodreads_books_1545,Der SchÃ?Â¼ler,"Oh, wie schÃ¶n ist Panama",0.2584724132595868,3407788649,3407805330,False
189,Covers_44002,Goodreads_books_31169,The Saint John's Fern : A Roger the Chapman Medieval Mystery (Roger the Chapman Medieval Mystery),The Murder of Roger Ackroyd,0.29779709267387505,0312276834,1579126278,False
190,Covers_49465,Goodreads_books_24290,Antiques Roadshow Primer : The Introductory Guide to Antiques and Collectibles from the Most-Watched Series on PBS,Around the World in 80 Days: Companion to the PBS Series,0.22381249605428186,0761116249,0912333391,False
191,Covers_34921,Goodreads_books_22866,The Joy of Reflexology : Healing Techniques for the Hands and Feet to Reduce Stress and Reclaim Life,The Healing,0.27393021934744666,0316314668,0385534671,False
192,Covers_33100,Goodreads_books_16091,Der Ketzer von Soana.,Der Geschmack von Sommerregen,0.2642620237254535,3548239420,3863960629,False
193,Covers_25390,Goodreads_books_16606,Don't Lean Out of the Window!: The Inter-Rail Experience,The King in the Window,0.294024623856648,1840240903,0786838949,False
194,Covers_29145,Goodreads_books_30294,Vineta. Die Wiederentdeckung einer versunkenen Stadt.,"Lake Wobegon die wahre Geschichte einer kleinen Stadt, die auf keiner Landkarte steht",0.271640865920039,3785709870,3442422345,False
195,Covers_42762,Goodreads_books_9148,"JesÃºs que Nunca ConocÃ­, El",Nunca Digas Adeus,0.26692559785341313,0829703713,9892319427,False
196,Covers_28197,Goodreads_books_11653,"The No-Nag, No-Guilt, Do-It-Your-Own Way Guide to Quitting Smoking",No Easy Way,0.2778693314133453,0345355784,0989846768,False
197,Covers_17723,Goodreads_books_24103,"The Triumphant Cat: An Anthology of Verse, Prose &amp; Pictures Gathered from the Ancient &amp; Modern Authors",Pictures from an Institution,0.2644843545242762,0786700068,0226393747,False
198,Covers_24064,Goodreads_books_947,Bordeaux : A Buyer's Guide,The Guide,0.2832528569769122,067155509X,0143039644,False
199,Covers_48650,Goodreads_books_5461,"Laura Ashley Decorating With Patterns &amp; Textures: Using Color, Pattern and Texture in the Home",Finding Laura,0.24008754267683266,0517887339,0553588591,False
200,Covers_4763,Goodreads_books_11056,"Blood Type O Food, Beverage and Supplement Lists from Eat Right for Your Type (Food, Beverage and Supplement)",Everyday Food: Great Food Fast,0.2667017033016266,0425183092,0307354164,False
201,Covers_47351,Goodreads_books_15100,"What It Means to Be 98 Percent Chimpanzee: Apes, People, and Their Genes",Great Apes,0.29279312783414146,0520226151,0802135765,False
202,Covers_32831,Goodreads_books_29272,Ayla und der Stein des Feuers. Roman.,The Ravishing of Lol Stein,0.21674404662007862,3453869451,0394743040,False
203,Covers_49305,Goodreads_books_39357,Seeteufel. Abenteuer aus meinem Leben.,Sadako will leben,0.2116745902421173,3548256503,3401027247,False
204,Covers_38663,Goodreads_books_17465,The Zone: A Dietary Road Map to Lose Weight Permanently : Reset Your Generic Code : Prevent Disease : Achieve Maximum Physical Performance,How Not to Die: Discover the Foods Scientifically Proven to Prevent and Reverse Disease,0.2070637507830482,0060391502,1250066115,False
205,Covers_18592,Goodreads_books_4496,Snowshoe Trails of Tahoe (Snowshoe Trails),Story of O,0.0338313505653521,0899972349,0345301110,False
206,Covers_44039,Goodreads_books_22325,Die Macht der Konzentration.,Die HÃ¼ter der Rose,0.2599287231405234,3784472907,343103635X,False
207,Covers_25124,Goodreads_books_28374,Briefe in die chinesische Vergangenheit: Roman,Roman Tales,0.23762846459682646,3485004537,0586042415,False
208,Covers_28871,Goodreads_books_13282,Diva: The New Generation : The Sopranos and Mezzos of the Decade Discuss Their Roles,Aphrodite the Diva,0.2808190825396589,1555533582,1442421002,False
209,Covers_38296,Goodreads_books_1871,Il Momento E Catartico,Il bar sotto il mare,0.28958059426263183,8804501596,8807810778,False
210,Covers_34277,Goodreads_books_7589,Kraft zum Loslassen. TÃ?Â¤gliche Meditationen fÃ?Â¼r die innere Heilung.,Noces / L'Ã©tÃ©,0.16595336479893663,3453047656,2070360164,False
211,Covers_11317,Goodreads_books_4516,La Grammaire est une chanson douce,Le bleu est une couleur chaude,0.2817231079924407,2234054036,272346783X,False
212,Covers_21386,Goodreads_books_30618,Mycroft Holmes Contra La Hermandad,The Complete Sherlock Holmes,0.22612824006867563,8448034023,0553328255,False
213,Covers_48271,Goodreads_books_32151,"Name This Font - A Practical Encyclopedia of Letterforms: Volume 1: Uppercase, Upright Fonts - Sans Serif, Serif, Condensed",The Name of This Book Is Secret,0.1844870676727948,1552125939,0316113662,False
214,Covers_40612,Goodreads_books_993,Blair Witch. Die Bekenntnisse des Rustin Parr.,Witch,0.2818801070941764,344244974X,0316027065,False
215,Covers_28201,Goodreads_books_13398,Petit dictionnaire des mots rares,Le Petit Nicolas a des Ennuis,0.29055443129861175,2253153389,2070513416,False
216,Covers_33027,Goodreads_books_32002,The Barnstormers (Skymasters),The War of the End of the World,0.0545314524470381,044000375X,0571139612,False
217,Covers_16905,Goodreads_books_12865,IT by Moose ...that's Instructional Techniques,It,0.2914691270069012,0969908105,1846147549,False
218,Covers_34364,Goodreads_books_15076,"Kids, Critters And Cupid (The Camerons Of Colorado) (Harlequin Superromance, No 678)",The Cupid Chronicles,0.29056900755780346,0373706782,1416908676,False
219,Covers_46143,Goodreads_books_13276,Housewise: The Smart Woman's Guide to Buying and Renovating Real Estate for Profit,Die Buying,0.2760720124337752,0517560038,0425242730,False
220,Covers_16604,Goodreads_books_12124,Eine Frau von dreiÃ?Â?ig Jahren.,Von Bek,0.18087968844730698,3404111389,1565041925,False
221,Covers_30537,Goodreads_books_28363,Gorki Park. Der erste Arkadi- Renko- Roman.,Jesus--der erste neue Mann,0.2714764977726579,3442446627,3492033679,False
222,Covers_11730,Goodreads_books_7800,Carn Uk,2001 Cyber Space Odyssey: The Internet In The Uk Election,0.2335468830427467,0330328085,0900432403,False
223,Covers_33874,Goodreads_books_28218,Microeconomics;: A programmed book,The Book of the Book,0.23579417535198377,0135814219,090086012X,False
224,Covers_21918,Goodreads_books_27339,The Spotted Cats (A Brady Coyne Mystery),Mystery,0.2649980927169127,0385302339,2266126075,False
225,Covers_35801,Goodreads_books_36580,Collector's Encyclopedia of Barbie Doll Exclusives and More: Identification &amp; Values (1977 to 1997),The Doll,0.2768432625782617,157432134X,1858660653,False
226,Covers_13174,Goodreads_books_36451,"Dear Irene,: An Irene Kelly Mystery (Irene Kelly Mysteries (Paperback))",True History of the Kelly Gang,0.2908391321699655,0380725568,0375724672,False
227,Covers_42240,Goodreads_books_34699,Gross Grub: Wretched Recipes That Look Yucky but Taste Yummy (Kidbacks),The Wretched of the Earth,0.27209633650883713,0679866930,0802141323,False
228,Covers_46306,Goodreads_books_23974,"Congestive Heart Failure: Pathophysiology, Diagnosis, and Comprehensive Approach to Management",The Heart,0.21015236402044954,0387940170,193700810X,False
229,Covers_31142,Goodreads_books_2469,RÃ?Â¶merbrief. (6. Lieferung),Die RÃ¤uber,0.2526792989440616,3429008441,3150000157,False
230,Covers_14908,Goodreads_books_8112,The Pipe Fiter's and Pipe Welder's Handbook,The Earth Chronicles Handbook,0.15721823951253935,0028025008,1591431018,False
231,Covers_41586,Goodreads_books_11152,Teach Yourself OOP with VB 5 in 21 Days,Teach Me,0.28912623990018227,0672312999,1595140859,False
232,Covers_49335,Goodreads_books_2171,Le chat qui mangeait de la laine,Le K,0.2741055341965523,2264017309,2266122355,False
233,Covers_49790,Goodreads_books_28257,MeistererzÃ?Â¤hlungen.,Anna Und Ich: ErzÃ¤hlungen,0.2895085350297641,3257217005,3472866055,False
234,Covers_21679,Goodreads_books_35769,"Photoanalysis; how to interpret the hidden psychological meaning of personal and public photographs,",The Hidden,0.278188610572567,0883260662,1416978976,False
235,Covers_15894,Goodreads_books_4011,Bicycling the Backroads of Southwest Washington,Washington's Crossing,0.2870762572800091,0898861500,0195170342,False
236,Covers_49024,Goodreads_books_9417,Croire en quoi?,En Familia,0.2347446389081681,2743603135,9561311607,False
237,Covers_24279,Goodreads_books_34728,--Und morgen die ganze Welt?: Rechstextreme Publizistik in Westeuropa,Die Mitte der Welt,0.2401310046764633,3894721057,3596144965,False
238,Covers_17836,Goodreads_books_19481,Fuera de temporada (ColecciÃ³n Nueva narrativa),Minha vida fora de sÃ©rie: 1Âª temporada,0.23201293167858447,8408011979,8580620058,False
239,Covers_42567,Goodreads_books_29098,Baking Cakes Cookies Breads Pastries,Baking Artisan Bread: 10 Expert Formulas for Baking Better Bread at Home,0.24008897091614992,0895864991,1592534538,False
240,Covers_19124,Goodreads_books_31134,"Grilling Quick and Easy Recipes Food Write (Safe Party Planning, Vol.3)",Easy,0.272598996794803,0911479120,0425266745,False
241,Covers_40922,Goodreads_books_2989,El Quincornio,El camino,0.25829233681120367,843392480X,8423334783,False
242,Covers_10499,Goodreads_books_26096,Cicero's First Catilinarian Oration,First,0.2890881171325858,0865163413,1495433161,False
243,Covers_22082,Goodreads_books_2989,"Jurado, El",El camino,0.26530839053080024,8440676093,8423334783,False
244,Covers_40712,Goodreads_books_27728,Befehl von oben.,Ein Mann will nach oben: Die Frauen und der TrÃ¤umer,0.24578288446852106,3453136578,3499113163,False
245,Covers_33043,Goodreads_books_31971,Creeps Suzette (Bed-And-Breakfast Mysteries (Paperback)),Good in Bed,0.2718806435062628,0380800799,0743418174,False
246,Covers_19589,Goodreads_books_31209,Suzanne Whites Original Chinese Astorlog (Yenbooks),Suzanne's Diary for Nicholas,0.25999013603298843,080481645X,0446611085,False
247,Covers_15055,Goodreads_books_21644,Der Riesengrabfrosch: Roman von den Leiden des wenig gerÃ¼hmten Schriftstellers Schaff,Angel's Den,0.1876584575267887,3794121643,0805448144,False
248,Covers_30195,Goodreads_books_11345,One Minute for Myself: How to Manage Your Most Valuable Asset,The One Minute Manager,0.28946983071811394,0380703084,0688014291,False
249,Covers_19502,Goodreads_books_11638,Death at Wentwater Court (Daisy Dalrymple Mysteries (Paperback)),Daisy Jones,0.29837976944713807,1575667509,1939665329,False
250,Covers_20048,Goodreads_books_15520,La Billebaude,La torre y la isla,0.27018849668820444,2070373703,8466752161,False
251,Covers_25732,Goodreads_books_15520,La Senda Secreta - 1,La torre y la isla,0.20620934316738346,8440668694,8466752161,False
252,Covers_41725,Goodreads_books_12083,Patience dans l'azur: L'Ã©volution cosmique (Science ouverte),The Education of Patience Goodspeed,0.23711408796768976,202005924X,1416913947,False
253,Covers_35543,Goodreads_books_36860,Leonard Maltin's Movie &amp; Video Guide 1997 (Annual),My Friend Leonard,0.28718137382218306,0451188888,1594481954,False
254,Covers_25314,Goodreads_books_22485,Havana Heat : A Lupe Solano Mystery (Lupe Solano Mysteries (Hardcover)),Heat,0.2285998225100782,038097780X,0786286555,False
255,Covers_17708,Goodreads_books_18476,Alte Schulden.,M-aÈ omorÃ® pentru tine Èi alte povestiri pierdute,0.24110069632757541,3442356083,9734676784,False
256,Covers_28983,Goodreads_books_37493,Instrucciones Para Olvidar El Quijote,Don Quijote de la Mancha I,0.2707894617970946,8430600639,8477110972,False
257,Covers_13781,Goodreads_books_30326,"COWBOY LIFE : A SADDLEBAG GUIDE FOR DUDES, TENDERFEET, AND COWPUNCHERS EVERYWHERE",Angels Everywhere,0.2719801576771299,0671866826,0060508302,False
258,Covers_29045,Goodreads_books_7982,Photo/Imaging: How to Communicate With Camera and Computer,Photo Finish,0.2742377642906759,0881960098,0553482610,False
259,Covers_19722,Goodreads_books_18705,"Das Harvard - Konzept: Sachgerecht verhandeln, erfolgreich verhandeln. Das Standardwerk der Verhandlungstechnik.",Das Gold der Maori,0.20739807239238262,3593348047,3785760248,False
260,Covers_19647,Goodreads_books_16374,"Bugs, Bugs, Bugs (Science Emergent Readers)",The Olive Readers,0.15301865746730645,0590397923,0330439634,False
261,Covers_35792,Goodreads_books_3952,Komponistinnen aus 500 Jahren: Eine Kultur- und Wirkungsgeschichte in Biographien und Werkbeispielen,Conan : die Original-ErzÃ¤hlungen aus den Jahren 1932 und 1933,0.28059433285843904,3596237149,3453870611,False
262,Covers_35165,Goodreads_books_10402,Homes and Interiors of the 1920's,Better Homes and Hauntings,0.29618741969708273,0921335067,147670600X,False
263,Covers_49724,Goodreads_books_21171,Un endroit oÃ?Â¹ aller,Herr aller Dinge,0.23339617755271383,2868696627,3785724292,False
264,Covers_25337,Goodreads_books_15770,Goldauge. Thriller.,The Blackstone Chronicles: The Serial Thriller Complete in One Volume,0.25011400248458887,340412961X,044900192X,False
265,Covers_13404,Goodreads_books_28191,Die Krabbe Mit Den Goldenen Scheren: Die Krabbe Mit Den Goldenen Scheren,Wie Zuckerwatte mit SilberfÃ¤den,0.2603331446655928,3551015171,3551520100,False
266,Covers_17686,Goodreads_books_32002,The Fuse,The War of the End of the World,0.07529397754934512,0441258859,0571139612,False
267,Covers_34132,Goodreads_books_2987,Tundra: Selections from the Great Accounts of Arctic Land Voyages: with illustrations and maps,Arctic Dreams,0.2576722153439511,0771066279,0375727485,False
268,Covers_25997,Goodreads_books_2171,Le maschere: Romanzo (Scrittori italiani),Le K,0.2873889425779471,8804393661,2266122355,False
269,Covers_49820,Goodreads_books_19960,Not in My Backyard: An E.J. Pugh Mystery (E. J. Pugh Mysteries),A Life Not my Own,0.20942038261944718,0380805324,1477295690,False
270,Covers_15616,Goodreads_books_2072,Das Dornenhaus. Eine farbenprÃ?Â¤chtige Australien- Saga.,Saga,0.26968462756913625,3404259165,2070408450,False
271,Covers_48231,Goodreads_books_18762,Vineyard Shadows : A Martha's Vineyard Mystery,Shadows,0.29908612309881355,0684855453,1606841769,False
272,Covers_24506,Goodreads_books_32002,Northshore (The Awakeners I),The War of the End of the World,0.05360852681403627,0812556178,0571139612,False
273,Covers_31678,Goodreads_books_13788,Die vielen Gesichter der Liebe: Einblick in d. weltweite Behinderten-Diakonie d. Christoffel-Blindenmission,Ewiglich die Liebe,0.1998304921015727,387173537X,3789130427,False
274,Covers_17692,Goodreads_books_27990,Die Tote im GÃ?Â¶takanal.,Die Wassernot IM Emmental,0.24512000421312935,349922951X,3257205694,False
275,Covers_38080,Goodreads_books_23202,The Story of Silver Dollar City: A Pictorial History of Branson's Famous Ozark Mountain Village Theme Park,Ozark Red,0.29637578772373824,0965998304,1930584083,False
276,Covers_34261,Goodreads_books_32002,The Fondas,The War of the End of the World,0.07529397754934512,0312297599,0571139612,False
277,Covers_35959,Goodreads_books_28374,DornenvÃ?Â¶gel. Roman.,Roman Tales,0.28057812967051243,3442098947,0586042415,False
278,Covers_49892,Goodreads_books_6149,101 Ways to Avoid Spelling Traps,How to Avoid Huge Ships,0.2807469199145408,081674923X,0870334336,False
279,Covers_42464,Goodreads_books_9982,Ancient Medicine: Selected Papers of Ludwig Edelstein (Softshell Books),"Ludwig Revolution, Vol. 1",0.29100169939517667,0801834910,2759500519,False
280,Covers_32863,Goodreads_books_14134,Manuel de civilitÃ?Â© pour les petites filles Ã?Â  l'usage des maisons d'Ã?Â©ducation,LibertÃ© pour les ours,0.2262418062867994,2277302554,2020255855,False
281,Covers_44430,Goodreads_books_28191,"BÃ¼rgerliches Gesetzbuch: Mit EinfÃ¼hrungsgesetz, Beurkundungsgesetz, AGB-Gesetz, Verbraucherkreditgesetz, Gesetz Ã¼ber den Widerruf von HaustÃ¼rgeschÃ¤ften, Produkthaftungsgesetz, Wohnungseigentumsgesetz, Ehegesetz und Hausratsverordnung : Textausgabe (B",Wie Zuckerwatte mit SilberfÃ¤den,0.1174673289322031,3423050012,3551520100,False
282,Covers_36278,Goodreads_books_14645,Complete Tai-Chi: The Definitive Guide to Physical &amp; Emotional Self-Improvement,JavaScript: The Definitive Guide,0.27345933879037637,0804818975,0596101996,False
283,Covers_18554,Goodreads_books_30710,The Well-Informed Patient's Guide to Back Surgery (Dell Surgical Library),The English Patient,0.28333340108431626,044021257X,0771068719,False
284,Covers_26677,Goodreads_books_18872,"The Book of the Beast: The Secret Books of Paradys II (Paradys Tetralogy/Tanith Lee, 2)",The Nature of the Beast,0.26058411746444865,0879514175,1250022088,False
285,Covers_12080,Goodreads_books_7905,Quel Che Resta Del Giorno,Il viaggiatore del giorno dei Morti,0.297502899968932,8806134817,884591464X,False
286,Covers_18414,Goodreads_books_2989,"Psicoanalisis, El",El camino,0.25829233681120367,8420608246,8423334783,False
287,Covers_22550,Goodreads_books_35803,Wok (Cocina tendencias series),The Fever Series,0.1334830109208256,8480764252,0345538277,False
288,Covers_9405,Goodreads_books_16630,Tangrams : 330 Puzzles,"Labyrinths of Reason: Paradox, Puzzles and the Frailty of Knowledge",0.16986387988079776,0486214834,0385242719,False
289,Covers_48470,Goodreads_books_27662,The Ghostly Register,Der Herr der Ringe. AnhÃ¤nge und Register,0.27932886430611253,0809250810,3608932240,False
290,Covers_12360,Goodreads_books_2914,Life Laughs Last : 200 More Classic Photos from the Famous Back Page of America's Favorite Magazine,The Land of Laughs,0.2813875276695651,0671687972,0312873115,False
291,Covers_28429,Goodreads_books_15520,LA Odisea,La torre y la isla,0.2779584119973989,8471663945,8466752161,False
292,Covers_15896,Goodreads_books_10220,"Punished By Rewards: The Trouble with Gold Stars, Incentive Plans, A's, Praise, and Other Bribes",The Trouble with Love,0.2669746472784511,0618001816,110188343X,False
293,Covers_41084,Goodreads_books_38034,Gelebte Geschichte,Fabian. Die Geschichte eines Moralisten,0.2467044008057941,343011862X,3423110066,False
294,Covers_22280,Goodreads_books_32002,The Firewalkers,The War of the End of the World,0.07529397754934512,0907040713,0571139612,False
295,Covers_48910,Goodreads_books_31515,"The Implementation (TCP/IP Illustrated, Volume 2)",The Illustrated Man,0.29566821818804356,020163354X,000712774X,False
296,Covers_42059,Goodreads_books_22002,The Agenda: What Every Business Must Do to Dominate the Decade,The Annihilation Agenda,0.29354544589884746,0609609661,0316796395,False
297,Covers_32415,Goodreads_books_14516,Minnesota Trivia (Trivia Fun),Fun & Games,0.2458407352845719,1558530924,0316133280,False
298,Covers_21221,Goodreads_books_14815,Netzwerkprogrammierung unter LINUX und UNIX.,Sommer unter schwarzen FlÃ¼geln,0.2042401188297206,3446210938,3789142972,False
299,Covers_10423,Goodreads_books_22213,Die Hilbertschen Probleme.,To Die For,0.24224487622463642,3817134010,0345476255,False
300,Covers_4689,Goodreads_books_9050,Toyota Celica 1986-1999: Front Wheel Drive Models (Haynes Automotive Repair Manual),Drive,0.26117476378719473,1563923971,1978098758,False
301,Covers_22210,Goodreads_books_38215,"Aus der Reihe tanzen: Ach, Mama, ach, Tochter",Mama Day,0.22212869200089774,3355013293,0679721819,False
302,Covers_45468,Goodreads_books_7649,Ein Hauch von Seligkeit: Die Frauen grosser Dichter,Die Kleider der Frauen,0.2581474852202339,3426007932,3746635675,False
303,Covers_40511,Goodreads_books_20486,"Fodor's Cancun, Cozumel, Yucatan Peninsula '94 (Fodor's Cancun, Cozumel, Yucatan Peninsula)","Incidents of Travel in Yucatan, Vol 1",0.2572871160329571,0679025065,0486209261,False
304,Covers_3860,Goodreads_books_15520,LA Prisonniere,La torre y la isla,0.27018849668820444,2070381773,8466752161,False
305,Covers_42815,Goodreads_books_37894,Electrical Grounding: Bringing Grounding Back to Earth,Earth,0.2323200311845551,0766804860,055329024X,False
306,Covers_41842,Goodreads_books_3068,EQ 2. Der Erfolgsquotient.,Der Glanz der Dunkelheit,0.20837009086656605,3423362111,3846600601,False
307,Covers_25465,Goodreads_books_4432,Behind the Hedges of Montecito,Behind the Gates,0.2749000409074996,1564743179,0545317010,False
308,Covers_21615,Goodreads_books_26681,A Guide to Mla Documentation: With an Appendix on Apa Style (English Essentials),Essentials of Hypnosis,0.20081355020287037,0395745365,0876307616,False
309,Covers_29058,Goodreads_books_11586,Berlin-PalÃ¤stina und zurÃ¼ck: Erinnerungen,Berlin Wild,0.26449073189194544,3320012258,067080925X,False
310,Covers_21078,Goodreads_books_11189,A prÃ³xima novela: Um romance de imagens,Tinisima: Novela,0.28360274180636696,8508029748,9684113056,False
311,Covers_11001,Goodreads_books_18312,Five Steps to Selecting the Best Alternative Medicine: A Guide to Complementary &amp; Integrative Health Care,Steps,0.2671319324600863,1880032945,0552084212,False
312,Covers_13217,Goodreads_books_18775,Swiss Country Inns and Chalets (Karen Brown's Switzerland: Charming Inns &amp; Itineraries),Charming,0.2741808558187075,0446388165,0316253391,False
313,Covers_9455,Goodreads_books_28257,Im Luftschloss meines Vaters: ErzÃ¤hlung,Anna Und Ich: ErzÃ¤hlungen,0.15740601474184657,3716020028,3472866055,False
314,Covers_40553,Goodreads_books_15196,How Hits Happen: Forecasting Predictability in a Chaotic Marketplace,Bad Things Happen,0.2284698719769027,088730978X,0399155635,False
315,Covers_28351,Goodreads_books_37928,"Escuela, ideologÃ­a y clases sociales en EspaÃ±a: CrÃ­tica de la sociologÃ­a empirista de la educaciÃ³n (Biblioteca de sociologÃ­a)",De la part de la princesse morte,0.2940422645342386,8434416727,2253048291,False
316,Covers_27573,Goodreads_books_32002,The Impersonator,The War of the End of the World,0.07529397754934512,0440214165,0571139612,False
317,Covers_17654,Goodreads_books_23233,Graphical Applications with Tcl &amp; TK,With,0.2258440963866966,1558515690,1592640508,False
318,Covers_39198,Goodreads_books_22366,"Gold Coins of the Dahlonega Mint, 1838-1861: A Numismatic History &amp; Analysis",1861: The Civil War Awakening,0.24212101543738107,0965678601,1400040159,False
319,Covers_34048,Goodreads_books_23338,Clara Morison (Seal Australian fiction),The Gilded Seal,0.2829574181068933,085179257X,0007230400,False
320,Covers_23102,Goodreads_books_18705,Das Bild der alten Dame.,Das Gold der Maori,0.26241842007530164,3499228653,3785760248,False
321,Covers_33847,Goodreads_books_25229,"The Fit Back: Prevention and Recovery (Fitness, Health and Nutrition Series)",Recovery Road,0.289786294927064,0809461145,0545107296,False
322,Covers_45899,Goodreads_books_24190,Stalk Line (Super Bolan #42) (Mack Bolan),Summer of '42,0.2901297699966722,037361442X,0440183480,False
323,Covers_21549,Goodreads_books_17230,Les cavaliers,Les Miserables,0.2871056356677215,2070373738,190623079X,False
324,Covers_14911,Goodreads_books_33840,The Autobiography of Benvenuto Cellini (Penguin Classics),Autobiography of Red,0.2896824172685353,0140440496,037570129X,False
325,Covers_18033,Goodreads_books_23584,The New Alchemists: Breaking Through the Barriers of High Pressure,Breaking the Rules,0.2794794843450647,0812922751,1460341430,False
326,Covers_26441,Goodreads_books_11288,Rand McNally Answer Atlas: The Geography Resource for Students (Rand McNally),Ayn Rand: The Russian Radical,0.29225854035461324,0528838725,0271014415,False
327,Covers_15059,Goodreads_books_16302,"Jake Ryker'S Back In Town (Silhouette Special Edition, No 929)",The Town,0.2998434415416697,0373099290,0821409808,False
328,Covers_41484,Goodreads_books_15872,Nuovi racconti del maresciallo (La Scala),Sessanta racconti,0.2814609089268973,8817666998,8804390786,False
329,Covers_29556,Goodreads_books_4496,Xone of Contention,Story of O,0.06797757139007965,0312866917,0345301110,False
330,Covers_18402,Goodreads_books_20202,Marcus und Eneides. GroÃ?Â?druck.,The Essential Marcus Aurelius,0.268875551672274,359615152X,1585426172,False
331,Covers_23878,Goodreads_books_17529,"Ich, Prinzessin aus dem Hause Al Saud. Ein Leben hinter tausend Schleiern.",MÃ¼de bin ich KÃ¤nguru: Nachrichten aus dem Krisengebiet Patchwork-Familie,0.18855542141141163,3442424216,3552060170,False
332,Covers_41671,Goodreads_books_11580,"Shoes Outside the Door: Desire, Devotion and Excess at San Francisco Zen Center",Devotion and the Devil,0.2999499000531663,1582431132,1494885573,False
333,Covers_49280,Goodreads_books_7148,Las claves de la afectividad femenina,La Ciudad de las Esfinges,0.2723842814041703,8441400733,9706883843,False
334,Covers_9825,Goodreads_books_17500,AAA Explore America: Tours of Discovery Through Our Magnificent Country,Tours of the Black Clock,0.28956147762471074,1550011405,074326570X,False
335,Covers_23946,Goodreads_books_9243,International Business: Environments and Operations,Business Adventures,0.2859333239084932,0201157470,0575003499,False
336,Covers_10162,Goodreads_books_38762,Psychamok (Psychomech Trilogy),The Time Trilogy,0.2709496789663845,0765304813,0374375925,False
337,Covers_38778,Goodreads_books_33670,"Feelings (Harlequin Romance, No 2937)",The Harlequin,0.2940453705859383,0373029373,0425217248,False
338,Covers_20663,Goodreads_books_25681,Faktor Vier: Doppelter Wohlstand-Halbierter Naturverbrauch,Vier Pfoten und das WeihnachtsglÃ¼ck,0.17703347569115718,3426268779,335200871X,False
339,Covers_10136,Goodreads_books_32002,The Blitz,The War of the End of the World,0.07791753515812233,1854713817,0571139612,False
340,Covers_26152,Goodreads_books_7843,MCSE Windows NT Server 4.0 in the Enterprise Study Guide (Exam 70-68),The Heart of Enterprise,0.28421644268262836,0078824907,0471948373,False
341,Covers_27154,Goodreads_books_2029,"Of Mozart, Parrots, and Cherry Blossoms in the Wind: A Composer Explores Mysteries of the Musical Mind",The Composer Is Dead,0.29272370878810877,0879102861,0061236276,False
342,Covers_10514,Goodreads_books_32002,The Sensational Samburger,The War of the End of the World,0.0545314524470381,0525454268,0571139612,False
343,Covers_12147,Goodreads_books_18557,"Mary, Star of the New Millennium: Guiding Us to Renewal (Celebrate 2000! Series)",Mary,0.29243309628356046,0892839945,0679726209,False
344,Covers_14183,Goodreads_books_24125,The Malleus Maleficarum of Heinrich Kramer and James Sprenger.,James,0.28549475849935896,0486228029,0740721968,False
345,Covers_22493,Goodreads_books_241,Remix: Texte 1996-1999 (KiWi),The Message Remix (Bible in Contemporary Language),0.27578983426748943,3462028545,1576834344,False
346,Covers_19261,Goodreads_books_26225,A Fatal Vineyard Season : A Martha's Vineyard Mystery,The Season,0.2850104283248358,0684855445,0545048869,False
347,Covers_22638,Goodreads_books_32755,"Energy Up!: Shed Pounds, Get Fit, Gain Stamina, and Turn on Your Power With This Unique Program",The Program,0.24132546626101076,0399143114,1442445807,False
348,Covers_2606,Goodreads_books_27180,"A Modern Herbal (Volume 2, I-Z and Indexes)",Modern Love,0.2820000451676496,0486227995,1425467059,False
349,Covers_23644,Goodreads_books_27619,Monty: A Biography of Montgomery Clift,Monty: His Part In My Victory,0.28994306219555965,155611110X,0140045031,False
350,Covers_2311,Goodreads_books_36520,Daja's Book (Circle of Magic),Daja's Book,0.7725899443405586,0590554107,0590554107,True
351,Covers_2114,Goodreads_books_5364,"The Violet Keystone (The Seventh Tower, Book 6)",The Violet Keystone,0.7570397380907742,0439176875,0439176875,True
352,Covers_6873,Goodreads_books_33879,"Enchanters' End Game (The Belgariad, Book 5)",Enchanters' End Game,0.7935141776506285,0345300785,0345300785,True
353,Covers_6209,Goodreads_books_1584,Death and the Maiden (Penguin Plays),Death and the Maiden,0.764617011690467,0140246843,0140246843,True
354,Covers_794,Goodreads_books_37962,Coming Home (Heartland),Coming Home,0.7199428858268206,0439130204,0439130204,True
355,Covers_1947,Goodreads_books_37162,Iron and Silk (Vintage Departures),Iron and Silk,0.732059168036244,0394755111,0394755111,True
356,Covers_5650,Goodreads_books_27760,Meditations from a Movable Chair: Essays (Vintage Contemporaries (Paperback)),Meditations from a Movable Chair,0.7737826616396364,0679751157,0679751157,True
357,Covers_1798,Goodreads_books_27495,The Wives of Henry VIII: The Rose Without a Thorn,The Rose Without a Thorn,0.6781279418727441,0609810170,0609810170,True
358,Covers_2235,Goodreads_books_30629,Heidi (Kingfisher Classics),Heidi,0.6642481134183806,0753454947,0753454947,True
359,Covers_3519,Goodreads_books_28947,EISENHOWER,Eisenhower: Soldier and President,0.6709236133571771,0671747584,0671747584,True
360,Covers_3133,Goodreads_books_28704,Amos Fortune: Free Man (Puffin Newbery Library),"Amos Fortune, Free Man",0.7594671610908871,0140341587,0140341587,True
361,Covers_2332,Goodreads_books_31277,Invisible Cities (A Harvest/Hbj Book),Invisible Cities,0.665896405992821,0156453800,0156453800,True
362,Covers_5161,Goodreads_books_1502,Everyone Poops (My Body Science Series),Everyone Poops,0.7604720893692669,192913214X,192913214X,True
363,Covers_2251,Goodreads_books_30729,The BFG (Puffin Fiction),The BFG,0.7488356596002188,0141311371,0141311371,True
364,Covers_2974,Goodreads_books_14500,E.E. Cummings: Complete Poems 1904-1962,"E.E. Cummings: Complete Poems 1904-1962 (Revised, Corrected, and Expanded Edition)",0.7536249134350587,0871401525,0871401525,True
365,Covers_730,Goodreads_books_32509,The Woman in Black: A Ghost Story,The Woman in Black,0.7412582573943736,1567921892,1567921892,True
366,Covers_169,Goodreads_books_20625,All About Passion (Cynster Novels),All About Passion,0.6802804689529848,0380812029,0380812029,True
367,Covers_1091,Goodreads_books_31284,Fall on Your Knees (Oprah's Book Club),Fall on Your Knees,0.7717952139720152,0743466527,0743466527,True
368,Covers_5467,Goodreads_books_20546,A.S. Byatt's Possession: A Reader's Guide (Continuum Contemporaries),A.S. Byatt's Possession: A Reader's Guide,0.7925887171596774,0826452485,0826452485,True
369,Covers_1266,Goodreads_books_19847,"The Haunted Cabin Mystery (The Boxcar Children Series, No 20)",The Haunted Cabin Mystery,0.6713355751663436,0807531782,0807531782,True
370,Covers_3184,Goodreads_books_24886,"Mystery of Crocodile Island (Nancy Drew Mystery Stories, No 55)",Mystery of Crocodile Island,0.6819005703817439,0448095556,0448095556,True
371,Covers_5321,Goodreads_books_13453,The Gospel of Life: Evangelium Vita,Evangelium Vitae: The Gospel of Life,0.6789787694569885,081983078X,081983078X,True
372,Covers_4206,Goodreads_books_27006,Summer of the Sea Serpent (Magic Tree House #31),Summer of the Sea Serpent,0.6691022601973029,0375827358,0375827358,True
373,Covers_5731,Goodreads_books_27316,"Jessica the TV Star (Sweet Valley Kids, No 16)",Jessica the TV Star,0.6692723812779828,0553158503,0553158503,True
374,Covers_4227,Goodreads_books_20349,Krieg der Engel. Eine fantastische Geschichte.,Krieg der Engel,0.6788525290939068,3800026163,3800026163,True
375,Covers_3342,Goodreads_books_5090,"The Stars, Like Dust (The Empire Novels)","The Stars, Like Dust",0.7942590231999052,0553293435,0553293435,True
376,Covers_747,Goodreads_books_3372,SOULMATE NIGHTWORLD 6,Soulmate,0.7071067811865476,0671551388,0671551388,True
377,Covers_5261,Goodreads_books_28282,"The Hundred Years War: Trial by Battle (The Middle Ages Series, 1)","Trial by Battle: The Hundred Years War, Volume 1",0.7723654432711543,0812216555,0812216555,True
378,Covers_6827,Goodreads_books_34267,"Dream Country (Sandman, Book 3)",Dream Country,0.6952580052433814,156389226X,156389226X,True
379,Covers_2724,Goodreads_books_37346,The Wisdom of Insecurity,The Wisdom of Insecurity: A Message for an Age of Anxiety,0.6573792851197803,0394704681,0394704681,True
380,Covers_6520,Goodreads_books_5231,"Better Than Sex: Confessions of a Political Junkie (Gonzo Papers, Vol 4)",Better Than Sex: Confessions of a Political Junkie,0.7993453046151092,0345396359,0345396359,True
381,Covers_4438,Goodreads_books_16012,"The Story of Babar, the Little Elephant (Babar Books (Random House))",The Story of Babar,0.7977472786519659,0394805755,0394805755,True
382,Covers_6322,Goodreads_books_25882,A Man Named Dave: A Story of Triumph and Forgiveness,A Man Named Dave,0.6982019630616247,0452281903,0452281903,True
383,Covers_4204,Goodreads_books_33275,Lucky Jim (Twentieth-Century Classics),Lucky Jim,0.7198485769650469,0140186301,0140186301,True
384,Covers_6282,Goodreads_books_30700,"A Child Called \It\"": One Child's Courage to Survive""","A Child Called ""It""",0.7252941454804898,1558743669,1558743669,True
385,Covers_2170,Goodreads_books_116,Hot Blooded (Zebra Romantic Suspense),Hot Blooded,0.6607132649610785,0821768417,0821768417,True
386,Covers_3575,Goodreads_books_31951,Batman: The Killing Joke (Batman (DC Comics Paperback)),Batman: The Killing Joke,0.7698303602880137,0930289455,0930289455,True
387,Covers_4869,Goodreads_books_9758,"Buffalo Before Breakfast (Magic Tree House 18, paper)",Buffalo Before Breakfast,0.6837792936258893,0679890645,0679890645,True
388,Covers_5937,Goodreads_books_19568,"The Tin Woodman of Oz: A Faithful Story of the Astonishing Adventure Undertaken by the Tin Woodman, Assisted by Woot the Wanderer, the Scarecrow of Oz, and Polychrome, the Rainbow's Daughter",The Tin Woodman of Oz,0.6996890811336636,0688149766,0688149766,True
389,Covers_3718,Goodreads_books_27763,The South Beach Diet - Exclusive Edition,The South Beach Diet,0.7437788151687146,1579548148,1579548148,True
390,Covers_1582,Goodreads_books_3560,Angelica: A Novel of Samaria,Angelica,0.6515643983849193,0441011462,0441011462,True
391,Covers_3370,Goodreads_books_28175,Adulthood Rites (Xenogenesis),Adulthood Rites,0.7739253253998719,0446603783,0446603783,True
392,Covers_2686,Goodreads_books_22454,"North Dallas Forty (Hall of Fame Edition, No. 1)",North Dallas Forty,0.7315498038374664,0973144335,0973144335,True
393,Covers_2300,Goodreads_books_16974,"Earth, Air, Fire, and Water: More Techniques of Natural Magic (Llewellyn's Practical Magick Series)","Earth, Air, Fire & Water: More Techniques of Natural Magic",0.7824347236415893,0875421318,0875421318,True
394,Covers_3095,Goodreads_books_26136,"The Land That Time Forgot, Commemorative Edition",The Land That Time Forgot Collection,0.7136583555777257,0803261543,0803261543,True
395,Covers_2024,Goodreads_books_22597,The Laramie Project (Vintage Originals),The Laramie Project,0.7309697303617634,0375727191,0375727191,True
396,Covers_1157,Goodreads_books_34582,Jewels of the Sun (Irish Trilogy),Jewels of the Sun,0.7605138897076071,0515126772,0515126772,True
397,Covers_2565,Goodreads_books_27358,A Soldier's Story (Modern Library War),A Soldier's Story,0.6754535750644677,0375754210,0375754210,True
398,Covers_3047,Goodreads_books_23920,"The Ghost of Blackwood Hall (Nancy Drew Mystery Stories, No 25)",The Ghost of Blackwood Hall,0.6670150228079661,0448095254,0448095254,True
399,Covers_2608,Goodreads_books_18603,"The Secret of the Old Mill (The Hardy Boys Mystery Stories, Book 3)",The Secret of the Old Mill,0.7123528213859391,0448089033,0448089033,True
400,Covers_4747,Goodreads_books_3949,"A Lady's Life in the Rocky Mountains (The Western Frontier Library, 14)",A Lady's Life in the Rocky Mountains,0.7121332942988897,0806113286,0806113286,True
401,Covers_386,Goodreads_books_38093,Lily's Crossing (Yearling Newbery),Lily's Crossing,0.6732834698168673,0440414539,0440414539,True
402,Covers_7823,Goodreads_books_5973,Scaramouche: A Romance of the French Revolution,Scaramouche,0.6642136680255712,0451527976,0451527976,True
403,Covers_5945,Goodreads_books_37817,The Ladies' Paradise (Oxford World's Classics (Paperback)),The Ladies' Paradise,0.6990002671283244,0192836021,0192836021,True
404,Covers_2765,Goodreads_books_32207,Burr: A Novel (The American Chronicle Series),Burr,0.6759424916537099,0375708731,0375708731,True
405,Covers_1043,Goodreads_books_37686,"A Gathering of Gargoyles: The Darkangel Trilogy, Volume II",A Gathering of Gargoyles,0.6634737130380439,0152018018,0152018018,True
406,Covers_6087,Goodreads_books_18187,The Years with Ross (Perennial Classics),The Years with Ross,0.7989109514784225,0060959711,0060959711,True
407,Covers_2433,Goodreads_books_36514,The Wanting Seed (Norton Paperback Fiction),The Wanting Seed,0.7611542763874187,0393315088,0393315088,True
408,Covers_1165,Goodreads_books_30669,American Psycho (Vintage Contemporaries),American Psycho,0.7241971168591826,0679735771,0679735771,True
409,Covers_1414,Goodreads_books_33765,Sorceress of Darshiva (Malloreon (Paperback Random House)),Sorceress of Darshiva,0.6810163119969962,0345369351,0345369351,True
410,Covers_4344,Goodreads_books_27294,The Duke's Children (Penguin Classics),The Duke's Children,0.797976613341699,0140433449,0140433449,True
411,Covers_4129,Goodreads_books_27428,The Silver Gryphon (Mage Wars),The Silver Gryphon,0.742610394330354,0886776856,0886776856,True
412,Covers_8014,Goodreads_books_24680,"Talon of the Silver Hawk (Conclave of Shadows, Book 1)",Talon of the Silver Hawk,0.7557449010135106,0380803240,0380803240,True
413,Covers_793,Goodreads_books_5560,"The Clue in the Crossword Cipher (Nancy Drew Mystery Stories, No 44)",The Clue in the Crossword Cipher,0.7185267997228554,0448095440,0448095440,True
414,Covers_1644,Goodreads_books_29118,Barnyard Dance! (Boynton on Board),Barnyard Dance,0.6681256752678028,1563054426,1563054426,True
415,Covers_1787,Goodreads_books_31713,Suttree (Vintage Contemporaries),Suttree,0.7285262758769887,0679736328,0679736328,True
416,Covers_3420,Goodreads_books_26685,Poppy and Rye (An Avon Camelot Book),Poppy and Rye,0.7279958372484744,0380797178,0380797178,True
417,Covers_583,Goodreads_books_37583,The Coffee Trader : A Novel (Ballantine Reader's Circle),The Coffee Trader,0.7158340255206523,0375760903,0375760903,True
418,Covers_8216,Goodreads_books_28816,The Ecology of Commerce: A Declaration of Sustainability,The Ecology of Commerce,0.7028509777460645,0887307043,0887307043,True
419,Covers_6140,Goodreads_books_27705,"Jessica Takes Charge (Sweet Valley Twins, 116)",Jessica Takes Charge,0.672876580746799,0553486004,0553486004,True
420,Covers_5671,Goodreads_books_20800,"Liberty's Crusade (StarCraft, Book 1)",Liberty's Crusade,0.7374533438762734,0671041487,0671041487,True
421,Covers_2172,Goodreads_books_34285,A Sand County Almanac and Sketches Here and There: With Other Essays on Conservation from Round River (Galaxy Books),A Sand County Almanac and Sketches Here and There,0.692172056834006,0195007778,0195007778,True
422,Covers_1306,Goodreads_books_38607,A Morbid Taste for Bones: The First Chronicle of Brother Cadfael,A Morbid Taste for Bones,0.7082781911321271,0446400157,0446400157,True
423,Covers_1446,Goodreads_books_37743,Desert Flower : The Extraordinary Journey Of A Desert Nomad,Desert Flower,0.7390614786058162,0688172377,0688172377,True
424,Covers_547,Goodreads_books_3561,"Jovah's Angel (Samaria Trilogy, Book 2)",Jovah's Angel,0.7022700832258462,0441005195,0441005195,True
425,Covers_36121,Goodreads_books_441,Werewolf,Werewolf Nights,0.7596916962878086,0681413948,1457525747,False
426,Covers_44825,Goodreads_books_28761,Seven Alone,Alone,0.7442138472327922,0590102915,0553584537,False
427,Covers_44456,Goodreads_books_14553,Spin Cycle,Spin,0.7615971903049433,0440509238,0062115359,False
428,Covers_23181,Goodreads_books_11052,Tangled Roots,Tangled,0.7410316840067535,0449223906,0061731048,False
429,Covers_14092,Goodreads_books_38094,The Dream Makers,Makers,0.7997797647329661,0345258819,0765312794,False
430,Covers_36496,Goodreads_books_28537,Incredible Hulk Vol. 1: Return of the Monster,"Essential Incredible Hulk, Vol. 1",0.7032555527807942,0785109439,0785123741,False
431,Covers_9755,Goodreads_books_12127,Saving Souls,7 Souls,0.7028963727663035,0451410432,0385736738,False
432,Covers_16615,Goodreads_books_24830,The Trouble With Thirteen,The Thirteen,0.700937422784689,0394820436,1585004782,False
433,Covers_25635,Goodreads_books_25579,"Genesis (Memory of Fire, Vol 1)",Memory of Fire,0.714832395383151,0394747305,0704302195,False
434,Covers_26749,Goodreads_books_23087,The Beast Master,Beast,0.7326799623549912,0345313763,0689835892,False
435,Covers_48425,Goodreads_books_10853,Shadow Baby,Shadow,0.7217512715508289,0140258361,1841490199,False
436,Covers_4917,Goodreads_books_23714,The Rescue (Guardians of Ga'hoole),Guardians of Ga'hoole Boxed Set,0.7599747803574809,0439405599,0439884764,False
437,Covers_14904,Goodreads_books_31976,Second Foundation (Foundation Series Bk 3),Second Foundation,0.854359737146333,0345336291,0553803735,False
438,Covers_35863,Goodreads_books_30972,Prodigal,Prodigal Summer,0.8201317843680644,0440208157,0060959037,False
439,Covers_25052,Goodreads_books_24795,Code Name: Coldfire (Code Name),Code Name: Baby,0.7664728659035827,0786013281,0373770693,False
440,Covers_4815,Goodreads_books_11483,"Sexus (Rosy Crucifixion, Book One)","The Rosy Crucifixion: Sexus, Plexus, Nexus",0.7167703898388444,0802151809,1596541113,False
441,Covers_15813,Goodreads_books_2108,Wit and Wisdom,Wit,0.746967315719157,0890812357,0571198775,False
442,Covers_17093,Goodreads_books_11575,The Ambassadors (Modern Classics S.),The Ambassadors,0.7995024672600359,0140034994,0140432337,False
443,Covers_33712,Goodreads_books_7588,"Sex, Sex, and More Sex",The First Sex,0.7119192824897549,0060566663,0140035044,False
444,Covers_17403,Goodreads_books_14403,Brother Assassin,Assassin?,0.7296492755417093,0441082173,0060772654,False
445,Covers_31835,Goodreads_books_14023,Prime Time.,Prime,0.8392149503488058,3455051588,1400050081,False
446,Covers_39789,Goodreads_books_26963,The Big U,The Big Love,0.7998696422711589,0380816032,0316010782,False
447,Covers_10967,Goodreads_books_31320,Turn of the Screw and Other Short Novels,The Turn of the Screw,0.7580721948470641,0451524721,0140620613,False
448,Covers_16254,Goodreads_books_7786,After The Storm (Harlequin American Romance),After the Storm,0.7269980079976265,0373161670,0439130220,False
449,Covers_47558,Goodreads_books_32917,A Raisin in the Sun (Modern Library (Hardcover)),A Raisin in the Sun,0.7507506769230331,0679601724,0375508333,False
450,Covers_41742,Goodreads_books_2195,Sisters: A Novel,Sisters,0.8377219725141145,0312287798,0385340222,False
451,Covers_38326,Goodreads_books_18040,Flights of Angels : Stories,Flights,0.752399463043521,0316002305,0525534199,False
452,Covers_23175,Goodreads_books_30771,The Age of Innocence (Twentieth Century Classics S.),The Age of Innocence,0.7080396434525773,0140860436,159308143X,False
453,Covers_20459,Goodreads_books_27878,Death of a Fantasy Life,Fantasy in Death,0.811114000220619,0312092709,0399156240,False
454,Covers_7684,Goodreads_books_22770,Prelude to Foundation (Foundation Novels (Paperback)),Foundation,0.794507071165581,0553278398,1423307941,False
455,Covers_30239,Goodreads_books_13094,Island of Tears,"Island of Hope, Island of Tears",0.8713418563364991,1575667681,076072296X,False
456,Covers_4630,Goodreads_books_31760,Haroun and the Sea of Stories (Puffin Books),Haroun and the Sea of Stories,0.8346447273574298,0140366504,0670886580,False
457,Covers_41977,Goodreads_books_13437,"Curious George Goes to an Ice Cream Shop (Curious George, No 23)",Curious George,0.7481362217932372,0395519373,039515023X,False
458,Covers_5905,Goodreads_books_13492,A Brief History of Science (Brief Histories Series),My Brief History,0.7007110701999821,1841195529,0345535286,False
459,Covers_28269,Goodreads_books_1941,Full Moon over America,Full Moon,0.7363058508975299,0446518085,1585678368,False
460,Covers_29484,Goodreads_books_31304,To Everything,"Everything, Everything",0.8850209183491344,0811820866,0553496646,False
461,Covers_9875,Goodreads_books_38736,The Little House: A Novel,The Little House,0.8631890081925746,0060176709,0395181569,False
462,Covers_11146,Goodreads_books_858,Found and Lost (Flipside),Lost and Found,0.7073133567899941,0373442009,1453755403,False
463,Covers_23401,Goodreads_books_2059,My Child Your Child,The Child,0.8321601857252613,0875795560,0552172456,False
464,Covers_42179,Goodreads_books_34770,The House with No Name,The Book With No Name,0.7981932879505734,1902260481,1843172836,False
465,Covers_46088,Goodreads_books_22783,TROUBLE,Big Trouble,0.76217443659317,0752903586,0425178102,False
466,Covers_25376,Goodreads_books_234,"The Curious Case of Benjamin Button, Apt. 3W",The Curious Case of Benjamin Button,0.7400490332627053,039305151X,1416556052,False
467,Covers_27357,Goodreads_books_26726,Rich Deceiver,Deceiver,0.7911240388332044,1857970128,0756406013,False
468,Covers_23471,Goodreads_books_22866,The Magic and the Healing,The Healing,0.7409870760950894,0441000533,0385534671,False
469,Covers_46776,Goodreads_books_30594,The Last Ship: A Novel,The Ship,0.7490160762818565,0345359828,1931313172,False
470,Covers_35870,Goodreads_books_20414,Cry Vengeance,Vengeance,0.7467281070596707,0061008400,1416984739,False
471,Covers_20145,Goodreads_books_4704,Writing a Woman's Life,The Writing Life,0.7908733382325772,0393026019,0060919884,False
472,Covers_38741,Goodreads_books_35062,The Go-between (Penguin Modern Classics),The Go-Between,0.701141562566949,0140087079,0940322994,False
473,Covers_40124,Goodreads_books_17058,The PIRATE,A Pirate's Love,0.8349173682949598,0671874934,0380400480,False
474,Covers_12286,Goodreads_books_26232,Silk: Stories,Silk,0.8627639447169847,1571290281,0451459008,False
475,Covers_31437,Goodreads_books_19918,The Keepers of the House,Keepers,0.7854647341966924,1400030749,1937790045,False
476,Covers_1316,Goodreads_books_35706,Angels in America: Millennium Approaches (Angels in America),Angels in America,0.8398784874747889,1559360615,1559362316,False
477,Covers_32534,Goodreads_books_33441,Diary of a Madman,Diary of a Madman and Other Stories,0.8317013604299901,0451524039,0486452352,False
478,Covers_29827,Goodreads_books_19027,"Born Fundamentalist, Born Again Catholic",Born Again,0.7241722350494366,089870569X,0800793781,False
479,Covers_12071,Goodreads_books_16303,Velvet,The Velvet Room,0.7569051581507317,0553564692,0595321836,False
480,Covers_15200,Goodreads_books_35101,The View from the Summerhouse,The Summerhouse,0.7639808591834288,034062809X,0743430476,False
481,Covers_40420,Goodreads_books_20982,My Heart Belongs,Where My Heart Belongs,0.8893850829343501,0446893552,0764203614,False
482,Covers_20919,Goodreads_books_34933,Creation Myths,Creation,0.7158555042634835,087773528X,0385507623,False
483,Covers_32235,Goodreads_books_28557,The Silver Chair,The Chair,0.7796772722830329,0064471098,1433671522,False
484,Covers_49160,Goodreads_books_33310,My New York Diary,New York,0.7197491299278291,1896597246,0345497422,False
485,Covers_36343,Goodreads_books_589,Horse Soldier,Soldier X,0.7417759777286536,1551667843,0142500739,False
486,Covers_37731,Goodreads_books_23893,Shadows of the Eclipse,Eclipse,0.7725903684351989,1590889754,0142301108,False
487,Covers_18576,Goodreads_books_2521,Memories of the Heart,Memories,0.7674225455802235,0394535766,1449472397,False
488,Covers_14047,Goodreads_books_10047,Dead of Winter,Doctor Who: Dead of Winter,0.7272299404924718,0786011890,1849902380,False
489,Covers_15854,Goodreads_books_252,"Insight Guide Caribbean (Caribbean, 4th ed)",Caribbean,0.7621024564465008,0887291465,0812974921,False
490,Covers_29310,Goodreads_books_37096,Byzantium (II) : The Apogee (Byzantium),Byzantium,0.8340382245868936,0394537793,0061057541,False
491,Covers_9648,Goodreads_books_29049,The Captain's Lady,Captain,0.7570019792983166,0821759485,1447263022,False
492,Covers_35663,Goodreads_books_32827,Fantastic Mr. Fox (Young Puffin Books),Fantastic Mr. Fox,0.761349732261075,0140306765,0375822070,False
493,Covers_15275,Goodreads_books_3347,His Touch,Touch,0.7701697713197432,1551666863,0316335924,False
494,Covers_15514,Goodreads_books_1182,The Shooter,The Tarnished Shooter,0.7128365314809821,0812588312,1491060255,False
495,Covers_49830,Goodreads_books_5483,Oasis in space,The Oasis,0.7648198355549009,0810905752,1569472386,False
496,Covers_35771,Goodreads_books_6799,Water,Water and Life,0.782010518890174,0879516003,1494718995,False
497,Covers_40102,Goodreads_books_37389,Sandman,The Sandman: Book of Dreams,0.7236794217327135,1569471061,0380817705,False
498,Covers_15611,Goodreads_books_22035,"Odd Couple (Girl Talk, No. 7)",The Odd Couple,0.7667345354514696,0307220079,0573613311,False
499,Covers_48895,Goodreads_books_10906,Casting the Runes: And Other Ghost Stories (Oxford World's Classics  (University Press).),Casting the Runes and Other Ghost Stories,0.7496915290847468,0195151178,0192837737,False
