Amazon_5503,Goodreads_books_11583,False
Amazon_21416,Goodreads_books_16028,False
Amazon_6939,Goodreads_books_25619,False
Amazon_12058,Goodreads_books_26807,False
Amazon_4262,Goodreads_books_5314,True
Amazon_19569,Goodreads_books_17457,False
Amazon_7399,Goodreads_books_19950,False
Amazon_16001,Goodreads_books_31996,False
Amazon_1561,Goodreads_books_30949,True
Amazon_9762,Goodreads_books_21829,False
Amazon_14171,Goodreads_books_36299,False
Amazon_9836,Goodreads_books_39025,False
Amazon_7240,Goodreads_books_38577,False
Amazon_19814,Goodreads_books_17503,True
Amazon_10570,Goodreads_books_4221,True
Amazon_7651,Goodreads_books_31192,True
Amazon_10524,Goodreads_books_3287,True
Amazon_10795,Goodreads_books_3280,False
Amazon_19767,Goodreads_books_37664,False
Amazon_18402,Goodreads_books_35099,False
Amazon_1954,Goodreads_books_31306,True
Amazon_18400,Goodreads_books_1965,True
Amazon_18174,Goodreads_books_11395,False
Amazon_17985,Goodreads_books_34923,True
Amazon_18996,Goodreads_books_3942,False
Amazon_8865,Goodreads_books_16361,False
Amazon_18812,Goodreads_books_29952,False
Amazon_456,Goodreads_books_13213,False
Amazon_5408,Goodreads_books_10409,False
Amazon_8084,Goodreads_books_5569,False
Amazon_9854,Goodreads_books_23038,False
Amazon_8347,Goodreads_books_22470,False
Amazon_13423,Goodreads_books_524,False
Amazon_12331,Goodreads_books_34428,False
Amazon_2214,Goodreads_books_8916,True
Amazon_6964,Goodreads_books_18391,False
Amazon_8686,Goodreads_books_9843,False
Amazon_14495,Goodreads_books_19099,False
Amazon_5668,Goodreads_books_12337,False
Amazon_18471,Goodreads_books_34870,False
Amazon_8467,Goodreads_books_9865,False
Amazon_17565,Goodreads_books_15613,False
Amazon_16326,Goodreads_books_30704,True
Amazon_4993,Goodreads_books_37989,True
Amazon_1161,Goodreads_books_22971,True
Amazon_6962,Goodreads_books_34231,True
Amazon_11947,Goodreads_books_21844,True
Amazon_5459,Goodreads_books_15981,False
Amazon_11771,Goodreads_books_9028,False
Amazon_21929,Goodreads_books_35,False
Amazon_2179,Goodreads_books_33981,True
Amazon_3845,Goodreads_books_19165,False
Amazon_19931,Goodreads_books_27103,False
Amazon_21292,Goodreads_books_38452,False
Amazon_3567,Goodreads_books_18896,False
Amazon_17058,Goodreads_books_33185,True
Amazon_11010,Goodreads_books_36343,True
Amazon_9687,Goodreads_books_3628,False
Amazon_9827,Goodreads_books_5426,False
Amazon_19459,Goodreads_books_16486,False
Amazon_10479,Goodreads_books_17488,True
Amazon_21191,Goodreads_books_33888,True
Amazon_1684,Goodreads_books_4462,False
Amazon_9075,Goodreads_books_18174,False
Amazon_15073,Goodreads_books_13872,True
Amazon_4490,Goodreads_books_38248,False
Amazon_10221,Goodreads_books_13802,True
Amazon_128,Goodreads_books_12535,False
Amazon_9719,Goodreads_books_21361,True
Amazon_13415,Goodreads_books_9055,False
Amazon_1168,Goodreads_books_32695,True
Amazon_9893,Goodreads_books_18641,False
Amazon_10107,Goodreads_books_10557,True
Amazon_9979,Goodreads_books_22490,False
Amazon_21092,Goodreads_books_25738,True
Amazon_1438,Goodreads_books_38411,False
Amazon_2876,Goodreads_books_34465,True
Amazon_7996,Goodreads_books_11308,False
Amazon_11401,Goodreads_books_30704,False
Amazon_18833,Goodreads_books_18373,False
Amazon_7453,Goodreads_books_31399,True
Amazon_1867,Goodreads_books_21197,False
Amazon_6952,Goodreads_books_19517,False
Amazon_3429,Goodreads_books_35307,True
Amazon_6245,Goodreads_books_23802,False
Amazon_1509,Goodreads_books_31967,False
Amazon_14749,Goodreads_books_11234,False
Amazon_3527,Goodreads_books_14515,False
Amazon_17449,Goodreads_books_24316,True
Amazon_17497,Goodreads_books_27512,True
Amazon_6271,Goodreads_books_32804,False
Amazon_14339,Goodreads_books_470,False
Amazon_21771,Goodreads_books_32002,False
Amazon_10275,Goodreads_books_626,True
Amazon_16081,Goodreads_books_7259,False
Amazon_8079,Goodreads_books_25128,False
Amazon_6484,Goodreads_books_25619,False
Amazon_14717,Goodreads_books_20657,False
Amazon_9669,Goodreads_books_11056,False
Amazon_20124,Goodreads_books_21292,False
Amazon_21367,Goodreads_books_20645,False
Amazon_18578,Goodreads_books_28218,False
Amazon_8431,Goodreads_books_10110,False
Amazon_19466,Goodreads_books_29499,False
Amazon_16880,Goodreads_books_31744,True
Amazon_1628,Goodreads_books_7615,True
Amazon_20533,Goodreads_books_33209,False
Amazon_10161,Goodreads_books_35518,True
Amazon_11419,Goodreads_books_12143,False
Amazon_11613,Goodreads_books_32743,True
Amazon_4335,Goodreads_books_32669,False
Amazon_20002,Goodreads_books_16149,False
Amazon_17604,Goodreads_books_30116,True
Amazon_2615,Goodreads_books_29033,False
Amazon_16284,Goodreads_books_30986,True
Amazon_19469,Goodreads_books_7481,False
Amazon_12595,Goodreads_books_8664,False
Amazon_2551,Goodreads_books_18174,False
Amazon_21082,Goodreads_books_1009,True
Amazon_9879,Goodreads_books_11474,False
Amazon_5923,Goodreads_books_8063,False
Amazon_17399,Goodreads_books_24063,False
Amazon_3146,Goodreads_books_39356,False
Amazon_6156,Goodreads_books_36002,False
Amazon_1139,Goodreads_books_8323,False
Amazon_6075,Goodreads_books_17502,False
Amazon_13573,Goodreads_books_39218,True
Amazon_6216,Goodreads_books_25442,False
Amazon_8133,Goodreads_books_15453,False
Amazon_11221,Goodreads_books_21838,False
Amazon_15168,Goodreads_books_31392,True
Amazon_11535,Goodreads_books_3413,False
Amazon_20328,Goodreads_books_27764,False
Amazon_11080,Goodreads_books_38015,True
Amazon_2362,Goodreads_books_29968,False
Amazon_19265,Goodreads_books_35500,False
Amazon_21824,Goodreads_books_24818,False
Amazon_20206,Goodreads_books_15254,False
Amazon_3074,Goodreads_books_8352,False
Amazon_7468,Goodreads_books_27356,True
Amazon_11175,Goodreads_books_3966,False
Amazon_15268,Goodreads_books_39111,False
Amazon_21305,Goodreads_books_2435,False
Amazon_6248,Goodreads_books_8096,False
Amazon_15321,Goodreads_books_24060,True
Amazon_6212,Goodreads_books_24174,False
Amazon_6638,Goodreads_books_1808,False
Amazon_2285,Goodreads_books_29968,False
Amazon_22649,Goodreads_books_12470,False
Amazon_20325,Goodreads_books_2174,False
Amazon_3955,Goodreads_books_20950,True
Amazon_14910,Goodreads_books_8967,False
Amazon_18418,Goodreads_books_33232,False
Amazon_12384,Goodreads_books_31877,False
Amazon_7934,Goodreads_books_26891,False
Amazon_14467,Goodreads_books_9863,False
Amazon_2418,Goodreads_books_7778,False
Amazon_4729,Goodreads_books_35670,True
Amazon_21424,Goodreads_books_13464,False
Amazon_11262,Goodreads_books_34351,False
Amazon_4607,Goodreads_books_32493,False
Amazon_10443,Goodreads_books_38815,True
Amazon_11760,Goodreads_books_36071,True
Amazon_21624,Goodreads_books_8850,False
Amazon_1918,Goodreads_books_35762,True
Amazon_8887,Goodreads_books_20645,False
Amazon_20292,Goodreads_books_6775,False
Amazon_14629,Goodreads_books_3303,True
Amazon_19227,Goodreads_books_12286,False
Amazon_18427,Goodreads_books_30029,False
Amazon_1486,Goodreads_books_34285,True
Amazon_8359,Goodreads_books_26638,False
Amazon_19578,Goodreads_books_38990,False
Amazon_15758,Goodreads_books_36325,False
Amazon_21532,Goodreads_books_33140,False
Amazon_19859,Goodreads_books_6546,False
Amazon_11406,Goodreads_books_9592,False
Amazon_16985,Goodreads_books_34277,True
Amazon_17242,Goodreads_books_34463,True
Amazon_18792,Goodreads_books_24220,False
Amazon_18416,Goodreads_books_20375,False
Amazon_20840,Goodreads_books_34669,True
Amazon_2542,Goodreads_books_31139,False
Amazon_4821,Goodreads_books_37701,False
Amazon_12862,Goodreads_books_32505,True
Amazon_14381,Goodreads_books_9023,False
Amazon_21433,Goodreads_books_16285,False
Amazon_2500,Goodreads_books_15366,True
Amazon_3149,Goodreads_books_2464,False
Amazon_3958,Goodreads_books_33912,True
Amazon_14040,Goodreads_books_32785,False
Amazon_20215,Goodreads_books_30656,False
Amazon_94,Goodreads_books_33672,False
Amazon_1952,Goodreads_books_29968,False
Amazon_10767,Goodreads_books_28383,True
Amazon_21645,Goodreads_books_638,False
Amazon_16017,Goodreads_books_18188,False
Amazon_2056,Goodreads_books_13815,False
Amazon_15789,Goodreads_books_16209,False
Amazon_11465,Goodreads_books_12221,True
Amazon_6827,Goodreads_books_12454,False
Amazon_576,Goodreads_books_25002,False
Amazon_2033,Goodreads_books_38913,True
Amazon_12784,Goodreads_books_14274,False
Amazon_6317,Goodreads_books_33599,False
Amazon_13923,Goodreads_books_28954,False
Amazon_20274,Goodreads_books_32656,False
Amazon_5788,Goodreads_books_26723,False
Amazon_2692,Goodreads_books_17403,False
Amazon_5685,Goodreads_books_8913,False
Amazon_9873,Goodreads_books_23389,True
Amazon_11782,Goodreads_books_8867,False
Amazon_1141,Goodreads_books_13793,True
Amazon_9048,Goodreads_books_28652,False
Amazon_10521,Goodreads_books_24677,True
Amazon_7215,Goodreads_books_4932,True
Amazon_12377,Goodreads_books_22044,False
Amazon_21098,Goodreads_books_2873,True
Amazon_9786,Goodreads_books_19402,False
Amazon_8387,Goodreads_books_26638,False
Amazon_12871,Goodreads_books_13981,True
Amazon_2788,Goodreads_books_37628,True
Amazon_11611,Goodreads_books_1167,False
Amazon_10805,Goodreads_books_22166,False
Amazon_17472,Goodreads_books_39317,True
Amazon_21080,Goodreads_books_31703,True
Amazon_19368,Goodreads_books_32526,False
Amazon_3319,Goodreads_books_34621,True
Amazon_13722,Goodreads_books_24030,True
Amazon_1104,Goodreads_books_3816,True
Amazon_9538,Goodreads_books_23545,False
Amazon_9105,Goodreads_books_32002,False
Amazon_5350,Goodreads_books_10049,False
Amazon_12776,Goodreads_books_33956,False
Amazon_15719,Goodreads_books_5189,True
Amazon_9535,Goodreads_books_7606,True
Amazon_8936,Goodreads_books_2473,False
Amazon_18654,Goodreads_books_10023,True
Amazon_21221,Goodreads_books_1637,True
Amazon_21241,Goodreads_books_33257,True
Amazon_17274,Goodreads_books_69,True
Amazon_18298,Goodreads_books_2213,False
Amazon_19533,Goodreads_books_32526,False
Amazon_16420,Goodreads_books_28116,True
Amazon_19627,Goodreads_books_24738,False
Amazon_6515,Goodreads_books_35527,False
Amazon_9528,Goodreads_books_10480,True
Amazon_5557,Goodreads_books_12337,False
Amazon_22061,Goodreads_books_33164,False
Amazon_11203,Goodreads_books_19322,True
Amazon_21052,Goodreads_books_38499,True
Amazon_10379,Goodreads_books_9584,True
Amazon_10223,Goodreads_books_33129,True
Amazon_8918,Goodreads_books_36840,True
Amazon_2532,Goodreads_books_6104,False
Amazon_21960,Goodreads_books_38905,False
Amazon_14063,Goodreads_books_5368,False
Amazon_658,Goodreads_books_33022,False
Amazon_7825,Goodreads_books_31516,True
Amazon_18650,Goodreads_books_31069,False
Amazon_19961,Goodreads_books_26638,False
Amazon_12900,Goodreads_books_5036,False
Amazon_2438,Goodreads_books_17172,False
Amazon_21600,Goodreads_books_9029,False
Amazon_19750,Goodreads_books_20076,False
Amazon_8578,Goodreads_books_15604,False
Amazon_17705,Goodreads_books_30510,True
Amazon_3256,Goodreads_books_20344,True
Amazon_11237,Goodreads_books_33497,False
Amazon_17668,Goodreads_books_31767,True
Amazon_366,Goodreads_books_32002,False
Amazon_13396,Goodreads_books_23813,True
Amazon_13424,Goodreads_books_37769,False
Amazon_18184,Goodreads_books_32653,True
Amazon_10110,Goodreads_books_38530,True
Amazon_17340,Goodreads_books_34582,True
Amazon_20557,Goodreads_books_30038,False
Amazon_14004,Goodreads_books_571,False
Amazon_9177,Goodreads_books_10452,False
Amazon_12348,Goodreads_books_16352,False
Amazon_12662,Goodreads_books_3047,False
Amazon_2978,Goodreads_books_30892,False
Amazon_10502,Goodreads_books_39090,True
Amazon_18457,Goodreads_books_8921,True
Amazon_20855,Goodreads_books_30806,True
Amazon_19423,Goodreads_books_18369,False
Amazon_21369,Goodreads_books_37532,False
Amazon_96,Goodreads_books_13213,False
Amazon_20998,Goodreads_books_32456,True
Amazon_15296,Goodreads_books_36050,True
Amazon_17937,Goodreads_books_5370,False
Amazon_18395,Goodreads_books_35552,True
Amazon_10471,Goodreads_books_4144,True
Amazon_2566,Goodreads_books_25619,False
Amazon_14745,Goodreads_books_28914,True
Amazon_6178,Goodreads_books_13873,False
Amazon_22044,Goodreads_books_30802,False
Amazon_18039,Goodreads_books_13672,True
Amazon_16244,Goodreads_books_24333,False
Amazon_12229,Goodreads_books_22569,True
Amazon_18101,Goodreads_books_33972,True
Amazon_591,Goodreads_books_36322,True
Amazon_22031,Goodreads_books_13100,False
Amazon_4717,Goodreads_books_11860,True
Amazon_10785,Goodreads_books_35873,True
Amazon_19928,Goodreads_books_39035,False
Amazon_18483,Goodreads_books_29413,False
Amazon_20407,Goodreads_books_16391,False
Amazon_11943,Goodreads_books_30949,False
Amazon_11236,Goodreads_books_27763,False
Amazon_8541,Goodreads_books_9016,False
Amazon_9578,Goodreads_books_38990,False
Amazon_20306,Goodreads_books_32002,False
Amazon_13392,Goodreads_books_11671,True
Amazon_9539,Goodreads_books_24388,True
Amazon_13567,Goodreads_books_21859,True
Amazon_7778,Goodreads_books_23895,True
Amazon_22075,Goodreads_books_11196,False
Amazon_4231,Goodreads_books_29622,True
Amazon_1092,Goodreads_books_38349,False
Amazon_13760,Goodreads_books_8723,True
Amazon_18423,Goodreads_books_10896,True
Amazon_10470,Goodreads_books_25122,True
Amazon_10888,Goodreads_books_21664,True
Amazon_13947,Goodreads_books_37546,True
Amazon_9632,Goodreads_books_22836,False
Amazon_5488,Goodreads_books_4709,False
Amazon_10133,Goodreads_books_3266,False
Amazon_3162,Goodreads_books_39216,True
Amazon_10584,Goodreads_books_23523,True
Amazon_17094,Goodreads_books_36730,True
Amazon_11560,Goodreads_books_12314,False
Amazon_16537,Goodreads_books_17411,True
Amazon_8986,Goodreads_books_4496,False
Amazon_5347,Goodreads_books_578,True
Amazon_10071,Goodreads_books_18010,False
Amazon_11806,Goodreads_books_26546,True
Amazon_9937,Goodreads_books_22180,False
Amazon_8378,Goodreads_books_10110,False
Amazon_21790,Goodreads_books_23659,False
Amazon_22421,Goodreads_books_3606,False
Amazon_20240,Goodreads_books_32361,False
Amazon_20340,Goodreads_books_26639,False
Amazon_13875,Goodreads_books_37874,False
Amazon_16344,Goodreads_books_11917,True
Amazon_8064,Goodreads_books_26638,False
Amazon_21371,Goodreads_books_10152,False
Amazon_16555,Goodreads_books_30157,True
Amazon_19461,Goodreads_books_23605,False
Amazon_238,Goodreads_books_10263,False
Amazon_22653,Goodreads_books_11081,False
Amazon_15049,Goodreads_books_30619,True
Amazon_15325,Goodreads_books_30805,False
Amazon_1035,Goodreads_books_8238,False
Amazon_19220,Goodreads_books_21234,False
Amazon_20973,Goodreads_books_27050,False
Amazon_16171,Goodreads_books_38452,False
Amazon_19804,Goodreads_books_27777,False
Amazon_17338,Goodreads_books_19397,True
Amazon_19933,Goodreads_books_7888,False
Amazon_2702,Goodreads_books_21412,False
Amazon_2752,Goodreads_books_7698,False
Amazon_13610,Goodreads_books_8801,True
Amazon_21200,Goodreads_books_11403,True
Amazon_4847,Goodreads_books_36538,False
Amazon_8313,Goodreads_books_22196,False
Amazon_1712,Goodreads_books_17898,False
Amazon_9863,Goodreads_books_34951,False
Amazon_3924,Goodreads_books_19017,False
Amazon_5528,Goodreads_books_21349,False
Amazon_17970,Goodreads_books_30708,True
Amazon_4324,Goodreads_books_18384,True
Amazon_5701,Goodreads_books_38560,False
Amazon_8004,Goodreads_books_3068,False
Amazon_10729,Goodreads_books_2989,False
Amazon_99,Goodreads_books_467,True
Amazon_7964,Goodreads_books_10892,False
Amazon_19882,Goodreads_books_416,False
Amazon_22256,Goodreads_books_23575,False
Amazon_18431,Goodreads_books_13377,False
Amazon_11323,Goodreads_books_16352,False
Amazon_9950,Goodreads_books_21109,False
Amazon_1144,Goodreads_books_7591,False
Amazon_10814,Goodreads_books_2758,True
Amazon_13981,Goodreads_books_6648,True
Amazon_20909,Goodreads_books_2972,False
Amazon_4054,Goodreads_books_1157,True
Amazon_8076,Goodreads_books_14167,False
Amazon_8257,Goodreads_books_4755,False
Amazon_467,Goodreads_books_23745,False
Amazon_18222,Goodreads_books_5370,False
Amazon_19039,Goodreads_books_18208,False
Amazon_10221,Goodreads_books_13802,True
Amazon_1040,Goodreads_books_32292,False
Amazon_19607,Goodreads_books_16486,False
Amazon_8650,Goodreads_books_28231,False
Amazon_21855,Goodreads_books_32876,False
Amazon_10742,Goodreads_books_10952,True
Amazon_13183,Goodreads_books_6280,False
Amazon_15907,Goodreads_books_35270,False
Amazon_11810,Goodreads_books_31710,True
Amazon_10155,Goodreads_books_26133,True
Amazon_21733,Goodreads_books_32551,False
Amazon_10070,Goodreads_books_29098,False
Amazon_1570,Goodreads_books_34084,False
Amazon_6418,Goodreads_books_17267,False
Amazon_231,Goodreads_books_28218,False
Amazon_7011,Goodreads_books_32382,True
Amazon_20020,Goodreads_books_15789,False
Amazon_8613,Goodreads_books_35037,False
Amazon_11370,Goodreads_books_7337,False
Amazon_2027,Goodreads_books_29968,False
Amazon_12127,Goodreads_books_24113,False
Amazon_20668,Goodreads_books_34487,False
Amazon_3717,Goodreads_books_7302,True
Amazon_1906,Goodreads_books_32638,False
Amazon_8295,Goodreads_books_19483,False
Amazon_6656,Goodreads_books_1765,False
Amazon_11800,Goodreads_books_32257,True
Amazon_14817,Goodreads_books_11757,False
Amazon_604,Goodreads_books_26684,False
Amazon_2097,Goodreads_books_11686,False
Amazon_20849,Goodreads_books_30792,True
Amazon_20234,Goodreads_books_31073,False
Amazon_15021,Goodreads_books_1854,True
Amazon_11881,Goodreads_books_14848,False
Amazon_11036,Goodreads_books_2641,False
Amazon_3882,Goodreads_books_21709,True
Amazon_22364,Goodreads_books_985,True
Amazon_21127,Goodreads_books_123,False
Amazon_21350,Goodreads_books_24959,False
Amazon_12313,Goodreads_books_20095,False
Amazon_19063,Goodreads_books_33346,False
Amazon_5005,Goodreads_books_30799,True
Amazon_15754,Goodreads_books_10921,False
Amazon_18763,Goodreads_books_2881,False
Amazon_4198,Goodreads_books_23286,False
Amazon_6940,Goodreads_books_34156,False
Amazon_2731,Goodreads_books_31489,False
Amazon_10631,Goodreads_books_3280,False
Amazon_13434,Goodreads_books_8223,False
Amazon_17251,Goodreads_books_24,True
Amazon_16310,Goodreads_books_20219,False
Amazon_17597,Goodreads_books_19016,True
Amazon_6327,Goodreads_books_29944,False
Amazon_1361,Goodreads_books_36463,False
Amazon_17189,Goodreads_books_1319,True
Amazon_17899,Goodreads_books_31426,True
Amazon_7940,Goodreads_books_31684,True
Amazon_12028,Goodreads_books_654,False
Amazon_10156,Goodreads_books_32627,True
Amazon_1598,Goodreads_books_33481,True
Amazon_4713,Goodreads_books_6854,True
Amazon_11251,Goodreads_books_23233,False
Amazon_401,Goodreads_books_32048,False
Amazon_18441,Goodreads_books_13198,False
Amazon_2976,Goodreads_books_1208,True
Amazon_8178,Goodreads_books_32002,False
Amazon_21015,Goodreads_books_38939,True
Amazon_16185,Goodreads_books_9051,False
Amazon_15532,Goodreads_books_23696,False
Amazon_2864,Goodreads_books_35634,True
Amazon_6832,Goodreads_books_36357,False
Amazon_10675,Goodreads_books_27912,True
Amazon_5927,Goodreads_books_10253,False
Amazon_4625,Goodreads_books_17501,False
Amazon_22395,Goodreads_books_5273,False
Amazon_12660,Goodreads_books_16307,False
Amazon_8127,Goodreads_books_5569,False
Amazon_6915,Goodreads_books_5539,False
Amazon_2207,Goodreads_books_2812,True
Amazon_11977,Goodreads_books_14438,False
Amazon_6846,Goodreads_books_15145,False
Amazon_10299,Goodreads_books_3280,False
Amazon_6411,Goodreads_books_5476,False
Amazon_12041,Goodreads_books_17557,True
Amazon_8194,Goodreads_books_10263,False
Amazon_1806,Goodreads_books_15364,False
Amazon_14088,Goodreads_books_23846,False
Amazon_19638,Goodreads_books_12778,False
Amazon_7782,Goodreads_books_27696,True
Amazon_9726,Goodreads_books_18641,False
Amazon_21801,Goodreads_books_24959,False
Amazon_19170,Goodreads_books_6433,False
Amazon_19266,Goodreads_books_36637,False
Amazon_484,Goodreads_books_5299,False
Amazon_8169,Goodreads_books_7443,False
Amazon_1582,Goodreads_books_27224,False
Amazon_21486,Goodreads_books_15794,False
Amazon_11185,Goodreads_books_36260,False
Amazon_11566,Goodreads_books_33375,False
Amazon_19280,Goodreads_books_6150,False
Amazon_742,Goodreads_books_8938,False
Amazon_4818,Goodreads_books_35937,False
Amazon_14550,Goodreads_books_35201,False
Amazon_10814,Goodreads_books_2758,True
Amazon_22070,Goodreads_books_1613,False
Amazon_16862,Goodreads_books_10274,True
Amazon_21603,Goodreads_books_18190,False
Amazon_5865,Goodreads_books_14917,False
Amazon_20299,Goodreads_books_3986,False
Amazon_17515,Goodreads_books_32535,True
Amazon_3408,Goodreads_books_32498,True
Amazon_20974,Goodreads_books_39162,False
Amazon_10655,Goodreads_books_4026,True
Amazon_4860,Goodreads_books_33905,False
Amazon_19741,Goodreads_books_1631,False
Amazon_21972,Goodreads_books_20168,False
Amazon_2503,Goodreads_books_29968,False
Amazon_8123,Goodreads_books_11622,False
Amazon_20011,Goodreads_books_2937,False
Amazon_1524,Goodreads_books_25128,True
Amazon_19303,Goodreads_books_29209,False
Amazon_15511,Goodreads_books_29181,True
Amazon_18436,Goodreads_books_29798,True
Amazon_687,Goodreads_books_1656,True
Amazon_14370,Goodreads_books_21578,False
Amazon_8171,Goodreads_books_26480,False
Amazon_4229,Goodreads_books_21726,True
Amazon_11306,Goodreads_books_19388,False
Amazon_8264,Goodreads_books_6775,False
Amazon_461,Goodreads_books_4363,False
Amazon_425,Goodreads_books_38156,False
Amazon_12965,Goodreads_books_14649,False
Amazon_2543,Goodreads_books_2213,False
Amazon_5332,Goodreads_books_6029,False
Amazon_9855,Goodreads_books_15707,False
Amazon_15440,Goodreads_books_32230,True
Amazon_17133,Goodreads_books_12401,True
Amazon_3426,Goodreads_books_30582,False
Amazon_21028,Goodreads_books_33771,False
Amazon_17049,Goodreads_books_31267,True
Amazon_688,Goodreads_books_26788,False
Amazon_22529,Goodreads_books_30129,False
Amazon_652,Goodreads_books_7143,True
Amazon_6755,Goodreads_books_21361,False
Amazon_5526,Goodreads_books_4709,False
Amazon_2489,Goodreads_books_26638,False
Amazon_17218,Goodreads_books_38634,True
Amazon_10073,Goodreads_books_35750,False
Amazon_375,Goodreads_books_7259,False
Amazon_938,Goodreads_books_25083,False
Amazon_12195,Goodreads_books_27405,False
Amazon_10629,Goodreads_books_25865,True
Amazon_12493,Goodreads_books_21569,False
Amazon_3593,Goodreads_books_36020,True
Amazon_17595,Goodreads_books_30697,True
Amazon_6787,Goodreads_books_33372,False
Amazon_5895,Goodreads_books_23198,False
Amazon_9209,Goodreads_books_14088,False
Amazon_20493,Goodreads_books_19030,False
Amazon_4011,Goodreads_books_22850,False
Amazon_1304,Goodreads_books_31135,False
Amazon_12910,Goodreads_books_36133,True
Amazon_3103,Goodreads_books_10426,False
Amazon_18008,Goodreads_books_30436,True
Amazon_18930,Goodreads_books_16148,False
Amazon_4529,Goodreads_books_31500,True
Amazon_1969,Goodreads_books_21361,False
Amazon_9751,Goodreads_books_13213,False
Amazon_3965,Goodreads_books_16525,True
Amazon_22456,Goodreads_books_30824,False
Amazon_21741,Goodreads_books_21586,False
Amazon_22658,Goodreads_books_25404,False
Amazon_10339,Goodreads_books_3663,True
Amazon_8329,Goodreads_books_19388,False
Amazon_5764,Goodreads_books_6732,False
Amazon_5822,Goodreads_books_26399,False
Amazon_22539,Goodreads_books_20620,True
Amazon_2247,Goodreads_books_5744,False
Amazon_22410,Goodreads_books_20486,False
Amazon_6686,Goodreads_books_3327,False
Amazon_2046,Goodreads_books_14206,True
Amazon_4461,Goodreads_books_4852,False
Amazon_16140,Goodreads_books_10705,False
Amazon_10954,Goodreads_books_36970,True
Amazon_9667,Goodreads_books_18641,False
Amazon_21044,Goodreads_books_32080,True
Amazon_22346,Goodreads_books_23575,False
Amazon_6559,Goodreads_books_26213,False
Amazon_1090,Goodreads_books_35177,True
Amazon_4897,Goodreads_books_22499,False
Amazon_2400,Goodreads_books_19054,True
Amazon_2293,Goodreads_books_24113,False
Amazon_10872,Goodreads_books_13483,True
Amazon_4267,Goodreads_books_25545,False
Amazon_17165,Goodreads_books_37957,True
Amazon_10533,Goodreads_books_8765,False
Amazon_3422,Goodreads_books_36003,False
Amazon_9834,Goodreads_books_27702,False
Amazon_15590,Goodreads_books_1813,False
Amazon_5554,Goodreads_books_8608,False
Amazon_22633,Goodreads_books_21594,True
Amazon_19899,Goodreads_books_15043,False
Amazon_5081,Goodreads_books_34873,True
Amazon_1589,Goodreads_books_36444,True
Amazon_8623,Goodreads_books_7766,False
Amazon_14704,Goodreads_books_22393,True
Amazon_15943,Goodreads_books_26638,False
Amazon_22533,Goodreads_books_15919,False
Amazon_19753,Goodreads_books_26623,False
Amazon_11857,Goodreads_books_32002,False
Amazon_19451,Goodreads_books_4553,False
Amazon_468,Goodreads_books_29542,False
Amazon_14202,Goodreads_books_38764,False
Amazon_3126,Goodreads_books_26937,False
Amazon_6384,Goodreads_books_19517,False
Amazon_10373,Goodreads_books_35482,False
Amazon_11067,Goodreads_books_21504,False
Amazon_372,Goodreads_books_38990,False
Amazon_15525,Goodreads_books_33906,False
Amazon_5837,Goodreads_books_30120,False
Amazon_3824,Goodreads_books_17141,True
Amazon_12398,Goodreads_books_25603,False
Amazon_19527,Goodreads_books_14633,False
Amazon_8106,Goodreads_books_3874,False
Amazon_3817,Goodreads_books_4436,True
Amazon_21497,Goodreads_books_8477,False
Amazon_20494,Goodreads_books_10049,False
Amazon_919,Goodreads_books_5539,False
Amazon_18122,Goodreads_books_5370,False
Amazon_7919,Goodreads_books_34524,False
Amazon_22684,Goodreads_books_23956,True
Amazon_6230,Goodreads_books_11546,False
Amazon_21724,Goodreads_books_38214,True
Amazon_13491,Goodreads_books_17545,True
Amazon_21154,Goodreads_books_20920,True
Amazon_12487,Goodreads_books_6188,False
Amazon_3654,Goodreads_books_25738,False
Amazon_143,Goodreads_books_23545,False
Amazon_11939,Goodreads_books_3994,False
Amazon_14972,Goodreads_books_25852,True
Amazon_4516,Goodreads_books_2683,True
Amazon_6432,Goodreads_books_10212,False
Amazon_11069,Goodreads_books_31551,False
Amazon_9584,Goodreads_books_11640,True
Amazon_16614,Goodreads_books_9592,True
Amazon_3727,Goodreads_books_26788,False
Amazon_4187,Goodreads_books_32412,False
Amazon_2572,Goodreads_books_2958,True
Amazon_14185,Goodreads_books_7998,False
Amazon_21446,Goodreads_books_11938,False
Amazon_4091,Goodreads_books_26788,False
Amazon_8046,Goodreads_books_8096,False
Amazon_13504,Goodreads_books_33009,True
Amazon_21392,Goodreads_books_30162,False
Amazon_8947,Goodreads_books_11180,False
Amazon_2078,Goodreads_books_9269,False
Amazon_873,Goodreads_books_16149,False
Amazon_1520,Goodreads_books_3874,False
Amazon_18731,Goodreads_books_30931,False
Amazon_6409,Goodreads_books_13982,False
Amazon_13407,Goodreads_books_16497,False
Amazon_4081,Goodreads_books_32463,True
Amazon_78,Goodreads_books_32772,False
Amazon_8890,Goodreads_books_15403,True
Amazon_3029,Goodreads_books_32002,False
Amazon_234,Goodreads_books_3090,False
Amazon_1894,Goodreads_books_30797,True
Amazon_21910,Goodreads_books_30001,False
Amazon_19813,Goodreads_books_7811,False
Amazon_17721,Goodreads_books_11277,True
Amazon_8666,Goodreads_books_10777,False
Amazon_18123,Goodreads_books_2972,False
Amazon_8140,Goodreads_books_3874,False
Amazon_14754,Goodreads_books_2611,True
Amazon_22526,Goodreads_books_13826,False
Amazon_13765,Goodreads_books_14497,True
Amazon_213,Goodreads_books_28218,False
Amazon_11882,Goodreads_books_38479,False
Amazon_13207,Goodreads_books_16222,True
Amazon_13074,Goodreads_books_26505,False
Amazon_4963,Goodreads_books_27128,False
Amazon_22594,Goodreads_books_23575,False
Amazon_12426,Goodreads_books_36662,False
Amazon_8656,Goodreads_books_26638,False
Amazon_18081,Goodreads_books_30849,True
Amazon_17611,Goodreads_books_34170,True
Amazon_3900,Goodreads_books_22850,False
Amazon_3935,Goodreads_books_10478,True
Amazon_16526,Goodreads_books_37935,True
Amazon_14622,Goodreads_books_24785,False
Amazon_6414,Goodreads_books_1481,False
Amazon_2931,Goodreads_books_29299,False
Amazon_7214,Goodreads_books_30652,True
Amazon_10871,Goodreads_books_13672,False
Amazon_7278,Goodreads_books_31257,True
Amazon_4248,Goodreads_books_2518,True
Amazon_12344,Goodreads_books_21922,False
Amazon_10622,Goodreads_books_32677,False
Amazon_12651,Goodreads_books_11938,False
Amazon_21407,Goodreads_books_2521,False
Amazon_712,Goodreads_books_22376,False
Amazon_12129,Goodreads_books_20937,False
Amazon_3105,Goodreads_books_37894,False
Amazon_8564,Goodreads_books_3339,False
Amazon_18439,Goodreads_books_24850,False
Amazon_5453,Goodreads_books_15707,False
Amazon_8509,Goodreads_books_22470,False
Amazon_19709,Goodreads_books_25193,False
Amazon_11702,Goodreads_books_2751,False
Amazon_9033,Goodreads_books_2586,False
Amazon_16857,Goodreads_books_31616,False
Amazon_18153,Goodreads_books_32706,True
Amazon_17048,Goodreads_books_7477,True
Amazon_19217,Goodreads_books_12757,False
Amazon_15212,Goodreads_books_36299,False
Amazon_3559,Goodreads_books_33407,True
Amazon_9369,Goodreads_books_3628,False
Amazon_827,Goodreads_books_17316,True
Amazon_9807,Goodreads_books_22102,True
Amazon_5069,Goodreads_books_11448,True
Amazon_3894,Goodreads_books_9625,True
Amazon_17636,Goodreads_books_24155,True
Amazon_15827,Goodreads_books_8904,False
Amazon_14255,Goodreads_books_24738,False
Amazon_15158,Goodreads_books_1030,True
Amazon_3008,Goodreads_books_18922,True
Amazon_12803,Goodreads_books_32206,False
Amazon_4626,Goodreads_books_6774,False
Amazon_5815,Goodreads_books_188,False
Amazon_20862,Goodreads_books_149,True
Amazon_2158,Goodreads_books_8032,False
Amazon_14439,Goodreads_books_29579,True
Amazon_5802,Goodreads_books_578,False
Amazon_17220,Goodreads_books_37216,True
Amazon_8697,Goodreads_books_33154,False
Amazon_18638,Goodreads_books_33840,False
Amazon_18869,Goodreads_books_12649,False
Amazon_12145,Goodreads_books_26117,False
Amazon_18748,Goodreads_books_36325,False
Amazon_21230,Goodreads_books_4483,False
Amazon_1350,Goodreads_books_3431,False
Amazon_1665,Goodreads_books_15451,False
Amazon_19641,Goodreads_books_36637,False
Amazon_13227,Goodreads_books_29083,False
Amazon_19452,Goodreads_books_28218,False
Amazon_12049,Goodreads_books_2165,True
Amazon_16287,Goodreads_books_32783,True
Amazon_10987,Goodreads_books_26564,False
Amazon_1746,Goodreads_books_26638,False
Amazon_3121,Goodreads_books_35540,True
Amazon_10122,Goodreads_books_35482,True
Amazon_6140,Goodreads_books_5175,False
Amazon_18724,Goodreads_books_18965,False
Amazon_5989,Goodreads_books_21227,False
Amazon_6208,Goodreads_books_39200,False
Amazon_15730,Goodreads_books_18128,False
Amazon_21323,Goodreads_books_15627,False
Amazon_9281,Goodreads_books_38990,False
Amazon_22647,Goodreads_books_23575,False
Amazon_3839,Goodreads_books_16219,False
Amazon_7971,Goodreads_books_5772,False
Amazon_7299,Goodreads_books_12926,True
Amazon_17009,Goodreads_books_30903,True
Amazon_11434,Goodreads_books_16352,False
Amazon_2086,Goodreads_books_5273,False
Amazon_19261,Goodreads_books_30465,False
Amazon_12534,Goodreads_books_31183,False
Amazon_9254,Goodreads_books_11939,True
Amazon_97,Goodreads_books_27996,True
Amazon_10389,Goodreads_books_3967,True
Amazon_10440,Goodreads_books_30802,False
Amazon_17215,Goodreads_books_35537,True
Amazon_16734,Goodreads_books_2089,False
Amazon_15346,Goodreads_books_31166,True
Amazon_13140,Goodreads_books_24808,False
Amazon_3470,Goodreads_books_20636,True
Amazon_1290,Goodreads_books_12466,False
Amazon_9525,Goodreads_books_18641,False
Amazon_11066,Goodreads_books_35033,False
Amazon_5305,Goodreads_books_19723,False
Amazon_15942,Goodreads_books_7935,False
Amazon_13123,Goodreads_books_25756,False
Amazon_15434,Goodreads_books_38098,False
Amazon_7352,Goodreads_books_27645,True
Amazon_16950,Goodreads_books_33108,True
Amazon_5113,Goodreads_books_35819,True
Amazon_16315,Goodreads_books_32002,False
Amazon_21615,Goodreads_books_3757,False
Amazon_21316,Goodreads_books_1208,False
Amazon_1356,Goodreads_books_19913,False
Amazon_10341,Goodreads_books_8765,False
Amazon_21936,Goodreads_books_20915,False
Amazon_18082,Goodreads_books_11395,False
Amazon_3695,Goodreads_books_33721,True
Amazon_21511,Goodreads_books_30553,False
Amazon_304,Goodreads_books_13213,False
Amazon_11316,Goodreads_books_38990,False
Amazon_16349,Goodreads_books_36332,True
Amazon_18952,Goodreads_books_22582,False
Amazon_22682,Goodreads_books_35393,True
Amazon_12963,Goodreads_books_7175,True
Amazon_5620,Goodreads_books_31975,False
Amazon_18982,Goodreads_books_10896,False
Amazon_17470,Goodreads_books_4044,True
Amazon_5037,Goodreads_books_30496,True
Amazon_10566,Goodreads_books_705,False
Amazon_14170,Goodreads_books_10950,False
Amazon_9184,Goodreads_books_33840,False
Amazon_5257,Goodreads_books_37607,False
Amazon_19978,Goodreads_books_15043,False
Amazon_22357,Goodreads_books_23575,False
Amazon_16769,Goodreads_books_16609,False
Amazon_19125,Goodreads_books_24808,False
Amazon_10423,Goodreads_books_4051,True
Amazon_16693,Goodreads_books_7623,False
Amazon_5922,Goodreads_books_188,False
Amazon_3857,Goodreads_books_17948,True
Amazon_2313,Goodreads_books_33847,False
Amazon_14490,Goodreads_books_470,False
Amazon_12047,Goodreads_books_38295,False
Amazon_10037,Goodreads_books_28380,False
Amazon_9170,Goodreads_books_29968,False
Amazon_11944,Goodreads_books_2587,False
Amazon_10583,Goodreads_books_35649,True
Amazon_19919,Goodreads_books_29044,False
Amazon_12526,Goodreads_books_36451,False
Amazon_6283,Goodreads_books_25002,False
Amazon_12323,Goodreads_books_34682,False
Amazon_12205,Goodreads_books_20911,False
Amazon_8470,Goodreads_books_20369,False
Amazon_10248,Goodreads_books_23173,True
Amazon_4695,Goodreads_books_34260,True
Amazon_1078,Goodreads_books_37928,False
Amazon_17600,Goodreads_books_37244,True
Amazon_11309,Goodreads_books_20047,False
Amazon_18146,Goodreads_books_30718,True
Amazon_2774,Goodreads_books_24634,False
Amazon_10120,Goodreads_books_36715,True
Amazon_20564,Goodreads_books_4198,False
Amazon_3132,Goodreads_books_440,True
Amazon_15561,Goodreads_books_17832,True
Amazon_13237,Goodreads_books_11455,True
Amazon_10309,Goodreads_books_28834,False
Amazon_6590,Goodreads_books_35053,False
Amazon_19197,Goodreads_books_32374,False
Amazon_11153,Goodreads_books_16352,False
Amazon_5468,Goodreads_books_21834,False
Amazon_13008,Goodreads_books_36368,False
Amazon_4967,Goodreads_books_34404,True
Amazon_4960,Goodreads_books_32883,False
Amazon_945,Goodreads_books_8096,False
Amazon_18325,Goodreads_books_8323,False
Amazon_4123,Goodreads_books_5489,False
Amazon_4060,Goodreads_books_10254,False
Amazon_6474,Goodreads_books_34377,False
Amazon_12244,Goodreads_books_36635,False
Amazon_10698,Goodreads_books_9413,False
Amazon_10739,Goodreads_books_13868,True
Amazon_16712,Goodreads_books_4332,True
Amazon_11288,Goodreads_books_22562,True
Amazon_3574,Goodreads_books_39067,False
Amazon_10448,Goodreads_books_20109,True
Amazon_6524,Goodreads_books_28218,False
Amazon_12032,Goodreads_books_38094,False
Amazon_5413,Goodreads_books_21637,False
Amazon_22099,Goodreads_books_35219,False
Amazon_18740,Goodreads_books_12039,False
Amazon_1098,Goodreads_books_36285,False
Amazon_11549,Goodreads_books_26788,False
Amazon_17516,Goodreads_books_38065,True
Amazon_19857,Goodreads_books_30917,False
Amazon_16711,Goodreads_books_10929,False
Amazon_22154,Goodreads_books_34620,False
Amazon_21442,Goodreads_books_36451,False
Amazon_4041,Goodreads_books_35619,True
Amazon_20923,Goodreads_books_30660,True
Amazon_22423,Goodreads_books_39003,True
Amazon_22165,Goodreads_books_9561,False
Amazon_11674,Goodreads_books_223,True
Amazon_22114,Goodreads_books_19544,False
Amazon_16262,Goodreads_books_31514,True
Amazon_12928,Goodreads_books_17894,False
Amazon_8675,Goodreads_books_26788,False
Amazon_21518,Goodreads_books_28852,False
Amazon_11092,Goodreads_books_16753,True
Amazon_8744,Goodreads_books_3287,False
Amazon_6983,Goodreads_books_30554,True
Amazon_1210,Goodreads_books_27289,True
Amazon_8069,Goodreads_books_16142,False
Amazon_20391,Goodreads_books_31304,False
Amazon_15444,Goodreads_books_31041,True
Amazon_633,Goodreads_books_27763,False
Amazon_18165,Goodreads_books_28826,True
Amazon_20264,Goodreads_books_16149,False
Amazon_13919,Goodreads_books_37553,True
Amazon_16553,Goodreads_books_28029,True
Amazon_11405,Goodreads_books_22825,True
Amazon_9390,Goodreads_books_13815,False
Amazon_20755,Goodreads_books_17220,True
Amazon_10137,Goodreads_books_18741,True
Amazon_17123,Goodreads_books_36173,True
Amazon_6554,Goodreads_books_29278,False
Amazon_488,Goodreads_books_32283,False
Amazon_7796,Goodreads_books_36635,False
Amazon_10601,Goodreads_books_8172,True
Amazon_5075,Goodreads_books_9300,False
Amazon_17130,Goodreads_books_36967,True
Amazon_7995,Goodreads_books_5569,False
Amazon_11578,Goodreads_books_35557,False
Amazon_976,Goodreads_books_11303,False
Amazon_16071,Goodreads_books_5156,False
Amazon_2437,Goodreads_books_32002,False
Amazon_14086,Goodreads_books_22157,False
Amazon_16290,Goodreads_books_3414,True
Amazon_2767,Goodreads_books_30240,True
Amazon_5935,Goodreads_books_10917,False
Amazon_13450,Goodreads_books_31935,True
Amazon_188,Goodreads_books_26788,False
Amazon_4434,Goodreads_books_38566,False
Amazon_5366,Goodreads_books_7118,False
Amazon_11826,Goodreads_books_22056,True
Amazon_4789,Goodreads_books_7931,True
Amazon_14866,Goodreads_books_20937,False
Amazon_17362,Goodreads_books_36574,True
Amazon_18590,Goodreads_books_29700,True
Amazon_5080,Goodreads_books_15499,True
Amazon_6596,Goodreads_books_17172,False
Amazon_16039,Goodreads_books_38937,False
Amazon_18115,Goodreads_books_33726,True
Amazon_2516,Goodreads_books_2391,False
Amazon_20344,Goodreads_books_28339,False
Amazon_16649,Goodreads_books_5238,False
Amazon_11264,Goodreads_books_5227,False
Amazon_4216,Goodreads_books_34310,True
Amazon_4576,Goodreads_books_30536,True
Amazon_10196,Goodreads_books_4896,True
Amazon_20757,Goodreads_books_1376,False
Amazon_1199,Goodreads_books_31587,True
Amazon_21536,Goodreads_books_18687,False
Amazon_6370,Goodreads_books_23685,False
Amazon_18858,Goodreads_books_9981,False
Amazon_1101,Goodreads_books_11502,True
Amazon_227,Goodreads_books_10146,False
Amazon_10448,Goodreads_books_20109,True
Amazon_692,Goodreads_books_39034,False
Amazon_16504,Goodreads_books_28337,False
Amazon_2592,Goodreads_books_13639,True
Amazon_15204,Goodreads_books_37747,True
Amazon_5916,Goodreads_books_31287,False
Amazon_2366,Goodreads_books_6365,False
Amazon_13501,Goodreads_books_33554,True
Amazon_10506,Goodreads_books_23629,False
Amazon_17256,Goodreads_books_34103,True
Amazon_18284,Goodreads_books_3047,False
Amazon_9110,Goodreads_books_4083,False
Amazon_10357,Goodreads_books_36432,False
Amazon_4780,Goodreads_books_31077,True
Amazon_3517,Goodreads_books_32002,False
Amazon_13503,Goodreads_books_35413,True
Amazon_970,Goodreads_books_6633,False
Amazon_9245,Goodreads_books_29568,True
Amazon_10505,Goodreads_books_23742,True
Amazon_3485,Goodreads_books_375,False
Amazon_18859,Goodreads_books_639,False
Amazon_1411,Goodreads_books_20746,True
Amazon_21238,Goodreads_books_12749,False
Amazon_17361,Goodreads_books_918,True
Amazon_22401,Goodreads_books_39306,True
Amazon_14787,Goodreads_books_33916,False
Amazon_12401,Goodreads_books_18222,False
Amazon_2732,Goodreads_books_21412,False
Amazon_10239,Goodreads_books_27048,False
Amazon_6036,Goodreads_books_27180,False
Amazon_6115,Goodreads_books_7449,False
Amazon_18308,Goodreads_books_7443,False
Amazon_4875,Goodreads_books_37130,False
Amazon_1342,Goodreads_books_22723,False
Amazon_12043,Goodreads_books_38851,False
Amazon_17298,Goodreads_books_35126,True
Amazon_18701,Goodreads_books_34085,False
Amazon_14119,Goodreads_books_32002,False
Amazon_19089,Goodreads_books_3903,False
Amazon_4553,Goodreads_books_32048,False
Amazon_22160,Goodreads_books_3857,False
Amazon_947,Goodreads_books_23672,False
Amazon_4313,Goodreads_books_26638,False
Amazon_22251,Goodreads_books_27436,False
Amazon_11754,Goodreads_books_22909,False
Amazon_11070,Goodreads_books_20363,True
Amazon_376,Goodreads_books_31936,False
Amazon_13461,Goodreads_books_947,False
Amazon_2777,Goodreads_books_29968,False
Amazon_11792,Goodreads_books_26708,False
Amazon_5314,Goodreads_books_28487,True
Amazon_929,Goodreads_books_2886,False
Amazon_17233,Goodreads_books_1739,True
Amazon_11887,Goodreads_books_26218,False
Amazon_19073,Goodreads_books_32206,False
Amazon_21520,Goodreads_books_38533,False
Amazon_1324,Goodreads_books_37793,True
Amazon_21188,Goodreads_books_29488,True
Amazon_15395,Goodreads_books_37979,True
Amazon_10233,Goodreads_books_27521,False
Amazon_8352,Goodreads_books_11308,False
Amazon_13836,Goodreads_books_34467,True
Amazon_16684,Goodreads_books_32002,False
Amazon_10123,Goodreads_books_22727,True
Amazon_21099,Goodreads_books_36518,True
Amazon_5934,Goodreads_books_5341,False
Amazon_11165,Goodreads_books_32758,True
Amazon_8258,Goodreads_books_19014,False
Amazon_59,Goodreads_books_3991,False
Amazon_10098,Goodreads_books_23738,True
Amazon_22109,Goodreads_books_10777,False
Amazon_10582,Goodreads_books_25205,True
Amazon_3359,Goodreads_books_12634,True
Amazon_18567,Goodreads_books_7886,False
Amazon_12073,Goodreads_books_34761,True
Amazon_16756,Goodreads_books_9759,True
Amazon_17032,Goodreads_books_1815,True
Amazon_15219,Goodreads_books_29835,False
Amazon_1074,Goodreads_books_30731,False
Amazon_10724,Goodreads_books_11834,True
Amazon_12107,Goodreads_books_33916,True
Amazon_9361,Goodreads_books_35573,False
Amazon_5143,Goodreads_books_27241,True
Amazon_15972,Goodreads_books_33209,False
Amazon_2808,Goodreads_books_30482,True
Amazon_17333,Goodreads_books_3474,True
Amazon_5127,Goodreads_books_22275,True
Amazon_9838,Goodreads_books_13213,False
Amazon_19548,Goodreads_books_28797,False
Amazon_10218,Goodreads_books_36464,True
Amazon_15369,Goodreads_books_1560,True
Amazon_2009,Goodreads_books_29968,False
Amazon_4377,Goodreads_books_5371,True
Amazon_7938,Goodreads_books_17755,False
Amazon_22257,Goodreads_books_23575,False
Amazon_10896,Goodreads_books_36820,False
Amazon_10156,Goodreads_books_32627,True
Amazon_1899,Goodreads_books_18318,False
Amazon_12562,Goodreads_books_36635,False
Amazon_16240,Goodreads_books_31967,False
Amazon_6056,Goodreads_books_17212,False
Amazon_8752,Goodreads_books_13216,False
Amazon_22486,Goodreads_books_22869,True
Amazon_18034,Goodreads_books_32161,True
Amazon_8953,Goodreads_books_10538,True
Amazon_8558,Goodreads_books_34055,True
Amazon_7754,Goodreads_books_33773,True
Amazon_20950,Goodreads_books_31338,True
Amazon_588,Goodreads_books_7421,False
Amazon_15363,Goodreads_books_34263,False
Amazon_373,Goodreads_books_38583,True
Amazon_20967,Goodreads_books_13980,True
Amazon_18780,Goodreads_books_10337,False
Amazon_2659,Goodreads_books_35219,False
Amazon_5430,Goodreads_books_14442,False
Amazon_18297,Goodreads_books_33196,False
Amazon_15025,Goodreads_books_36613,True
Amazon_11104,Goodreads_books_947,False
Amazon_17373,Goodreads_books_39093,True
Amazon_3716,Goodreads_books_19224,False
Amazon_16990,Goodreads_books_32010,True
Amazon_3472,Goodreads_books_34676,True
Amazon_5842,Goodreads_books_21254,False
Amazon_6035,Goodreads_books_30142,False
Amazon_10844,Goodreads_books_35482,False
Amazon_18739,Goodreads_books_29759,True
Amazon_822,Goodreads_books_8967,False
Amazon_11726,Goodreads_books_34699,True
Amazon_22168,Goodreads_books_1173,False
Amazon_4333,Goodreads_books_4363,False
Amazon_11196,Goodreads_books_23093,True
Amazon_4658,Goodreads_books_30909,True
Amazon_20102,Goodreads_books_9390,False
Amazon_8240,Goodreads_books_22164,False
Amazon_19088,Goodreads_books_32876,False
Amazon_22266,Goodreads_books_23575,False
Amazon_11574,Goodreads_books_26788,False
Amazon_22245,Goodreads_books_13378,False
Amazon_3219,Goodreads_books_1615,True
Amazon_2970,Goodreads_books_34667,True
Amazon_15878,Goodreads_books_38140,True
Amazon_11172,Goodreads_books_35937,False
Amazon_15967,Goodreads_books_19219,False
Amazon_4363,Goodreads_books_39277,True
Amazon_13178,Goodreads_books_7724,False
Amazon_1314,Goodreads_books_10220,False
Amazon_162,Goodreads_books_3081,False
Amazon_15983,Goodreads_books_13377,False
Amazon_2057,Goodreads_books_16777,True
Amazon_6264,Goodreads_books_34524,False
Amazon_8421,Goodreads_books_6874,False
Amazon_8233,Goodreads_books_27551,False
Amazon_22084,Goodreads_books_1926,False
Amazon_1916,Goodreads_books_11180,False
Amazon_14216,Goodreads_books_26250,False
Amazon_15695,Goodreads_books_6466,True
Amazon_5325,Goodreads_books_36812,False
Amazon_4255,Goodreads_books_23672,False
Amazon_3018,Goodreads_books_32397,True
Amazon_8176,Goodreads_books_6615,False
Amazon_21077,Goodreads_books_32845,True
Amazon_6124,Goodreads_books_36106,False
Amazon_21236,Goodreads_books_8842,True
Amazon_12267,Goodreads_books_947,False
Amazon_10139,Goodreads_books_2072,False
Amazon_19665,Goodreads_books_2851,False
Amazon_19200,Goodreads_books_20022,False
Amazon_21789,Goodreads_books_32282,False
Amazon_10215,Goodreads_books_36618,True
Amazon_2046,Goodreads_books_14206,True
Amazon_19563,Goodreads_books_33865,False
Amazon_20750,Goodreads_books_37752,False
Amazon_10997,Goodreads_books_10446,True
Amazon_21704,Goodreads_books_32002,False
Amazon_14667,Goodreads_books_31157,True
Amazon_3006,Goodreads_books_27004,False
Amazon_15807,Goodreads_books_3926,False
Amazon_9887,Goodreads_books_23720,False
Amazon_5245,Goodreads_books_22043,True
Amazon_2132,Goodreads_books_29968,False
Amazon_343,Goodreads_books_28010,False
Amazon_14637,Goodreads_books_6546,False
Amazon_22359,Goodreads_books_21484,False
Amazon_16623,Goodreads_books_34996,True
Amazon_16962,Goodreads_books_37671,True
Amazon_12615,Goodreads_books_28121,False
Amazon_15565,Goodreads_books_12706,True
Amazon_8789,Goodreads_books_19662,True
Amazon_724,Goodreads_books_23838,True
Amazon_21280,Goodreads_books_17536,False
Amazon_10832,Goodreads_books_17663,True
Amazon_11764,Goodreads_books_1927,False
Amazon_10588,Goodreads_books_25025,True
Amazon_22039,Goodreads_books_23727,False
Amazon_3462,Goodreads_books_31110,True
Amazon_20874,Goodreads_books_22606,False
Amazon_21270,Goodreads_books_31115,True
Amazon_3471,Goodreads_books_11427,True
Amazon_350,Goodreads_books_32273,False
Amazon_20504,Goodreads_books_14870,False
Amazon_1472,Goodreads_books_26638,False
Amazon_10593,Goodreads_books_20314,True
Amazon_4382,Goodreads_books_30481,False
Amazon_11842,Goodreads_books_20253,True
Amazon_8278,Goodreads_books_11269,False
Amazon_13088,Goodreads_books_12598,True
Amazon_507,Goodreads_books_10156,False
Amazon_17670,Goodreads_books_34647,True
Amazon_13452,Goodreads_books_23419,False
Amazon_11111,Goodreads_books_12940,True
Amazon_10403,Goodreads_books_28856,True
Amazon_16826,Goodreads_books_31297,True
Amazon_17206,Goodreads_books_31657,True
Amazon_11097,Goodreads_books_10921,True
Amazon_18965,Goodreads_books_15993,False
Amazon_5767,Goodreads_books_27788,False
Amazon_8643,Goodreads_books_8096,False
Amazon_4257,Goodreads_books_30889,False
Amazon_11902,Goodreads_books_12972,True
Amazon_16847,Goodreads_books_30980,True
Amazon_699,Goodreads_books_2059,False
Amazon_5655,Goodreads_books_15707,False
Amazon_4758,Goodreads_books_111,True
Amazon_15436,Goodreads_books_35370,True
Amazon_4729,Goodreads_books_35670,True
Amazon_796,Goodreads_books_27498,True
Amazon_13282,Goodreads_books_4297,False
Amazon_10297,Goodreads_books_31291,True
Amazon_13957,Goodreads_books_38296,False
Amazon_12622,Goodreads_books_17580,False
Amazon_10619,Goodreads_books_1432,True
Amazon_1131,Goodreads_books_24807,False
Amazon_17156,Goodreads_books_31922,True
Amazon_6728,Goodreads_books_9300,False
Amazon_2632,Goodreads_books_27424,False
Amazon_12009,Goodreads_books_23671,False
Amazon_2750,Goodreads_books_14516,False
Amazon_558,Goodreads_books_947,False
Amazon_18,Goodreads_books_35348,True
Amazon_4436,Goodreads_books_33514,False
Amazon_8412,Goodreads_books_18342,False
Amazon_3936,Goodreads_books_1926,False
Amazon_4477,Goodreads_books_30606,True
Amazon_20233,Goodreads_books_19388,False
Amazon_4307,Goodreads_books_31187,False
Amazon_7444,Goodreads_books_37650,True
Amazon_22604,Goodreads_books_23575,False
Amazon_17793,Goodreads_books_31351,True
Amazon_2757,Goodreads_books_16907,True
Amazon_5883,Goodreads_books_31,False
Amazon_18242,Goodreads_books_21883,False
Amazon_994,Goodreads_books_33694,True
Amazon_1988,Goodreads_books_20645,False
Amazon_16965,Goodreads_books_31373,True
Amazon_8146,Goodreads_books_33867,False
Amazon_6126,Goodreads_books_18062,False
Amazon_2453,Goodreads_books_24174,False
Amazon_19223,Goodreads_books_35500,False
Amazon_18557,Goodreads_books_7886,True
Amazon_1273,Goodreads_books_5030,False
Amazon_4935,Goodreads_books_14747,True
Amazon_2743,Goodreads_books_10398,True
Amazon_15881,Goodreads_books_38339,False
Amazon_6807,Goodreads_books_8484,False
Amazon_3614,Goodreads_books_11787,True
Amazon_865,Goodreads_books_23875,False
Amazon_10937,Goodreads_books_29241,False
Amazon_6222,Goodreads_books_8338,False
Amazon_19849,Goodreads_books_15043,False
Amazon_17160,Goodreads_books_25545,True
Amazon_12226,Goodreads_books_9981,False
Amazon_2698,Goodreads_books_21672,False
Amazon_1503,Goodreads_books_26012,True
Amazon_14002,Goodreads_books_16352,False
Amazon_9012,Goodreads_books_26638,False
Amazon_20111,Goodreads_books_3557,False
Amazon_17859,Goodreads_books_32016,True
Amazon_4627,Goodreads_books_31560,True
Amazon_10878,Goodreads_books_25820,False
Amazon_7610,Goodreads_books_5433,True
Amazon_21515,Goodreads_books_33200,False
Amazon_16063,Goodreads_books_7726,False
Amazon_8633,Goodreads_books_10110,False
Amazon_11009,Goodreads_books_16352,True
Amazon_10079,Goodreads_books_20738,False
Amazon_8672,Goodreads_books_20125,False
Amazon_10167,Goodreads_books_20791,False
Amazon_4195,Goodreads_books_38339,False
Amazon_8670,Goodreads_books_10146,False
Amazon_5809,Goodreads_books_10185,False
Amazon_13240,Goodreads_books_25535,True
Amazon_17393,Goodreads_books_3039,True
Amazon_18925,Goodreads_books_33840,False
Amazon_6066,Goodreads_books_11855,False
Amazon_15588,Goodreads_books_34347,True
Amazon_21664,Goodreads_books_20766,False
Amazon_1762,Goodreads_books_28291,True
Amazon_12583,Goodreads_books_12598,False
Amazon_8610,Goodreads_books_25134,False
Amazon_9871,Goodreads_books_13213,False
Amazon_20094,Goodreads_books_22328,False
Amazon_15439,Goodreads_books_37069,True
Amazon_5300,Goodreads_books_15236,True
Amazon_242,Goodreads_books_25454,False
Amazon_4562,Goodreads_books_2609,True
Amazon_10886,Goodreads_books_25325,False
Amazon_7411,Goodreads_books_11233,False
Amazon_17330,Goodreads_books_31506,True
Amazon_4619,Goodreads_books_27343,True
Amazon_12924,Goodreads_books_37607,False
Amazon_19498,Goodreads_books_6150,False
Amazon_811,Goodreads_books_3966,True
Amazon_6776,Goodreads_books_4010,False
Amazon_15819,Goodreads_books_37433,True
Amazon_21945,Goodreads_books_5044,False
Amazon_855,Goodreads_books_15676,False
Amazon_4423,Goodreads_books_16428,False
Amazon_18262,Goodreads_books_34481,True
Amazon_22193,Goodreads_books_15740,False
Amazon_20324,Goodreads_books_24176,False
Amazon_21267,Goodreads_books_11602,True
Amazon_2273,Goodreads_books_35937,False
Amazon_3827,Goodreads_books_32279,True
Amazon_4670,Goodreads_books_19352,False
Amazon_14984,Goodreads_books_38742,True
Amazon_4493,Goodreads_books_36373,True
Amazon_810,Goodreads_books_22133,False
Amazon_11802,Goodreads_books_32002,False
Amazon_21302,Goodreads_books_37086,False
Amazon_13725,Goodreads_books_0,False
Amazon_5849,Goodreads_books_17710,False
Amazon_10892,Goodreads_books_34205,False
Amazon_1471,Goodreads_books_32236,True
Amazon_17736,Goodreads_books_30895,True
Amazon_10420,Goodreads_books_37669,False
Amazon_8043,Goodreads_books_9016,False
Amazon_15732,Goodreads_books_27961,False
Amazon_3990,Goodreads_books_25941,False
Amazon_13799,Goodreads_books_37146,True
Amazon_10272,Goodreads_books_13856,True
Amazon_19591,Goodreads_books_17502,False
Amazon_549,Goodreads_books_19544,False
Amazon_15593,Goodreads_books_10462,True
Amazon_18183,Goodreads_books_31068,True
Amazon_9758,Goodreads_books_4349,True
Amazon_6390,Goodreads_books_26150,False
Amazon_20774,Goodreads_books_39264,False
Amazon_6517,Goodreads_books_13334,False
Amazon_19447,Goodreads_books_12960,False
Amazon_3357,Goodreads_books_6540,True
Amazon_17260,Goodreads_books_12017,True
Amazon_16646,Goodreads_books_17406,False
Amazon_436,Goodreads_books_32138,False
Amazon_9765,Goodreads_books_25442,False
Amazon_12072,Goodreads_books_10689,False
Amazon_13903,Goodreads_books_6150,False
Amazon_17668,Goodreads_books_31767,True
Amazon_4582,Goodreads_books_38129,False
Amazon_18800,Goodreads_books_22202,False
Amazon_1260,Goodreads_books_20855,True
Amazon_18346,Goodreads_books_7778,True
Amazon_21925,Goodreads_books_6897,False
Amazon_165,Goodreads_books_11275,True
Amazon_5898,Goodreads_books_8063,False
Amazon_4528,Goodreads_books_30400,True
Amazon_17815,Goodreads_books_16883,True
Amazon_6202,Goodreads_books_38248,False
Amazon_2251,Goodreads_books_15443,True
Amazon_5170,Goodreads_books_7,True
Amazon_22378,Goodreads_books_4446,False
Amazon_17442,Goodreads_books_33073,True
Amazon_8100,Goodreads_books_26788,False
Amazon_19772,Goodreads_books_15627,False
Amazon_14386,Goodreads_books_5477,True
Amazon_2699,Goodreads_books_2177,False
Amazon_13736,Goodreads_books_19269,True
Amazon_4788,Goodreads_books_18342,False
Amazon_7694,Goodreads_books_9434,False
Amazon_2983,Goodreads_books_37690,True
Amazon_5592,Goodreads_books_16129,True
Amazon_6509,Goodreads_books_9300,True
Amazon_9828,Goodreads_books_15237,False
Amazon_13681,Goodreads_books_36583,False
Amazon_12759,Goodreads_books_9901,False
Amazon_18888,Goodreads_books_18422,False
Amazon_14738,Goodreads_books_2014,False
Amazon_19128,Goodreads_books_11508,False
Amazon_10002,Goodreads_books_27591,False
Amazon_21326,Goodreads_books_23724,True
Amazon_5193,Goodreads_books_38952,True
Amazon_10887,Goodreads_books_13008,True
Amazon_12185,Goodreads_books_14870,False
Amazon_785,Goodreads_books_21084,False
Amazon_1855,Goodreads_books_28218,False
Amazon_3046,Goodreads_books_9807,True
Amazon_4991,Goodreads_books_2315,True
Amazon_11386,Goodreads_books_9948,False
Amazon_16391,Goodreads_books_12591,False
Amazon_20253,Goodreads_books_16361,False
Amazon_3793,Goodreads_books_15704,False
Amazon_431,Goodreads_books_38201,False
Amazon_11154,Goodreads_books_2059,False
Amazon_21985,Goodreads_books_32324,False
Amazon_13557,Goodreads_books_37346,False
Amazon_8202,Goodreads_books_13244,False
Amazon_9685,Goodreads_books_2234,True
Amazon_17396,Goodreads_books_34649,True
Amazon_9792,Goodreads_books_27694,False
Amazon_1027,Goodreads_books_31736,True
Amazon_9282,Goodreads_books_9055,False
Amazon_10745,Goodreads_books_3280,False
Amazon_760,Goodreads_books_26681,False
Amazon_4611,Goodreads_books_21862,True
Amazon_5630,Goodreads_books_19341,False
Amazon_2855,Goodreads_books_33211,False
Amazon_2961,Goodreads_books_426,False
Amazon_22367,Goodreads_books_23575,False
Amazon_11224,Goodreads_books_1971,True
Amazon_21573,Goodreads_books_11612,False
Amazon_17269,Goodreads_books_5232,True
Amazon_9296,Goodreads_books_7882,False
Amazon_20082,Goodreads_books_1926,False
Amazon_1495,Goodreads_books_9811,True
Amazon_21019,Goodreads_books_31885,True
Amazon_12914,Goodreads_books_33064,True
Amazon_21607,Goodreads_books_31746,False
Amazon_13652,Goodreads_books_18062,True
Amazon_11969,Goodreads_books_37894,False
Amazon_3324,Goodreads_books_15825,False
Amazon_11942,Goodreads_books_17986,True
Amazon_16997,Goodreads_books_13979,True
Amazon_12203,Goodreads_books_16307,False
Amazon_7776,Goodreads_books_29463,False
Amazon_19149,Goodreads_books_32374,False
Amazon_3663,Goodreads_books_36462,False
Amazon_15333,Goodreads_books_5044,False
Amazon_15220,Goodreads_books_23422,True
Amazon_18732,Goodreads_books_26785,True
Amazon_15456,Goodreads_books_30421,True
Amazon_14621,Goodreads_books_23802,False
Amazon_17701,Goodreads_books_31802,True
Amazon_10553,Goodreads_books_2859,True
Amazon_22276,Goodreads_books_23575,False
Amazon_478,Goodreads_books_3446,True
Amazon_12472,Goodreads_books_12959,False
Amazon_6709,Goodreads_books_5051,False
Amazon_20488,Goodreads_books_17378,False
Amazon_16639,Goodreads_books_16145,False
Amazon_1784,Goodreads_books_14537,False
Amazon_1825,Goodreads_books_19913,False
Amazon_2638,Goodreads_books_503,True
Amazon_12104,Goodreads_books_24478,False
Amazon_20593,Goodreads_books_4190,False
Amazon_16976,Goodreads_books_32072,True
Amazon_15719,Goodreads_books_5189,True
Amazon_19791,Goodreads_books_23727,False
Amazon_8567,Goodreads_books_28202,False
Amazon_16905,Goodreads_books_11681,False
Amazon_4605,Goodreads_books_30545,True
Amazon_17952,Goodreads_books_33408,True
Amazon_10423,Goodreads_books_4051,True
Amazon_22034,Goodreads_books_28897,False
Amazon_10827,Goodreads_books_34261,True
Amazon_14588,Goodreads_books_16551,True
Amazon_4512,Goodreads_books_31135,False
