Covers_8103,Amazon_13740,True
Covers_6795,Amazon_1471,True
Covers_119,Amazon_5079,True
Covers_246,Amazon_7532,True
Covers_7645,Amazon_8686,True
Covers_3825,Amazon_3461,True
Covers_4483,Amazon_18668,True
Covers_6347,Amazon_1643,True
Covers_4604,Amazon_3683,True
Covers_4781,Amazon_22691,True
Covers_3851,Amazon_6883,True
Covers_2638,Amazon_13725,True
Covers_5406,Amazon_566,True
Covers_7960,Amazon_6393,True
Covers_1157,Amazon_17340,True
Covers_3135,Amazon_11842,True
Covers_6982,Amazon_22457,True
Covers_3169,Amazon_13649,True
Covers_8617,Amazon_17057,True
Covers_6061,Amazon_8282,True
Covers_8828,Amazon_16539,True
Covers_7315,Amazon_8001,True
Covers_7825,Amazon_16483,True
Covers_1132,Amazon_8851,True
Covers_5316,Amazon_1711,True
Covers_6147,Amazon_20431,True
Covers_7356,Amazon_20961,True
Covers_159,Amazon_13088,True
Covers_3906,Amazon_11881,True
Covers_3638,Amazon_15695,True
Covers_6950,Amazon_1090,True
Covers_3741,Amazon_15193,True
Covers_8701,Amazon_3328,True
Covers_3859,Amazon_6599,True
Covers_1033,Amazon_4607,True
Covers_3228,Amazon_11546,True
Covers_1222,Amazon_15216,True
Covers_5272,Amazon_3039,True
Covers_8655,Amazon_4351,True
Covers_3835,Amazon_12199,True
Covers_1703,Amazon_15369,True
Covers_8061,Amazon_2858,True
Covers_1871,Amazon_22280,True
Covers_5154,Amazon_15568,True
Covers_7235,Amazon_3224,True
Covers_4675,Amazon_8835,True
Covers_2927,Amazon_4951,True
Covers_2690,Amazon_18107,True
Covers_6198,Amazon_14611,True
Covers_4832,Amazon_12563,True
Covers_950,Amazon_16202,True
Covers_3867,Amazon_9802,True
Covers_3815,Amazon_12078,True
Covers_7672,Amazon_7534,True
Covers_2066,Amazon_11626,True
Covers_4038,Amazon_11119,True
Covers_6486,Amazon_13665,True
Covers_70,Amazon_18392,True
Covers_6031,Amazon_6813,True
Covers_5373,Amazon_15798,True
Covers_8208,Amazon_4917,True
Covers_105,Amazon_15048,True
Covers_3536,Amazon_21206,True
Covers_5572,Amazon_15222,True
Covers_8262,Amazon_7069,True
Covers_3274,Amazon_12094,True
Covers_8350,Amazon_11182,True
Covers_8794,Amazon_7477,True
Covers_8268,Amazon_2100,True
Covers_2064,Amazon_20584,True
Covers_2133,Amazon_7574,True
Covers_2249,Amazon_14688,True
Covers_5067,Amazon_11787,True
Covers_4544,Amazon_15895,True
Covers_6126,Amazon_20413,True
Covers_6800,Amazon_116,True
Covers_5674,Amazon_3334,True
Covers_6470,Amazon_13902,True
Covers_2890,Amazon_80,True
Covers_6587,Amazon_11727,True
Covers_4419,Amazon_8649,True
Covers_4983,Amazon_4901,True
Covers_2370,Amazon_1005,True
Covers_4715,Amazon_19066,True
Covers_7061,Amazon_4688,True
Covers_8898,Amazon_21593,True
Covers_310,Amazon_13096,True
Covers_1464,Amazon_15499,True
Covers_7877,Amazon_7211,True
Covers_2111,Amazon_3361,True
Covers_6761,Amazon_17215,True
Covers_1322,Amazon_2300,True
Covers_680,Amazon_13479,True
Covers_1954,Amazon_3486,True
Covers_1428,Amazon_8030,True
Covers_885,Amazon_17440,True
Covers_540,Amazon_18357,True
Covers_4465,Amazon_369,True
Covers_8544,Amazon_21543,True
Covers_1264,Amazon_4415,True
Covers_7159,Amazon_21126,True
Covers_2814,Amazon_7980,True
Covers_4716,Amazon_14168,True
Covers_6271,Amazon_7339,True
Covers_5927,Amazon_8023,True
Covers_4243,Amazon_9135,True
Covers_3157,Amazon_15402,True
Covers_4683,Amazon_2390,True
Covers_6003,Amazon_3262,True
Covers_3371,Amazon_10332,True
Covers_2299,Amazon_5117,True
Covers_6896,Amazon_16341,True
Covers_3817,Amazon_15578,True
Covers_3850,Amazon_19685,True
Covers_8887,Amazon_13972,True
Covers_8171,Amazon_15071,True
Covers_2792,Amazon_299,True
Covers_1783,Amazon_13757,True
Covers_5305,Amazon_16082,True
Covers_6834,Amazon_17235,True
Covers_5477,Amazon_8861,True
Covers_5257,Amazon_9661,True
Covers_8646,Amazon_7467,True
Covers_2072,Amazon_18105,True
Covers_1599,Amazon_3890,True
Covers_8568,Amazon_18124,True
Covers_5403,Amazon_13610,True
Covers_2771,Amazon_239,True
Covers_5325,Amazon_1093,True
Covers_2784,Amazon_6218,True
Covers_1040,Amazon_21009,True
Covers_8063,Amazon_9949,True
Covers_593,Amazon_11025,True
Covers_7278,Amazon_7344,True
Covers_929,Amazon_11613,True
Covers_7122,Amazon_11600,True
Covers_6729,Amazon_7269,True
Covers_5721,Amazon_15704,True
Covers_6677,Amazon_15502,True
Covers_811,Amazon_15388,True
Covers_6248,Amazon_17731,True
Covers_91,Amazon_11009,True
Covers_8778,Amazon_1934,True
Covers_1192,Amazon_4646,True
Covers_308,Amazon_17406,True
Covers_1419,Amazon_15098,True
Covers_364,Amazon_6708,True
Covers_7098,Amazon_21168,True
Covers_4491,Amazon_4591,True
Covers_5394,Amazon_3218,True
Covers_4771,Amazon_3597,True
Covers_494,Amazon_17741,True
Covers_7915,Amazon_13372,True
Covers_637,Amazon_4716,True
Covers_639,Amazon_11942,True
Covers_1626,Amazon_13666,True
Covers_6181,Amazon_8491,True
Covers_5966,Amazon_11735,True
Covers_2659,Amazon_2044,True
Covers_8846,Amazon_17640,True
Covers_5388,Amazon_15510,True
Covers_4941,Amazon_13994,True
Covers_3034,Amazon_13679,True
Covers_3628,Amazon_15512,True
Covers_6149,Amazon_2307,True
Covers_7153,Amazon_1412,True
Covers_5123,Amazon_15521,True
Covers_4016,Amazon_11099,True
Covers_1482,Amazon_15160,True
Covers_1355,Amazon_999,True
Covers_5348,Amazon_14605,True
Covers_3862,Amazon_10849,True
Covers_3161,Amazon_18300,True
Covers_6650,Amazon_16480,True
Covers_2027,Amazon_14077,True
Covers_6971,Amazon_21095,True
Covers_3779,Amazon_19545,True
Covers_5290,Amazon_4729,True
Covers_3576,Amazon_10774,True
Covers_4591,Amazon_4307,True
Covers_8571,Amazon_8413,True
Covers_6169,Amazon_12886,True
Covers_8204,Amazon_3124,True
Covers_7387,Amazon_4404,True
Covers_7156,Amazon_11030,True
Covers_5114,Amazon_2288,True
Covers_8079,Amazon_7784,True
Covers_2869,Amazon_3157,True
Covers_6920,Amazon_17432,True
Covers_4724,Amazon_13742,True
Covers_4223,Amazon_20344,True
Covers_1880,Amazon_3477,True
Covers_3570,Amazon_13155,True
Covers_6629,Amazon_17555,True
Covers_6708,Amazon_7503,True
Covers_1956,Amazon_15323,True
Covers_5259,Amazon_11924,True
Covers_6114,Amazon_14506,True
Covers_7880,Amazon_1277,True
Covers_8362,Amazon_17819,True
Covers_6665,Amazon_11634,True
Covers_7009,Amazon_1737,True
Covers_5987,Amazon_12828,True
Covers_7435,Amazon_3459,True
Covers_1058,Amazon_14125,True
Covers_1327,Amazon_7445,True
Covers_5675,Amazon_14302,True
Covers_6455,Amazon_2440,True
Covers_1434,Amazon_12395,True
Covers_6523,Amazon_17511,True
Covers_7400,Amazon_17203,True
Covers_909,Amazon_10591,True
Covers_6691,Amazon_15179,True
Covers_4900,Amazon_11224,True
Covers_5450,Amazon_9815,True
Covers_1590,Amazon_7599,True
Covers_5172,Amazon_11198,True
Covers_348,Amazon_3141,True
Covers_949,Amazon_3925,True
Covers_7303,Amazon_17207,True
Covers_2864,Amazon_17442,True
Covers_5417,Amazon_10615,True
Covers_1584,Amazon_7412,True
Covers_5062,Amazon_700,True
Covers_1193,Amazon_11970,True
Covers_6436,Amazon_7056,True
Covers_6881,Amazon_18062,True
Covers_6721,Amazon_16573,True
Covers_8552,Amazon_1193,True
Covers_1637,Amazon_4494,True
Covers_5001,Amazon_14092,True
Covers_7054,Amazon_17480,True
Covers_3023,Amazon_17705,True
Covers_2384,Amazon_5268,True
Covers_7268,Amazon_7066,True
Covers_8132,Amazon_5037,True
Covers_1648,Amazon_5247,True
Covers_8627,Amazon_14439,True
Covers_4804,Amazon_15209,True
Covers_186,Amazon_8004,True
Covers_3972,Amazon_11810,True
Covers_4884,Amazon_2531,True
Covers_1893,Amazon_11012,True
Covers_5633,Amazon_9716,True
Covers_1237,Amazon_16094,True
Covers_7151,Amazon_2635,True
Covers_858,Amazon_21345,True
Covers_3970,Amazon_5259,True
Covers_8037,Amazon_16394,True
Covers_904,Amazon_12991,True
Covers_7995,Amazon_7859,True
Covers_8446,Amazon_17939,True
Covers_5905,Amazon_1450,True
Covers_4630,Amazon_15162,True
Covers_5074,Amazon_12059,True
Covers_1015,Amazon_16958,True
Covers_3270,Amazon_3710,True
Covers_6209,Amazon_15317,True
Covers_670,Amazon_7778,True
Covers_7710,Amazon_17593,True
Covers_5397,Amazon_11765,True
Covers_8422,Amazon_8128,True
Covers_2844,Amazon_4358,True
Covers_6719,Amazon_7187,True
Covers_2764,Amazon_13807,True
Covers_8740,Amazon_6963,True
Covers_8403,Amazon_7429,True
Covers_8364,Amazon_10723,True
Covers_3060,Amazon_15243,True
Covers_5147,Amazon_9147,True
Covers_7259,Amazon_3300,True
Covers_8166,Amazon_7287,True
Covers_1002,Amazon_2970,True
Covers_4437,Amazon_18739,True
Covers_6180,Amazon_6071,True
Covers_5042,Amazon_15497,True
Covers_5988,Amazon_14956,True
Covers_8877,Amazon_13504,True
Covers_5225,Amazon_15296,True
Covers_7001,Amazon_20797,True
Covers_41456,Amazon_10998,False
Covers_7134,Amazon_9658,False
Covers_1794,Amazon_7382,False
Covers_8505,Amazon_7087,False
Covers_17054,Amazon_3034,False
Covers_2241,Amazon_8994,False
Covers_45233,Amazon_18215,False
Covers_6556,Amazon_18266,False
Covers_22898,Amazon_18624,False
Covers_20558,Amazon_12071,False
Covers_28315,Amazon_1244,False
Covers_48613,Amazon_3415,False
Covers_11928,Amazon_3460,False
Covers_4623,Amazon_12011,False
Covers_8425,Amazon_18878,False
Covers_1166,Amazon_20517,False
Covers_31679,Amazon_10972,False
Covers_782,Amazon_1963,False
Covers_14745,Amazon_17773,False
Covers_40354,Amazon_9457,False
Covers_4519,Amazon_1689,False
Covers_10255,Amazon_11606,False
Covers_10012,Amazon_5125,False
Covers_34611,Amazon_12183,False
Covers_1515,Amazon_1174,False
Covers_8383,Amazon_370,False
Covers_2308,Amazon_397,False
Covers_31743,Amazon_3225,False
Covers_23020,Amazon_4491,False
Covers_8670,Amazon_15733,False
Covers_5144,Amazon_14716,False
Covers_11259,Amazon_17139,False
Covers_546,Amazon_14339,False
Covers_24118,Amazon_21543,False
Covers_2794,Amazon_19535,False
Covers_18453,Amazon_13191,False
Covers_8387,Amazon_1019,False
Covers_6435,Amazon_4366,False
Covers_13711,Amazon_4410,False
Covers_5100,Amazon_4803,False
Covers_33054,Amazon_21131,False
Covers_48576,Amazon_12983,False
Covers_5748,Amazon_16448,False
Covers_18488,Amazon_12501,False
Covers_5013,Amazon_17510,False
Covers_49513,Amazon_12544,False
Covers_10817,Amazon_14308,False
Covers_20624,Amazon_5715,False
Covers_8280,Amazon_4483,False
Covers_22440,Amazon_9011,False
Covers_34201,Amazon_13651,False
Covers_22769,Amazon_19016,False
Covers_572,Amazon_341,False
Covers_21713,Amazon_4828,False
Covers_11146,Amazon_16536,False
Covers_10057,Amazon_6569,False
Covers_19106,Amazon_9588,False
Covers_8118,Amazon_16186,False
Covers_20131,Amazon_14411,False
Covers_23965,Amazon_22611,False
Covers_18555,Amazon_21203,False
Covers_32921,Amazon_17196,False
Covers_45270,Amazon_3380,False
Covers_14109,Amazon_15262,False
Covers_3729,Amazon_7234,False
Covers_4659,Amazon_13194,False
Covers_4627,Amazon_16104,False
Covers_8667,Amazon_10431,False
Covers_14189,Amazon_6962,False
Covers_20849,Amazon_11167,False
Covers_18365,Amazon_2834,False
Covers_6259,Amazon_9910,False
Covers_7804,Amazon_1581,False
Covers_28094,Amazon_9860,False
Covers_34948,Amazon_15972,False
Covers_42079,Amazon_8158,False
Covers_37755,Amazon_3470,False
Covers_7257,Amazon_21810,False
Covers_21309,Amazon_9629,False
Covers_5753,Amazon_19739,False
Covers_17821,Amazon_4669,False
Covers_19330,Amazon_1471,False
Covers_12308,Amazon_16490,False
Covers_20958,Amazon_9050,False
Covers_8378,Amazon_5131,False
Covers_10607,Amazon_11054,False
Covers_24645,Amazon_12200,False
Covers_1048,Amazon_611,False
Covers_14919,Amazon_4495,False
Covers_6176,Amazon_3698,False
Covers_38443,Amazon_14220,False
Covers_20572,Amazon_8331,False
Covers_5136,Amazon_1865,False
Covers_15000,Amazon_435,False
Covers_4637,Amazon_5516,False
Covers_6892,Amazon_13235,False
Covers_8829,Amazon_4959,False
Covers_8221,Amazon_5409,False
Covers_6070,Amazon_15267,False
Covers_13221,Amazon_15667,False
Covers_40033,Amazon_14190,False
Covers_8119,Amazon_15559,False
Covers_33069,Amazon_1734,False
Covers_2947,Amazon_516,False
Covers_10389,Amazon_16488,False
Covers_23085,Amazon_18173,False
Covers_16481,Amazon_5378,False
Covers_39398,Amazon_14777,False
Covers_516,Amazon_273,False
Covers_8482,Amazon_16825,False
Covers_39321,Amazon_8287,False
Covers_17084,Amazon_1327,False
Covers_7158,Amazon_6851,False
Covers_6828,Amazon_18776,False
Covers_8140,Amazon_5211,False
Covers_25030,Amazon_5156,False
Covers_15790,Amazon_1543,False
Covers_6705,Amazon_9187,False
Covers_16459,Amazon_17920,False
Covers_43315,Amazon_9153,False
Covers_1210,Amazon_9442,False
Covers_26024,Amazon_11426,False
Covers_7037,Amazon_2881,False
Covers_4148,Amazon_17767,False
Covers_44271,Amazon_1247,False
Covers_40097,Amazon_14730,False
Covers_667,Amazon_13694,False
Covers_6660,Amazon_15085,False
Covers_43121,Amazon_5560,False
Covers_36446,Amazon_187,False
Covers_7896,Amazon_13750,False
Covers_12895,Amazon_11737,False
Covers_23166,Amazon_11498,False
Covers_20322,Amazon_5478,False
Covers_10054,Amazon_12643,False
Covers_1821,Amazon_22237,False
Covers_48041,Amazon_4954,False
Covers_39619,Amazon_2124,False
Covers_39982,Amazon_21515,False
Covers_702,Amazon_1306,False
Covers_30318,Amazon_17539,False
Covers_4771,Amazon_4113,False
Covers_13514,Amazon_11056,False
Covers_2686,Amazon_22056,False
Covers_23972,Amazon_7105,False
Covers_1310,Amazon_11358,False
Covers_17626,Amazon_4963,False
Covers_20368,Amazon_3094,False
Covers_43555,Amazon_720,False
Covers_5198,Amazon_1661,False
Covers_30286,Amazon_509,False
Covers_10597,Amazon_3111,False
Covers_19872,Amazon_715,False
Covers_13488,Amazon_9671,False
Covers_25214,Amazon_137,False
Covers_29370,Amazon_4662,False
Covers_9438,Amazon_11888,False
Covers_45232,Amazon_15631,False
Covers_45217,Amazon_5276,False
Covers_8466,Amazon_16894,False
Covers_612,Amazon_4672,False
Covers_1379,Amazon_4817,False
Covers_9659,Amazon_10063,False
Covers_27151,Amazon_1164,False
Covers_17687,Amazon_10593,False
Covers_4111,Amazon_7854,False
Covers_32213,Amazon_16019,False
Covers_5154,Amazon_17342,False
Covers_29301,Amazon_14163,False
Covers_16115,Amazon_21299,False
Covers_8566,Amazon_10011,False
Covers_42224,Amazon_4297,False
Covers_16214,Amazon_1807,False
Covers_6922,Amazon_7674,False
Covers_8225,Amazon_1732,False
Covers_6208,Amazon_18126,False
Covers_4183,Amazon_11603,False
Covers_5235,Amazon_1031,False
Covers_14783,Amazon_15961,False
Covers_19648,Amazon_7263,False
Covers_27629,Amazon_6015,False
Covers_20994,Amazon_20494,False
Covers_28971,Amazon_17451,False
Covers_33614,Amazon_10015,False
Covers_8464,Amazon_11401,False
Covers_23067,Amazon_22341,False
Covers_18238,Amazon_1274,False
Covers_9942,Amazon_7978,False
Covers_6846,Amazon_836,False
Covers_38580,Amazon_5678,False
Covers_10954,Amazon_9987,False
Covers_2824,Amazon_12765,False
Covers_8458,Amazon_15688,False
Covers_6485,Amazon_13680,False
Covers_24310,Amazon_2136,False
Covers_9880,Amazon_6817,False
Covers_193,Amazon_104,False
Covers_28702,Amazon_19828,False
Covers_15194,Amazon_15941,False
Covers_20066,Amazon_6763,False
Covers_17088,Amazon_14907,False
Covers_5804,Amazon_16360,False
Covers_35378,Amazon_20910,False
Covers_28677,Amazon_18298,False
Covers_35863,Amazon_14363,False
Covers_2303,Amazon_7846,False
Covers_25788,Amazon_228,False
Covers_18962,Amazon_3121,False
Covers_8047,Amazon_18567,False
Covers_24965,Amazon_8411,False
Covers_18185,Amazon_6911,False
Covers_1967,Amazon_1723,False
Covers_9794,Amazon_22684,False
Covers_24217,Amazon_21165,False
Covers_3571,Amazon_19091,False
Covers_46704,Amazon_4157,False
Covers_25565,Amazon_6740,False
Covers_8057,Amazon_3855,False
Covers_24833,Amazon_5003,False
Covers_763,Amazon_12040,False
Covers_22412,Amazon_525,False
Covers_35536,Amazon_14403,False
Covers_45447,Amazon_17459,False
Covers_20486,Amazon_20514,False
Covers_31008,Amazon_13830,False
Covers_12183,Amazon_5877,False
Covers_32616,Amazon_4684,False
Covers_40722,Amazon_21246,False
Covers_16678,Amazon_20829,False
Covers_36542,Amazon_15019,False
Covers_240,Amazon_3082,False
Covers_6834,Amazon_5620,False
Covers_6360,Amazon_22192,False
Covers_7971,Amazon_16445,False
Covers_39698,Amazon_18344,False
Covers_30055,Amazon_5227,False
Covers_19654,Amazon_6984,False
Covers_11324,Amazon_17371,False
Covers_1482,Amazon_22439,False
Covers_6808,Amazon_2771,False
Covers_3256,Amazon_12223,False
Covers_22766,Amazon_3515,False
Covers_5421,Amazon_3886,False
Covers_35812,Amazon_11693,False
Covers_34930,Amazon_6522,False
Covers_39,Amazon_1444,False
Covers_759,Amazon_18542,False
Covers_45828,Amazon_20321,False
Covers_22343,Amazon_4759,False
Covers_17191,Amazon_3275,False
Covers_1608,Amazon_1086,False
Covers_22982,Amazon_5237,False
Covers_1357,Amazon_5040,False
Covers_11053,Amazon_12382,False
Covers_15905,Amazon_13583,False
Covers_4841,Amazon_13333,False
Covers_21032,Amazon_20586,False
Covers_13030,Amazon_8897,False
Covers_2957,Amazon_22168,False
Covers_12363,Amazon_3784,False
Covers_18576,Amazon_11135,False
Covers_7366,Amazon_22364,False
Covers_3768,Amazon_4416,False
Covers_13611,Amazon_14601,False
Covers_4548,Amazon_7733,False
Covers_2547,Amazon_19450,False
Covers_21845,Amazon_11241,False
Covers_196,Amazon_11656,False
Covers_8121,Amazon_5037,False
Covers_31524,Amazon_7163,False
Covers_11612,Amazon_1493,False
Covers_41059,Amazon_2298,False
Covers_5050,Amazon_20948,False
Covers_78,Amazon_4764,False
Covers_30153,Amazon_4801,False
Covers_26249,Amazon_9370,False
Covers_3911,Amazon_13629,False
Covers_17717,Amazon_11456,False
Covers_7909,Amazon_3083,False
Covers_48970,Amazon_1292,False
Covers_41804,Amazon_15186,False
Covers_8317,Amazon_476,False
Covers_16586,Amazon_4716,False
Covers_8687,Amazon_14172,False
Covers_40577,Amazon_3351,False
Covers_7691,Amazon_5588,False
Covers_4489,Amazon_7318,False
Covers_25624,Amazon_20110,False
Covers_5020,Amazon_20659,False
Covers_5162,Amazon_19029,False
Covers_26368,Amazon_3883,False
Covers_20180,Amazon_5761,False
Covers_33342,Amazon_13238,False
Covers_41857,Amazon_19479,False
Covers_8314,Amazon_11991,False
Covers_288,Amazon_1297,False
Covers_1938,Amazon_5805,False
Covers_16380,Amazon_7424,False
Covers_1062,Amazon_13112,False
Covers_14064,Amazon_1599,False
Covers_7578,Amazon_8946,False
Covers_21552,Amazon_5233,False
Covers_8414,Amazon_121,False
Covers_33506,Amazon_15423,False
Covers_9855,Amazon_364,False
Covers_7105,Amazon_1593,False
Covers_14588,Amazon_20141,False
Covers_4199,Amazon_1279,False
Covers_24805,Amazon_5881,False
Covers_13095,Amazon_11732,False
Covers_9051,Amazon_20341,False
Covers_2209,Amazon_19792,False
Covers_6724,Amazon_15613,False
Covers_37031,Amazon_13735,False
Covers_231,Amazon_11883,False
Covers_11172,Amazon_7900,False
Covers_6143,Amazon_17895,False
Covers_22989,Amazon_15005,False
Covers_28950,Amazon_17538,False
Covers_36081,Amazon_18205,False
Covers_43136,Amazon_11998,False
Covers_13746,Amazon_18974,False
Covers_33288,Amazon_1860,False
Covers_23341,Amazon_21229,False
Covers_38961,Amazon_16904,False
Covers_20944,Amazon_21677,False
Covers_47684,Amazon_10025,False
Covers_21614,Amazon_903,False
Covers_34384,Amazon_15314,False
Covers_10744,Amazon_20080,False
Covers_8259,Amazon_3364,False
Covers_1495,Amazon_14955,False
Covers_34399,Amazon_20893,False
Covers_13727,Amazon_11758,False
Covers_13429,Amazon_17421,False
Covers_7388,Amazon_17123,False
Covers_25106,Amazon_1676,False
Covers_8376,Amazon_2954,False
Covers_5977,Amazon_38,False
Covers_29166,Amazon_8501,False
Covers_26363,Amazon_10984,False
Covers_4238,Amazon_1833,False
Covers_2788,Amazon_3068,False
Covers_24185,Amazon_2531,False
Covers_2015,Amazon_6386,False
Covers_5893,Amazon_2188,False
Covers_5175,Amazon_14714,False
Covers_8534,Amazon_15680,False
Covers_13375,Amazon_1709,False
Covers_939,Amazon_18720,False
Covers_26313,Amazon_14429,False
Covers_1710,Amazon_2277,False
Covers_12212,Amazon_15702,False
Covers_47954,Amazon_5643,False
Covers_2037,Amazon_4566,False
Covers_5572,Amazon_2839,False
Covers_24664,Amazon_3425,False
Covers_2595,Amazon_14085,False
Covers_8271,Amazon_2989,False
Covers_24554,Amazon_11568,False
Covers_19914,Amazon_17064,False
Covers_21889,Amazon_6970,False
Covers_17606,Amazon_1983,False
Covers_5146,Amazon_21582,False
Covers_19095,Amazon_7312,False
Covers_28188,Amazon_12628,False
Covers_1618,Amazon_949,False
Covers_24432,Amazon_21770,False
Covers_3883,Amazon_63,False
Covers_7104,Amazon_13958,False
Covers_16377,Amazon_4980,False
Covers_24470,Amazon_20398,False
Covers_21553,Amazon_2969,False
Covers_36300,Amazon_7847,False
Covers_29700,Amazon_13156,False
Covers_13628,Amazon_15452,False
Covers_43351,Amazon_22528,False
Covers_37475,Amazon_12226,False
Covers_2383,Amazon_6768,False
Covers_4169,Amazon_2753,False
Covers_8719,Amazon_12977,False
Covers_4790,Amazon_11514,False
Covers_36028,Amazon_13684,False
Covers_16206,Amazon_21738,False
Covers_7576,Amazon_7874,False
Covers_18639,Amazon_14497,False
Covers_2322,Amazon_11647,False
Covers_9095,Amazon_13425,False
Covers_7068,Amazon_11563,False
Covers_24254,Amazon_14236,False
Covers_27303,Amazon_5795,False
Covers_23,Amazon_3152,False
Covers_8172,Amazon_3912,False
Covers_28154,Amazon_16101,False
Covers_291,Amazon_3492,False
Covers_9732,Amazon_4894,False
Covers_47914,Amazon_1738,False
Covers_29926,Amazon_16786,False
Covers_11437,Amazon_11562,False
Covers_20494,Amazon_8530,False
Covers_3075,Amazon_3885,False
Covers_23730,Amazon_7428,False
Covers_19200,Amazon_1532,False
Covers_1862,Amazon_9968,False
Covers_11485,Amazon_11725,False
Covers_8395,Amazon_18551,False
Covers_16253,Amazon_7584,False
Covers_4414,Amazon_21549,False
Covers_38848,Amazon_16562,False
Covers_46649,Amazon_16469,False
Covers_38946,Amazon_20457,False
Covers_5487,Amazon_17887,False
Covers_10599,Amazon_10157,False
Covers_31276,Amazon_2292,False
Covers_22390,Amazon_4889,False
Covers_341,Amazon_10633,False
Covers_19651,Amazon_13774,False
Covers_350,Amazon_3035,False
Covers_21999,Amazon_685,False
Covers_2636,Amazon_7635,False
Covers_7185,Amazon_3054,False
Covers_24298,Amazon_11931,False
Covers_45117,Amazon_15930,False
Covers_37440,Amazon_14461,False
Covers_7515,Amazon_7946,False
Covers_18291,Amazon_2916,False
Covers_20028,Amazon_11173,False
Covers_38612,Amazon_4856,False
Covers_12030,Amazon_15558,False
Covers_26329,Amazon_16542,False
Covers_6062,Amazon_91,False
Covers_2173,Amazon_7363,False
Covers_17960,Amazon_13906,False
Covers_45964,Amazon_536,False
Covers_15157,Amazon_21768,False
Covers_589,Amazon_30,False
Covers_37881,Amazon_7555,False
Covers_30714,Amazon_8855,False
Covers_43669,Amazon_4661,False
Covers_2041,Amazon_14304,False
Covers_10021,Amazon_17349,False
Covers_22537,Amazon_8830,False
Covers_31412,Amazon_15313,False
Covers_39909,Amazon_21143,False
Covers_8065,Amazon_11463,False
Covers_5397,Amazon_17216,False
Covers_45980,Amazon_2951,False
Covers_36340,Amazon_6218,False
Covers_2667,Amazon_17744,False
Covers_6559,Amazon_5226,False
Covers_6608,Amazon_7088,False
Covers_8066,Amazon_6477,False
Covers_34637,Amazon_17263,False
Covers_327,Amazon_693,False
Covers_19212,Amazon_22315,False
Covers_8844,Amazon_17412,False
Covers_10361,Amazon_8493,False
Covers_3787,Amazon_7829,False
Covers_46561,Amazon_953,False
Covers_19352,Amazon_4149,False
Covers_38606,Amazon_15398,False
Covers_44478,Amazon_2325,False
Covers_18862,Amazon_13637,False
Covers_20067,Amazon_2119,False
Covers_24018,Amazon_20789,False
Covers_4915,Amazon_17133,False
Covers_8492,Amazon_2501,False
Covers_5521,Amazon_5173,False
Covers_28924,Amazon_110,False
Covers_17990,Amazon_6636,False
Covers_32161,Amazon_2972,False
Covers_4675,Amazon_11721,False
Covers_29542,Amazon_17753,False
Covers_1886,Amazon_14046,False
Covers_7151,Amazon_332,False
Covers_30074,Amazon_18450,False
Covers_8408,Amazon_296,False
Covers_46849,Amazon_19746,False
Covers_9118,Amazon_7903,False
Covers_48995,Amazon_5851,False
Covers_6181,Amazon_274,False
Covers_13138,Amazon_5298,False
Covers_10378,Amazon_15243,False
Covers_26747,Amazon_8229,False
Covers_5891,Amazon_3247,False
Covers_10500,Amazon_6008,False
Covers_14529,Amazon_15968,False
Covers_24630,Amazon_19505,False
Covers_36648,Amazon_19453,False
Covers_1592,Amazon_21317,False
Covers_6756,Amazon_12080,False
Covers_4391,Amazon_21135,False
Covers_49261,Amazon_8611,False
Covers_3167,Amazon_1496,False
Covers_17332,Amazon_3823,False
Covers_489,Amazon_9154,False
Covers_19765,Amazon_14598,False
Covers_4297,Amazon_12997,False
Covers_32186,Amazon_2233,False
Covers_17159,Amazon_8208,False
Covers_13500,Amazon_20314,False
Covers_8641,Amazon_19612,False
Covers_3616,Amazon_9349,False
Covers_41204,Amazon_13047,False
Covers_41064,Amazon_5416,False
Covers_8630,Amazon_12087,False
Covers_12489,Amazon_2036,False
Covers_36635,Amazon_17185,False
Covers_24414,Amazon_11117,False
Covers_44884,Amazon_3802,False
Covers_8501,Amazon_11576,False
Covers_20661,Amazon_20537,False
Covers_3091,Amazon_1446,False
Covers_10522,Amazon_9408,False
Covers_49636,Amazon_4338,False
Covers_35331,Amazon_9635,False
Covers_33354,Amazon_512,False
Covers_34368,Amazon_19205,False
Covers_3880,Amazon_313,False
Covers_47811,Amazon_11002,False
Covers_49686,Amazon_3898,False
Covers_18229,Amazon_5634,False
Covers_4657,Amazon_11777,False
Covers_17551,Amazon_1421,False
Covers_8644,Amazon_3696,False
Covers_8385,Amazon_4913,False
Covers_4875,Amazon_3367,False
Covers_33723,Amazon_20984,False
Covers_17015,Amazon_2401,False
Covers_10732,Amazon_17903,False
Covers_1939,Amazon_3759,False
Covers_49695,Amazon_6544,False
Covers_34956,Amazon_13667,False
Covers_37778,Amazon_1526,False
Covers_1840,Amazon_9324,False
Covers_46526,Amazon_15526,False
Covers_1757,Amazon_7116,False
Covers_1105,Amazon_13955,False
Covers_12962,Amazon_1660,False
Covers_6126,Amazon_6061,False
Covers_13390,Amazon_11816,False
Covers_43207,Amazon_6356,False
Covers_48768,Amazon_10047,False
Covers_35798,Amazon_16191,False
Covers_21005,Amazon_9473,False
Covers_28068,Amazon_21021,False
Covers_23357,Amazon_12245,False
Covers_6031,Amazon_87,False
Covers_522,Amazon_11021,False
Covers_37183,Amazon_19106,False
Covers_46355,Amazon_12706,False
Covers_18900,Amazon_8124,False
Covers_22386,Amazon_11433,False
Covers_2437,Amazon_1647,False
Covers_4982,Amazon_4457,False
Covers_13897,Amazon_8692,False
Covers_30776,Amazon_7412,False
Covers_5150,Amazon_2081,False
Covers_23782,Amazon_18090,False
Covers_4252,Amazon_8438,False
Covers_3668,Amazon_7836,False
Covers_10351,Amazon_20601,False
Covers_22204,Amazon_13280,False
Covers_30573,Amazon_2105,False
Covers_14066,Amazon_17174,False
Covers_26121,Amazon_2177,False
Covers_3000,Amazon_11578,False
Covers_4220,Amazon_16506,False
Covers_22621,Amazon_9512,False
Covers_1056,Amazon_3752,False
Covers_30205,Amazon_7573,False
Covers_14520,Amazon_14605,False
Covers_38182,Amazon_1757,False
Covers_21438,Amazon_2219,False
Covers_33987,Amazon_4867,False
Covers_1207,Amazon_11787,False
Covers_28049,Amazon_7206,False
Covers_6541,Amazon_7708,False
Covers_38619,Amazon_5338,False
Covers_6775,Amazon_17799,False
Covers_6594,Amazon_988,False
Covers_20218,Amazon_4802,False
Covers_13508,Amazon_14385,False
Covers_22333,Amazon_17021,False
Covers_21780,Amazon_17376,False
Covers_14592,Amazon_19542,False
Covers_4491,Amazon_19164,False
Covers_17718,Amazon_13032,False
Covers_9100,Amazon_8257,False
Covers_37770,Amazon_18438,False
Covers_24926,Amazon_12946,False
Covers_24017,Amazon_12626,False
Covers_13302,Amazon_18517,False
Covers_1351,Amazon_14807,False
Covers_4616,Amazon_2446,False
Covers_6882,Amazon_8226,False
Covers_108,Amazon_1110,False
Covers_1237,Amazon_119,False
Covers_11058,Amazon_16833,False
Covers_16281,Amazon_8001,False
Covers_40646,Amazon_225,False
Covers_23305,Amazon_14434,False
Covers_14104,Amazon_10769,False
Covers_40332,Amazon_16698,False
Covers_9194,Amazon_20999,False
Covers_8677,Amazon_15370,False
Covers_49964,Amazon_21437,False
Covers_2705,Amazon_20794,False
Covers_857,Amazon_625,False
Covers_18863,Amazon_13861,False
Covers_15796,Amazon_13029,False
Covers_16471,Amazon_1559,False
Covers_46530,Amazon_11722,False
Covers_7643,Amazon_1312,False
Covers_20511,Amazon_12900,False
Covers_5106,Amazon_16066,False
Covers_3919,Amazon_4851,False
Covers_19532,Amazon_3477,False
Covers_37800,Amazon_85,False
Covers_47187,Amazon_12535,False
Covers_10247,Amazon_16540,False
Covers_485,Amazon_18847,False
Covers_13566,Amazon_17618,False
Covers_19471,Amazon_7974,False
Covers_41320,Amazon_3493,False
Covers_30146,Amazon_7481,False
Covers_496,Amazon_15864,False
Covers_8700,Amazon_14027,False
Covers_6586,Amazon_9996,False
Covers_33472,Amazon_4933,False
Covers_8185,Amazon_4873,False
Covers_47289,Amazon_12686,False
Covers_26534,Amazon_8639,False
Covers_25465,Amazon_9129,False
Covers_22027,Amazon_12447,False
Covers_12165,Amazon_1756,False
Covers_4443,Amazon_6319,False
Covers_16578,Amazon_22211,False
Covers_12876,Amazon_6403,False
Covers_15997,Amazon_999,False
Covers_37933,Amazon_2235,False
Covers_5451,Amazon_708,False
Covers_40009,Amazon_4167,False
Covers_29461,Amazon_19078,False
Covers_17204,Amazon_5464,False
Covers_16318,Amazon_7467,False
Covers_14446,Amazon_16743,False
Covers_43211,Amazon_7169,False
Covers_13119,Amazon_1718,False
Covers_33793,Amazon_11443,False
Covers_38082,Amazon_22569,False
Covers_16667,Amazon_10735,False
Covers_19179,Amazon_18195,False
Covers_44687,Amazon_20006,False
Covers_11456,Amazon_4019,False
Covers_31209,Amazon_20697,False
Covers_8179,Amazon_3163,False
Covers_19978,Amazon_11752,False
Covers_12760,Amazon_3206,False
Covers_9086,Amazon_3235,False
Covers_4288,Amazon_1160,False
Covers_28791,Amazon_15999,False
Covers_580,Amazon_432,False
Covers_3071,Amazon_7822,False
Covers_1514,Amazon_90,False
Covers_31098,Amazon_18779,False
Covers_2751,Amazon_12872,False
Covers_17223,Amazon_12887,False
Covers_11168,Amazon_2385,False
Covers_5782,Amazon_8608,False
Covers_11354,Amazon_1042,False
Covers_27754,Amazon_2143,False
Covers_11069,Amazon_5039,False
Covers_28953,Amazon_5184,False
Covers_47554,Amazon_21552,False
Covers_38054,Amazon_15646,False
Covers_15072,Amazon_6346,False
Covers_21205,Amazon_14226,False
Covers_4176,Amazon_6280,False
Covers_3009,Amazon_6827,False
Covers_5483,Amazon_10727,False
Covers_140,Amazon_2475,False
Covers_17671,Amazon_3651,False
Covers_34582,Amazon_18950,False
Covers_8981,Amazon_4656,False
Covers_8217,Amazon_12276,False
Covers_36945,Amazon_13603,False
Covers_11961,Amazon_12284,False
Covers_2871,Amazon_6849,False
Covers_7159,Amazon_20450,False
Covers_17827,Amazon_9010,False
Covers_6918,Amazon_2511,False
Covers_22395,Amazon_3135,False
Covers_2027,Amazon_3053,False
Covers_1963,Amazon_7082,False
Covers_4072,Amazon_734,False
Covers_8152,Amazon_645,False
Covers_28905,Amazon_7302,False
Covers_49150,Amazon_20498,False
Covers_31712,Amazon_1763,False
Covers_2612,Amazon_7518,True
Covers_4905,Amazon_15536,True
Covers_341,Amazon_17957,True
Covers_1979,Amazon_15367,True
Covers_3675,Amazon_18065,True
Covers_3974,Amazon_15235,True
Covers_2834,Amazon_16976,True
Covers_304,Amazon_17171,True
Covers_4608,Amazon_8442,True
Covers_6380,Amazon_16787,True
Covers_4948,Amazon_7763,True
Covers_3985,Amazon_4255,True
Covers_4698,Amazon_2628,True
Covers_267,Amazon_4686,True
Covers_3605,Amazon_4110,True
Covers_4863,Amazon_11721,True
Covers_4384,Amazon_8496,True
Covers_4296,Amazon_237,True
Covers_7434,Amazon_12049,True
Covers_3170,Amazon_790,True
Covers_6225,Amazon_5346,True
Covers_1473,Amazon_18213,True
Covers_460,Amazon_16836,True
Covers_8229,Amazon_15109,True
Covers_15,Amazon_7444,True
Covers_4429,Amazon_10527,True
Covers_1930,Amazon_13180,True
Covers_3814,Amazon_15383,True
Covers_1886,Amazon_18924,True
Covers_401,Amazon_7448,True
Covers_4007,Amazon_4547,True
Covers_436,Amazon_7881,True
Covers_1501,Amazon_13058,True
Covers_3678,Amazon_3471,True
Covers_4238,Amazon_11401,True
Covers_4660,Amazon_22450,True
Covers_5381,Amazon_18772,True
Covers_5808,Amazon_19862,True
Covers_3813,Amazon_15139,True
Covers_7046,Amazon_18268,True
Covers_482,Amazon_17947,True
Covers_1303,Amazon_11289,True
Covers_488,Amazon_7337,True
Covers_2728,Amazon_13799,True
Covers_8807,Amazon_19034,True
Covers_1460,Amazon_3752,True
Covers_3939,Amazon_15354,True
Covers_6612,Amazon_4493,True
Covers_5614,Amazon_678,True
Covers_6836,Amazon_18830,True
Covers_6824,Amazon_16974,True
Covers_711,Amazon_17961,True
Covers_3911,Amazon_14925,True
Covers_714,Amazon_2714,True
Covers_1807,Amazon_359,True
Covers_2260,Amazon_18167,True
Covers_4848,Amazon_4263,True
Covers_3237,Amazon_13544,True
Covers_8055,Amazon_3689,True
Covers_6472,Amazon_17862,True
Covers_1809,Amazon_18346,True
Covers_2629,Amazon_13631,True
Covers_7251,Amazon_16396,True
Covers_5035,Amazon_15275,True
Covers_4153,Amazon_6170,True
Covers_178,Amazon_17122,True
Covers_1346,Amazon_11268,True
Covers_4720,Amazon_14740,True
Covers_2549,Amazon_20951,True
Covers_4228,Amazon_3178,True
Covers_4168,Amazon_16357,True
Covers_3818,Amazon_15200,True
Covers_5234,Amazon_2960,True
Covers_2200,Amazon_7517,True
Covers_2312,Amazon_15224,True
Covers_5024,Amazon_14355,True
Covers_2998,Amazon_14084,True
Covers_4672,Amazon_2450,True
Covers_6258,Amazon_13981,True
Covers_1530,Amazon_18328,True
Covers_3121,Amazon_13910,True
Covers_3756,Amazon_10991,True
Covers_4398,Amazon_217,True
Covers_3979,Amazon_15774,True
Covers_2805,Amazon_22671,True
Covers_3108,Amazon_20531,True
Covers_1754,Amazon_13700,True
Covers_3568,Amazon_5170,True
Covers_4974,Amazon_14342,True
Covers_476,Amazon_17851,True
Covers_3352,Amazon_12962,True
Covers_8886,Amazon_21326,True
Covers_641,Amazon_11349,True
Covers_4997,Amazon_589,True
Covers_4940,Amazon_10463,True
Covers_2786,Amazon_19875,True
Covers_865,Amazon_17994,True
Covers_4385,Amazon_13682,True
Covers_2907,Amazon_15552,True
Covers_1488,Amazon_15163,True
Covers_8421,Amazon_19666,True
Covers_6673,Amazon_11168,True
Covers_5814,Amazon_597,True
Covers_7584,Amazon_22369,True
Covers_3824,Amazon_11946,True
Covers_6176,Amazon_11490,True
Covers_5509,Amazon_15061,True
Covers_2789,Amazon_20136,True
Covers_5555,Amazon_70,True
Covers_6010,Amazon_1208,True
Covers_6021,Amazon_3759,True
Covers_719,Amazon_13132,True
Covers_3567,Amazon_10232,True
Covers_5379,Amazon_3275,True
Covers_2984,Amazon_14058,True
Covers_3761,Amazon_4347,True
Covers_292,Amazon_3618,True
Covers_4540,Amazon_4069,True
Covers_3715,Amazon_15125,True
Covers_331,Amazon_22032,True
Covers_4982,Amazon_4513,True
Covers_5828,Amazon_4038,True
Covers_478,Amazon_15009,True
Covers_6565,Amazon_22598,True
Covers_778,Amazon_13763,True
Covers_4565,Amazon_5284,True
Covers_2108,Amazon_18074,True
Covers_4434,Amazon_15321,True
Covers_332,Amazon_1561,True
Covers_4396,Amazon_13769,True
Covers_4763,Amazon_840,True
Covers_3284,Amazon_15606,True
Covers_7634,Amazon_13919,True
Covers_3809,Amazon_11550,True
Covers_5824,Amazon_15668,True
Covers_7935,Amazon_17943,True
Covers_4714,Amazon_4386,True
Covers_5838,Amazon_13588,True
Covers_5303,Amazon_20569,True
Covers_6155,Amazon_11128,True
Covers_8620,Amazon_4009,True
Covers_251,Amazon_13652,True
Covers_6035,Amazon_3995,True
Covers_2353,Amazon_11465,True
Covers_5378,Amazon_19443,True
Covers_6480,Amazon_14909,True
Covers_1910,Amazon_478,True
Covers_1039,Amazon_20804,True
Covers_3052,Amazon_11193,True
Covers_2618,Amazon_5173,True
Covers_3299,Amazon_22397,True
Covers_146,Amazon_15285,True
Covers_3794,Amazon_6654,True
Covers_6220,Amazon_4439,True
Covers_503,Amazon_18319,True
Covers_3966,Amazon_14642,True
Covers_4349,Amazon_6743,True
Covers_7126,Amazon_5238,True
Covers_4784,Amazon_4975,True
Covers_1518,Amazon_14567,True
Covers_2395,Amazon_15556,True
Covers_2884,Amazon_15312,True
Covers_24,Amazon_18010,True
Covers_7646,Amazon_17040,True
Covers_1671,Amazon_17551,True
Covers_4237,Amazon_20939,True
Covers_7317,Amazon_15134,True
Covers_1224,Amazon_20513,True
Covers_1650,Amazon_4739,True
Covers_2663,Amazon_6226,True
Covers_2355,Amazon_7573,True
Covers_2696,Amazon_1539,True
Covers_4862,Amazon_14462,True
Covers_5047,Amazon_8677,True
Covers_5928,Amazon_8041,True
Covers_2316,Amazon_15533,True
Covers_6518,Amazon_7610,True
Covers_3596,Amazon_16290,True
Covers_3560,Amazon_10093,True
Covers_6085,Amazon_14160,True
Covers_6423,Amazon_13905,True
Covers_7742,Amazon_1743,True
Covers_4152,Amazon_5652,True
Covers_8900,Amazon_18557,True
Covers_3681,Amazon_15266,True
Covers_3048,Amazon_7703,True
Covers_4928,Amazon_1963,True
Covers_3104,Amazon_11499,True
Covers_4708,Amazon_5602,True
Covers_4841,Amazon_14112,True
Covers_5476,Amazon_6784,True
Covers_2634,Amazon_15839,True
Covers_4303,Amazon_16535,True
Covers_1756,Amazon_2428,True
Covers_5134,Amazon_15016,True
Covers_577,Amazon_13635,True
Covers_6635,Amazon_20958,True
Covers_2033,Amazon_15562,True
Covers_5812,Amazon_16820,True
Covers_5859,Amazon_10390,True
Covers_7146,Amazon_16167,True
Covers_50,Amazon_11503,True
Covers_1660,Amazon_4673,True
Covers_2172,Amazon_1486,True
Covers_4615,Amazon_3069,True
Covers_4889,Amazon_16285,True
Covers_3816,Amazon_11589,True
Covers_4430,Amazon_15600,True
Covers_7449,Amazon_17048,True
Covers_3119,Amazon_6509,True
Covers_33479,Amazon_1604,False
Covers_46619,Amazon_1807,False
Covers_34094,Amazon_19334,False
Covers_5358,Amazon_10780,False
Covers_6612,Amazon_4509,False
Covers_26046,Amazon_8569,False
Covers_8370,Amazon_3015,False
Covers_5791,Amazon_15205,False
Covers_3114,Amazon_7362,False
Covers_6259,Amazon_13086,False
Covers_22957,Amazon_5837,False
Covers_7177,Amazon_2802,False
Covers_7126,Amazon_4676,False
Covers_36821,Amazon_13811,False
Covers_2319,Amazon_3758,False
Covers_8468,Amazon_3282,False
Covers_39591,Amazon_306,False
Covers_4998,Amazon_589,False
Covers_3479,Amazon_5933,False
Covers_758,Amazon_13084,False
Covers_7550,Amazon_22200,False
Covers_5692,Amazon_13498,False
Covers_25104,Amazon_16936,False
Covers_44591,Amazon_901,False
Covers_2915,Amazon_15411,False
Covers_7089,Amazon_7621,False
Covers_9620,Amazon_2796,False
Covers_2826,Amazon_14167,False
Covers_48353,Amazon_6062,False
Covers_38329,Amazon_9976,False
Covers_39945,Amazon_5428,False
Covers_3769,Amazon_16966,False
Covers_67,Amazon_5288,False
Covers_10561,Amazon_2222,False
Covers_4538,Amazon_17124,False
Covers_8813,Amazon_13777,False
Covers_1764,Amazon_7410,False
Covers_4566,Amazon_18264,False
Covers_33051,Amazon_14602,False
Covers_22471,Amazon_12353,False
Covers_36117,Amazon_15393,False
Covers_42884,Amazon_13585,False
Covers_10880,Amazon_9910,False
Covers_8655,Amazon_4382,False
Covers_28142,Amazon_6139,False
Covers_8493,Amazon_20349,False
Covers_7376,Amazon_7203,False
Covers_1176,Amazon_5037,False
Covers_26722,Amazon_3429,False
Covers_36825,Amazon_11844,False
Covers_27926,Amazon_16302,False
Covers_190,Amazon_7151,False
Covers_10361,Amazon_8495,False
Covers_1004,Amazon_3489,False
Covers_6405,Amazon_17630,False
Covers_5700,Amazon_20945,False
Covers_2007,Amazon_18311,False
Covers_6311,Amazon_17427,False
Covers_2235,Amazon_20871,False
Covers_21028,Amazon_5117,False
Covers_1497,Amazon_85,False
Covers_2733,Amazon_1386,False
Covers_15078,Amazon_3177,False
Covers_42024,Amazon_7315,False
Covers_2844,Amazon_5244,False
Covers_1733,Amazon_6988,False
Covers_15258,Amazon_15788,False
Covers_15178,Amazon_15412,False
Covers_3236,Amazon_12224,False
Covers_46626,Amazon_11490,False
Covers_10488,Amazon_13201,False
Covers_14149,Amazon_15334,False
Covers_6061,Amazon_8026,False
Covers_8740,Amazon_4374,False
Covers_11277,Amazon_4796,False
Covers_1944,Amazon_4378,False
Covers_5376,Amazon_15197,False
Covers_30189,Amazon_16543,False
Covers_2225,Amazon_15289,False
Covers_48790,Amazon_14146,False
Covers_2710,Amazon_15481,False
Covers_6461,Amazon_2884,False
Covers_45099,Amazon_2841,False
Covers_6533,Amazon_8337,False
Covers_8598,Amazon_8461,False
Covers_40252,Amazon_20890,False
Covers_5498,Amazon_3989,False
Covers_33547,Amazon_17981,False
Covers_2793,Amazon_20123,False
Covers_25356,Amazon_16095,False
Covers_6025,Amazon_10288,False
Covers_996,Amazon_7067,False
Covers_6437,Amazon_7056,False
Covers_9986,Amazon_6200,False
Covers_39473,Amazon_22610,False
Covers_2457,Amazon_17172,False
Covers_4777,Amazon_17935,False
Covers_926,Amazon_13278,False
Covers_7682,Amazon_17052,False
Covers_17163,Amazon_17212,False
Covers_41928,Amazon_22450,False
Covers_8104,Amazon_2936,False
Covers_30338,Amazon_1934,False
Covers_6672,Amazon_17085,False
Covers_14800,Amazon_4926,False
Covers_1704,Amazon_5173,False
Covers_18530,Amazon_21289,False
Covers_8387,Amazon_17830,False
Covers_12562,Amazon_14128,False
Covers_1015,Amazon_11563,False
Covers_32783,Amazon_1494,False
Covers_5863,Amazon_11818,False
Covers_3475,Amazon_13792,False
Covers_8606,Amazon_10929,False
Covers_2757,Amazon_10311,False
Covers_6938,Amazon_1185,False
Covers_4788,Amazon_18358,False
Covers_16255,Amazon_11532,False
Covers_2278,Amazon_1724,False
Covers_2764,Amazon_13535,False
Covers_22689,Amazon_20867,False
Covers_6883,Amazon_12057,False
Covers_48465,Amazon_14407,False
Covers_5418,Amazon_15062,False
Covers_12523,Amazon_4816,False
Covers_39289,Amazon_18988,False
Covers_13658,Amazon_4338,False
Covers_47610,Amazon_22527,False
Covers_47916,Amazon_10633,False
Covers_5904,Amazon_14331,False
Covers_18343,Amazon_21997,False
Covers_44472,Amazon_18877,False
Covers_42137,Amazon_10975,False
Covers_2589,Amazon_15086,False
Covers_2538,Amazon_20777,False
Covers_1617,Amazon_15638,False
Covers_4011,Amazon_22215,False
Covers_7528,Amazon_7098,False
Covers_1260,Amazon_8547,False
Covers_1527,Amazon_21209,False
Covers_8814,Amazon_4842,False
Covers_2700,Amazon_4835,False
Covers_30327,Amazon_12602,False
Covers_7247,Amazon_4880,False
Covers_8316,Amazon_476,False
Covers_25354,Amazon_7818,False
Covers_2370,Amazon_3201,False
Covers_8899,Amazon_8105,False
Covers_33297,Amazon_19912,False
Covers_9181,Amazon_21152,False
Covers_8817,Amazon_1860,False
Covers_37594,Amazon_12776,False
Covers_15953,Amazon_21991,False
Covers_41727,Amazon_7579,False
Covers_18674,Amazon_11298,False
Covers_1096,Amazon_4386,False
Covers_36017,Amazon_3892,False
Covers_730,Amazon_16995,False
Covers_47700,Amazon_7174,False
Covers_17801,Amazon_12604,False
Covers_36131,Amazon_3605,False
Covers_22573,Amazon_7457,False
Covers_2210,Amazon_10277,False
Covers_121,Amazon_10453,False
Covers_9115,Amazon_3891,False
Covers_8508,Amazon_7250,False
Covers_4188,Amazon_1830,False
Covers_4585,Amazon_7733,False
Covers_1419,Amazon_15195,False
Covers_44289,Amazon_14739,False
Covers_48326,Amazon_22363,False
Covers_6443,Amazon_15288,False
Covers_4977,Amazon_12214,False
Covers_7153,Amazon_1136,False
Covers_31525,Amazon_11522,False
Covers_28831,Amazon_3768,False
Covers_22990,Amazon_15049,False
Covers_8430,Amazon_1370,False
Covers_5005,Amazon_13505,False
Covers_4426,Amazon_22392,False
Covers_3492,Amazon_63,False
Covers_375,Amazon_17802,False
Covers_33593,Amazon_3786,False
Covers_3521,Amazon_20513,False
Covers_5406,Amazon_80,False
Covers_5100,Amazon_157,False
Covers_11253,Amazon_3398,False
Covers_8550,Amazon_20930,False
Covers_8395,Amazon_12503,False
Covers_9898,Amazon_4597,False
Covers_4932,Amazon_21062,False
Covers_46981,Amazon_19787,False
Covers_4402,Amazon_4724,False
Covers_3587,Amazon_13912,False
Covers_788,Amazon_17547,False
Covers_35697,Amazon_18129,False
Covers_7536,Amazon_17090,False
Covers_4179,Amazon_10396,False
Covers_6582,Amazon_3315,False
Covers_5696,Amazon_16616,False
Covers_811,Amazon_15046,False
Covers_407,Amazon_17843,False
Covers_4033,Amazon_1826,False
Covers_20587,Amazon_1493,False
Covers_3161,Amazon_15397,False
Covers_8782,Amazon_1371,False
Covers_33548,Amazon_15941,False
Covers_2089,Amazon_2966,False
Covers_35546,Amazon_5522,False
Covers_2526,Amazon_15374,False
