Goodreads_books_28337,Covers_17832,False
Goodreads_books_5808,Covers_38152,False
Goodreads_books_31945,Covers_21479,False
Goodreads_books_39054,Covers_38668,False
Goodreads_books_14070,Covers_8656,True
Goodreads_books_14835,Covers_45645,False
Goodreads_books_27590,Covers_47241,False
Goodreads_books_16000,Covers_21979,False
Goodreads_books_33038,Covers_2482,True
Goodreads_books_26246,Covers_19965,False
Goodreads_books_22099,Covers_21643,False
Goodreads_books_23222,Covers_32908,False
Goodreads_books_4583,Covers_13792,False
Goodreads_books_2181,Covers_4677,True
Goodreads_books_903,Covers_3949,True
Goodreads_books_30445,Covers_7358,True
Goodreads_books_15904,Covers_1972,True
Goodreads_books_38995,Covers_9633,False
Goodreads_books_19632,Covers_37967,False
Goodreads_books_3319,Covers_40929,False
Goodreads_books_17672,Covers_4202,True
Goodreads_books_4226,Covers_8474,True
Goodreads_books_14388,Covers_29318,False
Goodreads_books_34043,Covers_7637,True
Goodreads_books_17631,Covers_41170,False
Goodreads_books_25514,Covers_19378,False
Goodreads_books_10841,Covers_33086,False
Goodreads_books_29981,Covers_23136,False
Goodreads_books_20538,Covers_33250,False
Goodreads_books_5665,Covers_28444,False
Goodreads_books_16942,Covers_33679,False
Goodreads_books_36216,Covers_27776,False
Goodreads_books_6280,Covers_36985,False
Goodreads_books_19515,Covers_18009,False
Goodreads_books_38901,Covers_1836,True
Goodreads_books_36246,Covers_29698,False
Goodreads_books_25949,Covers_9183,False
Goodreads_books_31285,Covers_22558,False
Goodreads_books_27551,Covers_18010,False
Goodreads_books_13610,Covers_13351,False
Goodreads_books_34454,Covers_33985,False
Goodreads_books_3381,Covers_47247,False
Goodreads_books_29153,Covers_5443,True
Goodreads_books_16420,Covers_2768,True
Goodreads_books_19581,Covers_483,True
Goodreads_books_29068,Covers_4579,True
Goodreads_books_27798,Covers_5583,True
Goodreads_books_11303,Covers_47423,False
Goodreads_books_31038,Covers_9964,False
Goodreads_books_28374,Covers_13204,False
Goodreads_books_26478,Covers_5985,True
Goodreads_books_27763,Covers_14732,False
Goodreads_books_24739,Covers_29819,False
Goodreads_books_27250,Covers_17997,False
Goodreads_books_19595,Covers_40145,False
Goodreads_books_31906,Covers_8219,True
Goodreads_books_349,Covers_8058,True
Goodreads_books_7806,Covers_16704,False
Goodreads_books_21087,Covers_44763,False
Goodreads_books_13906,Covers_24404,False
Goodreads_books_26272,Covers_4937,True
Goodreads_books_8801,Covers_5403,True
Goodreads_books_11944,Covers_27462,False
Goodreads_books_13976,Covers_46467,False
Goodreads_books_37737,Covers_8103,True
Goodreads_books_27764,Covers_36123,False
Goodreads_books_36966,Covers_6542,True
Goodreads_books_13331,Covers_18236,False
Goodreads_books_37085,Covers_5307,True
Goodreads_books_1207,Covers_49357,False
Goodreads_books_22592,Covers_4271,True
Goodreads_books_22280,Covers_45160,False
Goodreads_books_22640,Covers_5753,True
Goodreads_books_32926,Covers_46324,False
Goodreads_books_29763,Covers_4186,True
Goodreads_books_14043,Covers_12459,False
Goodreads_books_19302,Covers_5726,True
Goodreads_books_20087,Covers_24549,False
Goodreads_books_14215,Covers_11673,False
Goodreads_books_3150,Covers_25987,False
Goodreads_books_9404,Covers_2506,True
Goodreads_books_33760,Covers_45959,False
Goodreads_books_26250,Covers_30908,False
Goodreads_books_27579,Covers_2456,True
Goodreads_books_31285,Covers_16756,False
Goodreads_books_10396,Covers_13737,False
Goodreads_books_22325,Covers_44039,False
Goodreads_books_35777,Covers_30289,False
Goodreads_books_27977,Covers_7782,True
Goodreads_books_1376,Covers_6206,True
Goodreads_books_23110,Covers_23284,False
Goodreads_books_27476,Covers_19631,False
Goodreads_books_26095,Covers_23501,False
Goodreads_books_31037,Covers_5975,True
Goodreads_books_20327,Covers_39293,False
Goodreads_books_26441,Covers_42739,False
Goodreads_books_4496,Covers_32862,False
Goodreads_books_12453,Covers_24719,False
Goodreads_books_39068,Covers_13449,False
Goodreads_books_39268,Covers_15500,False
Goodreads_books_12515,Covers_42711,False
Goodreads_books_23645,Covers_36306,False
Goodreads_books_28374,Covers_27015,False
Goodreads_books_18279,Covers_33280,False
Goodreads_books_19980,Covers_669,True
Goodreads_books_3143,Covers_6484,True
Goodreads_books_26534,Covers_16012,False
Goodreads_books_26694,Covers_4424,True
Goodreads_books_23976,Covers_35175,False
Goodreads_books_38855,Covers_6515,True
Goodreads_books_19108,Covers_45798,False
Goodreads_books_36504,Covers_21978,False
Goodreads_books_30212,Covers_2719,True
Goodreads_books_13135,Covers_17608,False
Goodreads_books_31345,Covers_6392,True
Goodreads_books_34022,Covers_18658,False
Goodreads_books_2944,Covers_22068,False
Goodreads_books_28337,Covers_32120,False
Goodreads_books_23165,Covers_3266,True
Goodreads_books_7945,Covers_42949,False
Goodreads_books_19106,Covers_10099,False
Goodreads_books_610,Covers_27661,False
Goodreads_books_2956,Covers_29052,False
Goodreads_books_3047,Covers_34481,False
Goodreads_books_18431,Covers_25527,False
Goodreads_books_4018,Covers_21581,False
Goodreads_books_6039,Covers_4508,True
Goodreads_books_35937,Covers_25212,False
Goodreads_books_34588,Covers_36741,False
Goodreads_books_13292,Covers_19141,False
Goodreads_books_19021,Covers_8038,True
Goodreads_books_38636,Covers_14300,False
Goodreads_books_8096,Covers_11918,False
Goodreads_books_28693,Covers_7035,True
Goodreads_books_31184,Covers_44808,False
Goodreads_books_10110,Covers_31119,False
Goodreads_books_22325,Covers_9696,False
Goodreads_books_32024,Covers_32276,False
Goodreads_books_38267,Covers_25310,False
Goodreads_books_3000,Covers_7570,True
Goodreads_books_6446,Covers_45936,False
Goodreads_books_21145,Covers_49018,False
Goodreads_books_17122,Covers_29660,False
Goodreads_books_11195,Covers_42480,False
Goodreads_books_28989,Covers_843,True
Goodreads_books_25338,Covers_22442,False
Goodreads_books_15604,Covers_26003,False
Goodreads_books_8872,Covers_45867,False
Goodreads_books_2791,Covers_9384,False
Goodreads_books_23022,Covers_47090,False
Goodreads_books_15838,Covers_2553,True
Goodreads_books_23954,Covers_32342,False
Goodreads_books_2124,Covers_22773,False
Goodreads_books_30952,Covers_48291,False
Goodreads_books_36040,Covers_17554,False
Goodreads_books_21098,Covers_48512,False
Goodreads_books_30129,Covers_13854,False
Goodreads_books_3477,Covers_8046,True
Goodreads_books_18545,Covers_9705,False
Goodreads_books_15860,Covers_35755,False
Goodreads_books_17192,Covers_33695,False
Goodreads_books_25574,Covers_5237,True
Goodreads_books_25459,Covers_803,True
Goodreads_books_31515,Covers_48910,False
Goodreads_books_29230,Covers_419,True
Goodreads_books_39025,Covers_27675,False
Goodreads_books_34983,Covers_16153,False
Goodreads_books_8583,Covers_4180,True
Goodreads_books_35500,Covers_38293,False
Goodreads_books_2422,Covers_20316,False
Goodreads_books_14231,Covers_4061,True
Goodreads_books_18270,Covers_30228,False
Goodreads_books_33165,Covers_27502,False
Goodreads_books_16935,Covers_29636,False
Goodreads_books_31966,Covers_28810,False
Goodreads_books_21525,Covers_41633,False
Goodreads_books_9633,Covers_48881,False
Goodreads_books_19470,Covers_6680,True
Goodreads_books_17515,Covers_3343,True
Goodreads_books_7095,Covers_38317,False
Goodreads_books_28116,Covers_48868,False
Goodreads_books_4403,Covers_3758,True
Goodreads_books_22448,Covers_49713,False
Goodreads_books_524,Covers_30799,False
Goodreads_books_11882,Covers_5304,True
Goodreads_books_19821,Covers_16013,False
Goodreads_books_38313,Covers_38018,False
Goodreads_books_1292,Covers_3738,True
Goodreads_books_31117,Covers_25096,False
Goodreads_books_30744,Covers_5598,True
Goodreads_books_2577,Covers_20684,False
Goodreads_books_15735,Covers_35468,False
Goodreads_books_23218,Covers_38941,False
Goodreads_books_1450,Covers_11602,False
Goodreads_books_5083,Covers_3450,True
Goodreads_books_7862,Covers_39765,False
Goodreads_books_34117,Covers_11713,False
Goodreads_books_31544,Covers_2775,False
Goodreads_books_29346,Covers_12745,False
Goodreads_books_3494,Covers_2392,True
Goodreads_books_13010,Covers_38167,False
Goodreads_books_30413,Covers_3101,False
Goodreads_books_2165,Covers_7434,True
Goodreads_books_16585,Covers_36863,False
Goodreads_books_25915,Covers_36357,False
Goodreads_books_26911,Covers_18942,False
Goodreads_books_23369,Covers_45291,False
Goodreads_books_11953,Covers_19755,False
Goodreads_books_13610,Covers_29548,False
Goodreads_books_36285,Covers_43685,False
Goodreads_books_12922,Covers_3802,True
Goodreads_books_22373,Covers_11208,False
Goodreads_books_819,Covers_5818,True
Goodreads_books_20409,Covers_35832,False
Goodreads_books_31537,Covers_2121,True
Goodreads_books_20366,Covers_2339,True
Goodreads_books_37744,Covers_37276,False
Goodreads_books_36908,Covers_43,True
Goodreads_books_22011,Covers_16864,False
Goodreads_books_37738,Covers_39121,False
Goodreads_books_15596,Covers_1522,True
Goodreads_books_8369,Covers_3355,True
Goodreads_books_20082,Covers_30869,False
Goodreads_books_15860,Covers_37780,False
Goodreads_books_11281,Covers_4360,True
Goodreads_books_33481,Covers_8106,True
Goodreads_books_10095,Covers_28216,False
Goodreads_books_34690,Covers_7863,True
Goodreads_books_26263,Covers_922,True
Goodreads_books_25127,Covers_5145,True
Goodreads_books_31416,Covers_15625,False
Goodreads_books_27247,Covers_48325,False
Goodreads_books_33755,Covers_9426,False
Goodreads_books_21416,Covers_21486,False
Goodreads_books_8694,Covers_2455,True
Goodreads_books_5973,Covers_7823,True
Goodreads_books_7900,Covers_46376,False
Goodreads_books_20411,Covers_7712,True
Goodreads_books_22218,Covers_4375,True
Goodreads_books_1239,Covers_2683,True
Goodreads_books_24532,Covers_625,True
Goodreads_books_1986,Covers_9111,False
Goodreads_books_29241,Covers_32537,False
Goodreads_books_29298,Covers_3831,True
Goodreads_books_31863,Covers_41210,False
Goodreads_books_21722,Covers_13510,False
Goodreads_books_2005,Covers_1536,True
Goodreads_books_14089,Covers_15634,False
Goodreads_books_6103,Covers_26187,False
Goodreads_books_4992,Covers_974,True
Goodreads_books_8338,Covers_2920,True
Goodreads_books_34059,Covers_5072,True
Goodreads_books_24037,Covers_1842,True
Goodreads_books_24965,Covers_1066,True
Goodreads_books_28916,Covers_37912,False
Goodreads_books_15520,Covers_24142,False
Goodreads_books_20870,Covers_43843,False
Goodreads_books_3887,Covers_48846,False
Goodreads_books_3672,Covers_8001,True
Goodreads_books_29842,Covers_15982,False
Goodreads_books_616,Covers_11209,False
Goodreads_books_22866,Covers_35958,False
Goodreads_books_12516,Covers_14097,False
Goodreads_books_32002,Covers_17612,False
Goodreads_books_5417,Covers_49621,False
Goodreads_books_25336,Covers_39806,False
Goodreads_books_2090,Covers_2718,True
Goodreads_books_25848,Covers_5454,True
Goodreads_books_36949,Covers_21337,False
Goodreads_books_4530,Covers_3152,True
Goodreads_books_5362,Covers_35987,False
Goodreads_books_9733,Covers_2641,True
Goodreads_books_38786,Covers_46202,False
Goodreads_books_5657,Covers_4790,True
Goodreads_books_29115,Covers_8087,True
Goodreads_books_35716,Covers_6973,True
Goodreads_books_3068,Covers_33725,False
Goodreads_books_16676,Covers_9549,False
Goodreads_books_375,Covers_19632,False
Goodreads_books_22217,Covers_45904,False
Goodreads_books_17230,Covers_40120,False
Goodreads_books_15473,Covers_15491,False
Goodreads_books_8992,Covers_7609,True
Goodreads_books_30621,Covers_7624,True
Goodreads_books_27480,Covers_6602,True
Goodreads_books_22857,Covers_43764,False
Goodreads_books_4083,Covers_31279,False
Goodreads_books_36462,Covers_28422,False
Goodreads_books_28396,Covers_1448,True
Goodreads_books_1992,Covers_312,True
Goodreads_books_16148,Covers_47396,False
Goodreads_books_17021,Covers_788,True
Goodreads_books_16755,Covers_2892,True
Goodreads_books_27878,Covers_25357,False
Goodreads_books_21365,Covers_2126,True
Goodreads_books_7244,Covers_32896,False
Goodreads_books_16622,Covers_9121,False
Goodreads_books_4262,Covers_1444,True
Goodreads_books_20774,Covers_20296,False
Goodreads_books_2475,Covers_3067,True
Goodreads_books_30657,Covers_6347,True
Goodreads_books_15019,Covers_5840,True
Goodreads_books_3274,Covers_41765,False
Goodreads_books_32519,Covers_7731,True
Goodreads_books_37979,Covers_3796,True
Goodreads_books_9598,Covers_31914,False
Goodreads_books_23721,Covers_31080,False
Goodreads_books_12865,Covers_16905,False
Goodreads_books_30957,Covers_39118,False
Goodreads_books_36474,Covers_19450,False
Goodreads_books_26747,Covers_46659,False
Goodreads_books_23186,Covers_17788,False
Goodreads_books_1542,Covers_30569,False
Goodreads_books_7037,Covers_7461,True
Goodreads_books_12781,Covers_4708,True
Goodreads_books_27031,Covers_2697,True
Goodreads_books_33700,Covers_2762,True
Goodreads_books_31416,Covers_12662,False
Goodreads_books_2265,Covers_3867,True
Goodreads_books_3037,Covers_12934,False
Goodreads_books_1584,Covers_6209,True
Goodreads_books_3073,Covers_7000,True
Goodreads_books_9723,Covers_1662,True
Goodreads_books_2612,Covers_1796,True
Goodreads_books_3738,Covers_215,True
Goodreads_books_12858,Covers_18897,False
Goodreads_books_29089,Covers_9833,False
Goodreads_books_29019,Covers_43157,False
Goodreads_books_31733,Covers_4311,True
Goodreads_books_31461,Covers_2190,True
Goodreads_books_18555,Covers_782,True
Goodreads_books_34022,Covers_38082,False
Goodreads_books_22473,Covers_3391,True
Goodreads_books_639,Covers_32373,False
Goodreads_books_9803,Covers_35,True
Goodreads_books_24974,Covers_14451,False
Goodreads_books_23654,Covers_2539,True
Goodreads_books_28202,Covers_28260,False
Goodreads_books_10190,Covers_15484,False
Goodreads_books_29200,Covers_46082,False
Goodreads_books_34596,Covers_39645,False
Goodreads_books_37827,Covers_24659,False
Goodreads_books_37387,Covers_35878,False
Goodreads_books_3319,Covers_28708,False
Goodreads_books_21001,Covers_5326,True
Goodreads_books_33603,Covers_24295,False
Goodreads_books_21076,Covers_28787,False
Goodreads_books_30552,Covers_3681,True
Goodreads_books_36567,Covers_48532,False
Goodreads_books_14288,Covers_43574,False
Goodreads_books_24466,Covers_46471,False
Goodreads_books_12253,Covers_8742,True
Goodreads_books_12401,Covers_42638,False
Goodreads_books_23397,Covers_34569,False
Goodreads_books_10059,Covers_49630,False
Goodreads_books_27204,Covers_37813,False
Goodreads_books_4297,Covers_38926,False
Goodreads_books_14293,Covers_19048,False
Goodreads_books_23920,Covers_3047,True
Goodreads_books_25083,Covers_30920,False
Goodreads_books_30049,Covers_48417,False
Goodreads_books_28218,Covers_48813,False
Goodreads_books_22597,Covers_2024,True
Goodreads_books_5312,Covers_5545,True
Goodreads_books_38912,Covers_20105,False
Goodreads_books_11230,Covers_41129,False
Goodreads_books_32595,Covers_4616,False
Goodreads_books_2562,Covers_39851,False
Goodreads_books_30849,Covers_48150,False
Goodreads_books_2989,Covers_22220,False
Goodreads_books_10544,Covers_5858,True
Goodreads_books_37824,Covers_3081,True
Goodreads_books_38490,Covers_18475,False
Goodreads_books_34231,Covers_31684,False
Goodreads_books_28501,Covers_36748,False
Goodreads_books_27760,Covers_5650,True
Goodreads_books_3068,Covers_36062,False
Goodreads_books_11625,Covers_29562,False
Goodreads_books_30326,Covers_39786,False
Goodreads_books_27215,Covers_39873,False
Goodreads_books_16609,Covers_20682,False
Goodreads_books_20480,Covers_1254,False
Goodreads_books_9843,Covers_7645,False
Goodreads_books_17620,Covers_2901,True
Goodreads_books_30068,Covers_3287,True
Goodreads_books_9631,Covers_42308,False
Goodreads_books_32357,Covers_2073,True
Goodreads_books_37752,Covers_47805,False
Goodreads_books_22592,Covers_44540,False
Goodreads_books_9050,Covers_38994,False
Goodreads_books_37941,Covers_47618,False
Goodreads_books_16503,Covers_22010,False
Goodreads_books_2153,Covers_6511,True
Goodreads_books_35060,Covers_20793,False
Goodreads_books_9028,Covers_12521,False
Goodreads_books_15548,Covers_9139,False
Goodreads_books_3887,Covers_47469,False
Goodreads_books_35303,Covers_8502,True
Goodreads_books_3276,Covers_33282,False
Goodreads_books_34370,Covers_18558,False
Goodreads_books_129,Covers_7199,True
Goodreads_books_2064,Covers_5374,True
Goodreads_books_6732,Covers_17530,False
Goodreads_books_21361,Covers_43235,False
Goodreads_books_993,Covers_24052,False
Goodreads_books_26918,Covers_27152,False
Goodreads_books_26931,Covers_38548,False
Goodreads_books_26841,Covers_6067,True
Goodreads_books_26639,Covers_47072,False
Goodreads_books_27247,Covers_45140,False
Goodreads_books_27859,Covers_15472,False
Goodreads_books_11017,Covers_42360,False
Goodreads_books_27716,Covers_47586,False
Goodreads_books_20020,Covers_44962,False
Goodreads_books_4873,Covers_281,True
Goodreads_books_19867,Covers_9986,False
Goodreads_books_32860,Covers_16173,False
Goodreads_books_29152,Covers_14238,False
Goodreads_books_13715,Covers_3958,True
Goodreads_books_8332,Covers_24447,False
Goodreads_books_18209,Covers_46101,False
Goodreads_books_29241,Covers_45615,False
Goodreads_books_30540,Covers_8432,True
Goodreads_books_35966,Covers_48015,False
Goodreads_books_30021,Covers_4629,True
Goodreads_books_13756,Covers_8940,False
Goodreads_books_28447,Covers_45188,False
Goodreads_books_16348,Covers_1261,True
Goodreads_books_31961,Covers_8047,True
Goodreads_books_20937,Covers_15216,False
Goodreads_books_56,Covers_25972,False
Goodreads_books_32044,Covers_19036,False
Goodreads_books_14890,Covers_26816,False
Goodreads_books_23048,Covers_404,True
Goodreads_books_20026,Covers_13884,False
Goodreads_books_21418,Covers_25912,False
Goodreads_books_2467,Covers_23130,False
Goodreads_books_3056,Covers_38007,False
Goodreads_books_7251,Covers_35894,False
Goodreads_books_32002,Covers_37880,False
Goodreads_books_22373,Covers_20548,False
Goodreads_books_1184,Covers_8226,True
Goodreads_books_15002,Covers_34700,False
Goodreads_books_213,Covers_6636,True
Goodreads_books_13906,Covers_39357,False
Goodreads_books_12466,Covers_23612,False
Goodreads_books_22157,Covers_6383,True
Goodreads_books_30661,Covers_6539,True
Goodreads_books_2867,Covers_2878,True
Goodreads_books_32342,Covers_7046,False
Goodreads_books_8271,Covers_4547,True
Goodreads_books_22889,Covers_5754,True
Goodreads_books_34830,Covers_7891,True
Goodreads_books_7274,Covers_39578,False
Goodreads_books_38773,Covers_18930,False
Goodreads_books_2989,Covers_35142,False
Goodreads_books_14272,Covers_1875,True
Goodreads_books_3878,Covers_37176,False
Goodreads_books_23904,Covers_563,True
Goodreads_books_7148,Covers_44226,False
Goodreads_books_12452,Covers_9179,False
Goodreads_books_5015,Covers_330,True
Goodreads_books_13928,Covers_36544,False
Goodreads_books_4796,Covers_4574,True
Goodreads_books_22450,Covers_12229,False
Goodreads_books_12614,Covers_9745,False
Goodreads_books_37458,Covers_2004,False
Goodreads_books_30219,Covers_35442,False
Goodreads_books_32784,Covers_27180,False
Goodreads_books_13798,Covers_43627,False
Goodreads_books_11174,Covers_4041,True
Goodreads_books_17122,Covers_28523,False
Goodreads_books_19084,Covers_47845,False
Goodreads_books_18316,Covers_17792,False
Goodreads_books_13015,Covers_27692,False
Goodreads_books_1212,Covers_3527,True
Goodreads_books_27180,Covers_47590,False
Goodreads_books_18212,Covers_10354,False
Goodreads_books_22962,Covers_29711,False
Goodreads_books_36408,Covers_37234,False
Goodreads_books_24098,Covers_5061,True
Goodreads_books_38566,Covers_33669,False
Goodreads_books_13405,Covers_33692,False
Goodreads_books_37773,Covers_24593,False
Goodreads_books_22122,Covers_45903,False
Goodreads_books_11218,Covers_17790,False
Goodreads_books_29429,Covers_36840,False
Goodreads_books_21254,Covers_48074,False
Goodreads_books_29812,Covers_15743,False
Goodreads_books_26246,Covers_48516,False
Goodreads_books_3347,Covers_47358,False
Goodreads_books_2793,Covers_18793,False
Goodreads_books_9055,Covers_28156,False
Goodreads_books_10959,Covers_38125,False
Goodreads_books_19886,Covers_48177,False
Goodreads_books_4512,Covers_3003,True
Goodreads_books_5596,Covers_24826,False
Goodreads_books_20569,Covers_6798,True
Goodreads_books_16615,Covers_25803,False
Goodreads_books_11429,Covers_19509,False
Goodreads_books_12070,Covers_45519,False
Goodreads_books_30472,Covers_6427,True
Goodreads_books_11866,Covers_6495,True
Goodreads_books_21822,Covers_1069,False
Goodreads_books_13662,Covers_8500,True
Goodreads_books_29607,Covers_13771,False
Goodreads_books_6308,Covers_47449,False
Goodreads_books_1127,Covers_25469,False
Goodreads_books_20357,Covers_44109,False
Goodreads_books_36893,Covers_40959,False
Goodreads_books_23954,Covers_20122,False
Goodreads_books_31233,Covers_878,True
Goodreads_books_56,Covers_11143,False
Goodreads_books_33040,Covers_552,True
Goodreads_books_30931,Covers_5,True
Goodreads_books_36646,Covers_3887,True
Goodreads_books_15629,Covers_23661,False
Goodreads_books_27925,Covers_38000,False
Goodreads_books_24108,Covers_1558,True
Goodreads_books_31317,Covers_11789,False
Goodreads_books_37995,Covers_36818,False
Goodreads_books_13998,Covers_21077,False
Goodreads_books_947,Covers_19298,False
Goodreads_books_12567,Covers_26733,False
Goodreads_books_15097,Covers_18610,False
Goodreads_books_17445,Covers_37093,False
Goodreads_books_24498,Covers_45454,False
Goodreads_books_22956,Covers_6044,True
Goodreads_books_39168,Covers_8677,True
Goodreads_books_2730,Covers_1225,False
Goodreads_books_24375,Covers_24927,False
Goodreads_books_7755,Covers_6157,True
Goodreads_books_37980,Covers_17006,False
Goodreads_books_33546,Covers_11544,False
Goodreads_books_2624,Covers_5172,True
Goodreads_books_12073,Covers_35073,False
Goodreads_books_29588,Covers_42267,False
Goodreads_books_1545,Covers_44043,False
Goodreads_books_25727,Covers_4875,True
Goodreads_books_36978,Covers_44565,False
Goodreads_books_32075,Covers_40901,False
Goodreads_books_36779,Covers_19514,False
Goodreads_books_18128,Covers_10961,False
Goodreads_books_20441,Covers_6578,True
Goodreads_books_15626,Covers_16717,False
Goodreads_books_19769,Covers_7978,True
Goodreads_books_37503,Covers_324,True
Goodreads_books_12960,Covers_48826,False
Goodreads_books_39257,Covers_18760,False
Goodreads_books_15610,Covers_43986,False
Goodreads_books_13331,Covers_13562,False
Goodreads_books_9881,Covers_37217,False
Goodreads_books_38833,Covers_44592,False
Goodreads_books_13443,Covers_3382,True
Goodreads_books_13140,Covers_11002,False
Goodreads_books_4046,Covers_2486,True
Goodreads_books_2676,Covers_16561,False
Goodreads_books_22039,Covers_3377,True
Goodreads_books_23568,Covers_14846,False
Goodreads_books_20737,Covers_26209,False
Goodreads_books_3922,Covers_1175,True
Goodreads_books_311,Covers_13393,False
Goodreads_books_27598,Covers_39423,False
Goodreads_books_2468,Covers_13110,False
Goodreads_books_10722,Covers_4695,True
Goodreads_books_1450,Covers_37230,False
Goodreads_books_7511,Covers_41019,False
Goodreads_books_6485,Covers_34001,False
Goodreads_books_12517,Covers_1770,True
Goodreads_books_5902,Covers_17350,False
Goodreads_books_34881,Covers_31201,False
Goodreads_books_2824,Covers_39414,False
Goodreads_books_34582,Covers_1157,True
Goodreads_books_15268,Covers_19197,False
Goodreads_books_22962,Covers_42298,False
Goodreads_books_20457,Covers_3207,True
Goodreads_books_680,Covers_41693,False
Goodreads_books_8002,Covers_4794,True
Goodreads_books_38814,Covers_3689,False
Goodreads_books_17313,Covers_43887,False
Goodreads_books_3610,Covers_4475,True
Goodreads_books_141,Covers_16299,False
Goodreads_books_16336,Covers_2678,True
Goodreads_books_2147,Covers_29255,False
Goodreads_books_1843,Covers_5794,True
Goodreads_books_30849,Covers_19325,False
Goodreads_books_2362,Covers_8299,True
Goodreads_books_9424,Covers_46627,False
Goodreads_books_7509,Covers_47502,False
Goodreads_books_20812,Covers_16779,False
Goodreads_books_9148,Covers_42762,False
Goodreads_books_38648,Covers_12755,False
Goodreads_books_5374,Covers_511,True
Goodreads_books_6279,Covers_40418,False
Goodreads_books_2272,Covers_5767,True
Goodreads_books_27350,Covers_5593,True
Goodreads_books_10502,Covers_43153,False
Goodreads_books_37092,Covers_6562,True
Goodreads_books_26638,Covers_24617,False
Goodreads_books_33881,Covers_40195,False
Goodreads_books_35053,Covers_40924,False
Goodreads_books_14384,Covers_39343,False
Goodreads_books_26429,Covers_42945,False
Goodreads_books_31264,Covers_46657,False
Goodreads_books_34479,Covers_46695,False
Goodreads_books_20303,Covers_10659,False
Goodreads_books_27619,Covers_23644,False
Goodreads_books_8495,Covers_17591,False
Goodreads_books_23745,Covers_12983,False
Goodreads_books_15473,Covers_32618,False
Goodreads_books_29571,Covers_39313,False
Goodreads_books_27247,Covers_20965,False
Goodreads_books_4601,Covers_123,True
Goodreads_books_24187,Covers_21820,False
Goodreads_books_12899,Covers_38444,False
Goodreads_books_3486,Covers_5312,False
Goodreads_books_37722,Covers_6668,True
Goodreads_books_26623,Covers_31522,False
Goodreads_books_1588,Covers_22881,False
Goodreads_books_26172,Covers_38880,False
Goodreads_books_35619,Covers_27564,False
Goodreads_books_30475,Covers_31724,False
Goodreads_books_30769,Covers_7862,True
Goodreads_books_17766,Covers_19956,False
Goodreads_books_31828,Covers_424,True
Goodreads_books_25045,Covers_1576,True
Goodreads_books_26710,Covers_2382,True
Goodreads_books_30771,Covers_38024,False
Goodreads_books_29107,Covers_30843,False
Goodreads_books_4121,Covers_34565,False
Goodreads_books_23063,Covers_37839,False
Goodreads_books_30394,Covers_7097,True
Goodreads_books_17917,Covers_8483,True
Goodreads_books_8918,Covers_30680,False
Goodreads_books_39177,Covers_11063,False
Goodreads_books_13,Covers_647,True
Goodreads_books_27076,Covers_5046,True
Goodreads_books_7895,Covers_45974,False
Goodreads_books_37796,Covers_23259,False
Goodreads_books_21420,Covers_559,True
Goodreads_books_32178,Covers_34294,False
Goodreads_books_21250,Covers_12792,False
Goodreads_books_25275,Covers_30772,False
Goodreads_books_34783,Covers_49948,False
Goodreads_books_15443,Covers_2183,True
Goodreads_books_14545,Covers_32028,False
Goodreads_books_9055,Covers_39150,False
Goodreads_books_12124,Covers_9717,False
Goodreads_books_19032,Covers_22691,False
Goodreads_books_27538,Covers_26885,False
Goodreads_books_21880,Covers_44691,False
Goodreads_books_15629,Covers_21574,False
Goodreads_books_21233,Covers_18828,False
Goodreads_books_34213,Covers_4400,True
Goodreads_books_31128,Covers_745,False
Goodreads_books_16983,Covers_2199,True
Goodreads_books_39090,Covers_19975,False
Goodreads_books_26528,Covers_22069,False
Goodreads_books_30650,Covers_6993,True
Goodreads_books_1430,Covers_44029,False
Goodreads_books_5472,Covers_44550,False
Goodreads_books_34619,Covers_4576,True
Goodreads_books_22213,Covers_16623,False
Goodreads_books_34337,Covers_11325,False
Goodreads_books_6188,Covers_48802,False
Goodreads_books_34048,Covers_8509,True
Goodreads_books_3422,Covers_40173,False
Goodreads_books_32104,Covers_3200,True
Goodreads_books_811,Covers_44524,False
Goodreads_books_4802,Covers_41263,False
Goodreads_books_23766,Covers_1184,True
Goodreads_books_18659,Covers_24027,False
Goodreads_books_36169,Covers_40200,False
Goodreads_books_14043,Covers_49235,False
Goodreads_books_23537,Covers_19901,False
Goodreads_books_23575,Covers_23361,False
Goodreads_books_5560,Covers_793,True
Goodreads_books_18088,Covers_8251,True
Goodreads_books_462,Covers_37657,False
Goodreads_books_18517,Covers_6200,True
Goodreads_books_5482,Covers_6375,True
Goodreads_books_33803,Covers_30130,False
Goodreads_books_32767,Covers_43735,False
Goodreads_books_5049,Covers_19218,False
Goodreads_books_8303,Covers_6550,True
Goodreads_books_38727,Covers_45920,False
Goodreads_books_36035,Covers_2274,True
Goodreads_books_33335,Covers_5162,True
Goodreads_books_1863,Covers_32130,False
Goodreads_books_343,Covers_24697,False
Goodreads_books_15026,Covers_48245,False
Goodreads_books_32002,Covers_12102,False
Goodreads_books_24037,Covers_37604,False
Goodreads_books_17891,Covers_31478,False
Goodreads_books_32677,Covers_2360,False
Goodreads_books_36634,Covers_38945,False
Goodreads_books_35069,Covers_15265,False
Goodreads_books_8890,Covers_29767,False
Goodreads_books_30635,Covers_12027,False
Goodreads_books_27363,Covers_31396,False
Goodreads_books_8332,Covers_9105,False
Goodreads_books_19623,Covers_49558,False
Goodreads_books_21215,Covers_23960,False
Goodreads_books_27070,Covers_3595,True
Goodreads_books_4114,Covers_8441,True
Goodreads_books_37701,Covers_15043,False
Goodreads_books_32986,Covers_36571,False
Goodreads_books_31818,Covers_235,True
Goodreads_books_1760,Covers_40302,False
Goodreads_books_481,Covers_903,True
Goodreads_books_25643,Covers_3220,True
Goodreads_books_15252,Covers_6188,True
Goodreads_books_5625,Covers_3480,True
Goodreads_books_35872,Covers_3954,True
Goodreads_books_26918,Covers_25941,False
Goodreads_books_27953,Covers_16651,False
Goodreads_books_10999,Covers_2846,True
Goodreads_books_2636,Covers_3356,True
Goodreads_books_15691,Covers_12063,False
Goodreads_books_38397,Covers_39171,False
Goodreads_books_26911,Covers_44095,False
Goodreads_books_12763,Covers_7249,True
Goodreads_books_12850,Covers_14765,False
Goodreads_books_16790,Covers_3622,True
Goodreads_books_6684,Covers_40113,False
Goodreads_books_23533,Covers_3412,True
Goodreads_books_16391,Covers_46664,False
Goodreads_books_34038,Covers_30788,False
Goodreads_books_21644,Covers_21477,False
Goodreads_books_15447,Covers_42404,False
Goodreads_books_26638,Covers_15839,False
Goodreads_books_14403,Covers_46568,False
Goodreads_books_24220,Covers_9628,False
Goodreads_books_13437,Covers_11065,False
Goodreads_books_16127,Covers_27547,False
Goodreads_books_19492,Covers_48762,False
Goodreads_books_5813,Covers_11467,False
Goodreads_books_17561,Covers_4170,True
Goodreads_books_22490,Covers_1550,True
Goodreads_books_22810,Covers_14004,False
Goodreads_books_18270,Covers_28907,False
Goodreads_books_24930,Covers_6229,True
Goodreads_books_19673,Covers_3853,True
Goodreads_books_38883,Covers_9221,False
Goodreads_books_21723,Covers_32223,False
Goodreads_books_20039,Covers_10749,False
Goodreads_books_7934,Covers_17533,False
Goodreads_books_28955,Covers_42888,False
Goodreads_books_23974,Covers_36141,False
Goodreads_books_37308,Covers_23203,False
Goodreads_books_23197,Covers_9639,False
Goodreads_books_31980,Covers_1479,False
Goodreads_books_23165,Covers_42609,False
Goodreads_books_18035,Covers_6526,True
Goodreads_books_15771,Covers_7718,True
Goodreads_books_2989,Covers_20263,False
Goodreads_books_4942,Covers_39708,False
Goodreads_books_30559,Covers_39891,False
Goodreads_books_32724,Covers_13366,False
Goodreads_books_32125,Covers_5084,True
Goodreads_books_13287,Covers_5339,True
Goodreads_books_35081,Covers_2532,True
Goodreads_books_2989,Covers_46024,False
Goodreads_books_3308,Covers_1856,True
Goodreads_books_30329,Covers_25287,False
Goodreads_books_18794,Covers_5243,True
Goodreads_books_11366,Covers_11319,False
Goodreads_books_23691,Covers_3278,True
Goodreads_books_2362,Covers_40126,False
Goodreads_books_36676,Covers_26691,False
Goodreads_books_38156,Covers_33597,False
Goodreads_books_7130,Covers_44345,False
Goodreads_books_17710,Covers_44584,False
Goodreads_books_1413,Covers_31355,False
Goodreads_books_10896,Covers_30099,False
Goodreads_books_30981,Covers_8387,True
Goodreads_books_38563,Covers_6924,True
Goodreads_books_22918,Covers_5743,True
Goodreads_books_7958,Covers_40585,False
Goodreads_books_10649,Covers_27543,False
Goodreads_books_6,Covers_32641,False
Goodreads_books_20617,Covers_29758,False
Goodreads_books_23627,Covers_34940,False
Goodreads_books_34039,Covers_43628,False
Goodreads_books_31348,Covers_39306,False
Goodreads_books_14848,Covers_3566,True
Goodreads_books_35906,Covers_32905,False
Goodreads_books_8112,Covers_22750,False
Goodreads_books_17766,Covers_47907,False
Goodreads_books_22774,Covers_88,True
Goodreads_books_15492,Covers_42293,False
Goodreads_books_4367,Covers_4138,True
Goodreads_books_13320,Covers_4062,True
Goodreads_books_18391,Covers_19486,False
Goodreads_books_22158,Covers_19423,False
Goodreads_books_1732,Covers_6335,True
Goodreads_books_39055,Covers_6280,True
Goodreads_books_23381,Covers_39893,False
Goodreads_books_31866,Covers_27182,False
Goodreads_books_22497,Covers_33957,False
Goodreads_books_18312,Covers_11001,False
Goodreads_books_23248,Covers_18014,False
Goodreads_books_11152,Covers_29242,False
Goodreads_books_20727,Covers_42154,False
Goodreads_books_11265,Covers_37761,False
Goodreads_books_34295,Covers_591,True
Goodreads_books_10402,Covers_35105,False
Goodreads_books_34121,Covers_10334,False
Goodreads_books_14950,Covers_1799,True
Goodreads_books_5299,Covers_30101,False
Goodreads_books_22381,Covers_9451,False
Goodreads_books_30638,Covers_16023,False
Goodreads_books_35073,Covers_11798,False
Goodreads_books_21982,Covers_39802,False
Goodreads_books_31761,Covers_17059,False
Goodreads_books_11361,Covers_3611,True
Goodreads_books_37533,Covers_19917,False
Goodreads_books_9054,Covers_24947,False
Goodreads_books_34403,Covers_16321,False
Goodreads_books_1134,Covers_38562,False
Goodreads_books_25229,Covers_27417,False
Goodreads_books_22590,Covers_25840,False
Goodreads_books_2611,Covers_2278,True
Goodreads_books_475,Covers_8036,True
Goodreads_books_13590,Covers_22288,False
Goodreads_books_27125,Covers_3097,True
Goodreads_books_20728,Covers_11582,False
Goodreads_books_34360,Covers_8851,True
Goodreads_books_20157,Covers_15427,False
Goodreads_books_4308,Covers_935,True
Goodreads_books_9789,Covers_43406,False
Goodreads_books_4742,Covers_7600,True
Goodreads_books_171,Covers_1208,True
Goodreads_books_29614,Covers_3221,True
Goodreads_books_5051,Covers_42260,False
Goodreads_books_15979,Covers_15091,False
Goodreads_books_14282,Covers_45631,False
Goodreads_books_19787,Covers_39196,False
Goodreads_books_12083,Covers_41725,False
Goodreads_books_2577,Covers_25575,False
Goodreads_books_33560,Covers_2137,True
Goodreads_books_21445,Covers_45521,False
Goodreads_books_21842,Covers_31362,False
Goodreads_books_29093,Covers_28527,False
Goodreads_books_5524,Covers_36313,False
Goodreads_books_31930,Covers_34292,False
Goodreads_books_5417,Covers_29662,False
Goodreads_books_36772,Covers_43380,False
Goodreads_books_24174,Covers_17972,False
Goodreads_books_11026,Covers_2600,True
Goodreads_books_4217,Covers_1852,True
Goodreads_books_18337,Covers_1035,True
Goodreads_books_22213,Covers_23695,False
Goodreads_books_5429,Covers_7143,True
Goodreads_books_27878,Covers_12260,False
Goodreads_books_30552,Covers_2227,False
Goodreads_books_6979,Covers_14784,False
Goodreads_books_9823,Covers_38325,False
Goodreads_books_15360,Covers_18258,False
Goodreads_books_23048,Covers_43209,False
Goodreads_books_2186,Covers_36477,False
Goodreads_books_29535,Covers_2258,True
Goodreads_books_15626,Covers_13967,False
Goodreads_books_8997,Covers_35422,False
Goodreads_books_13051,Covers_30611,False
Goodreads_books_18681,Covers_36414,False
Goodreads_books_286,Covers_3729,True
Goodreads_books_25965,Covers_5380,True
Goodreads_books_31117,Covers_6082,True
Goodreads_books_8629,Covers_20183,False
Goodreads_books_24301,Covers_4100,True
Goodreads_books_10131,Covers_48216,False
Goodreads_books_32908,Covers_7051,True
Goodreads_books_30219,Covers_44983,False
Goodreads_books_22102,Covers_32979,False
Goodreads_books_27484,Covers_15258,False
Goodreads_books_36639,Covers_4191,True
Goodreads_books_23563,Covers_47573,False
Goodreads_books_4210,Covers_7517,True
Goodreads_books_5203,Covers_1812,True
Goodreads_books_35770,Covers_10366,False
Goodreads_books_19702,Covers_29241,False
Goodreads_books_2359,Covers_7179,True
Goodreads_books_11456,Covers_15726,False
Goodreads_books_10809,Covers_6224,True
Goodreads_books_38840,Covers_11797,False
Goodreads_books_14089,Covers_797,True
Goodreads_books_33515,Covers_8719,True
Goodreads_books_38160,Covers_1336,True
Goodreads_books_15356,Covers_37651,False
Goodreads_books_5156,Covers_8490,True
Goodreads_books_31798,Covers_3684,True
Goodreads_books_9636,Covers_5508,True
Goodreads_books_11195,Covers_16660,False
Goodreads_books_6246,Covers_36065,False
Goodreads_books_35228,Covers_15228,False
Goodreads_books_870,Covers_1866,True
Goodreads_books_2210,Covers_25009,False
Goodreads_books_25522,Covers_6062,True
Goodreads_books_38065,Covers_32149,False
Goodreads_books_22863,Covers_27963,False
Goodreads_books_38202,Covers_16808,False
Goodreads_books_20405,Covers_33531,False
Goodreads_books_22415,Covers_9896,False
Goodreads_books_32186,Covers_24338,False
Goodreads_books_27781,Covers_1745,True
Goodreads_books_17131,Covers_5584,True
Goodreads_books_37050,Covers_43427,False
Goodreads_books_22517,Covers_167,True
Goodreads_books_12893,Covers_40450,False
Goodreads_books_24469,Covers_28108,False
Goodreads_books_11477,Covers_33868,False
Goodreads_books_33303,Covers_2003,True
Goodreads_books_32083,Covers_599,True
Goodreads_books_35557,Covers_46239,False
Goodreads_books_27671,Covers_3431,True
Goodreads_books_22480,Covers_2811,True
Goodreads_books_16751,Covers_2599,True
Goodreads_books_3981,Covers_48506,False
Goodreads_books_39279,Covers_11865,False
Goodreads_books_29216,Covers_2807,True
Goodreads_books_33154,Covers_8978,False
Goodreads_books_24220,Covers_10743,False
Goodreads_books_6483,Covers_46572,False
Goodreads_books_9628,Covers_16714,False
Goodreads_books_16078,Covers_8720,True
Goodreads_books_786,Covers_3649,True
Goodreads_books_589,Covers_5727,True
Goodreads_books_30417,Covers_48122,False
Goodreads_books_19270,Covers_3334,True
Goodreads_books_18209,Covers_28748,False
Goodreads_books_9823,Covers_9995,False
Goodreads_books_10563,Covers_30923,False
Goodreads_books_8129,Covers_694,True
Goodreads_books_24959,Covers_41272,False
Goodreads_books_29653,Covers_1766,True
Goodreads_books_2059,Covers_36713,False
Goodreads_books_23974,Covers_32087,False
Goodreads_books_17282,Covers_5200,True
Goodreads_books_23814,Covers_3562,True
Goodreads_books_7130,Covers_41640,False
Goodreads_books_23721,Covers_46794,False
Goodreads_books_21762,Covers_7700,True
Goodreads_books_14670,Covers_42551,False
Goodreads_books_5382,Covers_8894,True
Goodreads_books_25730,Covers_13992,False
Goodreads_books_3068,Covers_26745,False
Goodreads_books_31371,Covers_38025,False
Goodreads_books_38904,Covers_4953,True
Goodreads_books_9993,Covers_44716,False
Goodreads_books_37302,Covers_3020,True
Goodreads_books_33430,Covers_31913,False
Goodreads_books_18974,Covers_1061,True
Goodreads_books_15834,Covers_3683,True
Goodreads_books_7335,Covers_26848,False
Goodreads_books_17683,Covers_38307,False
Goodreads_books_28878,Covers_8806,True
Goodreads_books_10166,Covers_31368,False
Goodreads_books_3606,Covers_6551,True
Goodreads_books_34678,Covers_3919,True
Goodreads_books_4880,Covers_33033,False
Goodreads_books_31074,Covers_39588,False
Goodreads_books_26536,Covers_42985,False
Goodreads_books_12675,Covers_17055,False
Goodreads_books_9763,Covers_11225,False
Goodreads_books_20538,Covers_13387,False
Goodreads_books_5167,Covers_18852,False
Goodreads_books_34044,Covers_29909,False
Goodreads_books_6305,Covers_12828,False
Goodreads_books_33305,Covers_41967,False
Goodreads_books_5665,Covers_8182,True
Goodreads_books_32933,Covers_49689,False
Goodreads_books_14106,Covers_46109,False
Goodreads_books_37736,Covers_22510,False
Goodreads_books_37066,Covers_47038,False
Goodreads_books_22213,Covers_32556,False
Goodreads_books_34811,Covers_32042,False
Goodreads_books_64,Covers_26520,False
Goodreads_books_36873,Covers_24253,False
Goodreads_books_18357,Covers_31340,False
Goodreads_books_3706,Covers_5267,True
Goodreads_books_7632,Covers_1638,False
Goodreads_books_37928,Covers_45319,False
Goodreads_books_23571,Covers_21540,False
Goodreads_books_32002,Covers_26033,False
Goodreads_books_31790,Covers_1081,True
Goodreads_books_1179,Covers_3121,False
Goodreads_books_4497,Covers_7818,True
Goodreads_books_2987,Covers_34132,False
Goodreads_books_36978,Covers_21526,False
Goodreads_books_27477,Covers_19313,False
Goodreads_books_3419,Covers_2672,True
Goodreads_books_20225,Covers_7910,True
Goodreads_books_27207,Covers_1945,True
Goodreads_books_18335,Covers_39987,False
Goodreads_books_33022,Covers_24888,False
Goodreads_books_3842,Covers_3614,True
Goodreads_books_18048,Covers_11294,False
Goodreads_books_8908,Covers_3268,True
Goodreads_books_35928,Covers_1922,True
Goodreads_books_13061,Covers_34705,False
Goodreads_books_38834,Covers_7719,True
Goodreads_books_15212,Covers_36677,False
Goodreads_books_37523,Covers_41407,False
Goodreads_books_15058,Covers_5575,True
Goodreads_books_33033,Covers_44275,False
Goodreads_books_29155,Covers_5877,True
Goodreads_books_13048,Covers_5811,True
Goodreads_books_657,Covers_39179,False
Goodreads_books_29890,Covers_6173,True
Goodreads_books_17406,Covers_6675,True
Goodreads_books_32292,Covers_3902,True
Goodreads_books_30443,Covers_10047,False
Goodreads_books_24818,Covers_25903,False
Goodreads_books_31201,Covers_2530,True
Goodreads_books_20698,Covers_528,True
Goodreads_books_11234,Covers_11139,False
Goodreads_books_23832,Covers_4394,True
Goodreads_books_19544,Covers_10193,False
Goodreads_books_5131,Covers_8513,True
Goodreads_books_38998,Covers_3485,True
Goodreads_books_27887,Covers_4885,True
Goodreads_books_14688,Covers_17990,False
Goodreads_books_34422,Covers_14715,False
Goodreads_books_32091,Covers_3728,True
Goodreads_books_12034,Covers_8831,True
Goodreads_books_24799,Covers_49606,False
Goodreads_books_23530,Covers_7491,True
Goodreads_books_4581,Covers_37449,False
Goodreads_books_9024,Covers_12871,False
Goodreads_books_20714,Covers_49641,False
Goodreads_books_17709,Covers_6932,True
Goodreads_books_563,Covers_49864,False
Goodreads_books_10892,Covers_11106,False
Goodreads_books_38905,Covers_12612,False
Goodreads_books_2171,Covers_25038,False
Goodreads_books_22931,Covers_30278,False
Goodreads_books_29251,Covers_3186,True
Goodreads_books_29232,Covers_2699,True
Goodreads_books_33180,Covers_8051,True
Goodreads_books_5626,Covers_7821,True
Goodreads_books_1181,Covers_2769,True
Goodreads_books_8,Covers_8836,True
Goodreads_books_30026,Covers_46213,False
Goodreads_books_34263,Covers_23435,False
Goodreads_books_21626,Covers_1628,True
Goodreads_books_39020,Covers_3905,True
Goodreads_books_4342,Covers_33902,False
Goodreads_books_20243,Covers_15278,False
Goodreads_books_10241,Covers_36807,False
Goodreads_books_3348,Covers_42795,False
Goodreads_books_35737,Covers_8260,True
Goodreads_books_35270,Covers_35641,False
Goodreads_books_27896,Covers_898,True
Goodreads_books_10933,Covers_32433,False
Goodreads_books_34693,Covers_8529,True
Goodreads_books_32653,Covers_2613,True
Goodreads_books_15997,Covers_40002,False
Goodreads_books_27551,Covers_16034,False
Goodreads_books_18026,Covers_30753,False
Goodreads_books_29437,Covers_4405,True
Goodreads_books_18049,Covers_18289,False
Goodreads_books_9318,Covers_6980,True
Goodreads_books_38571,Covers_41547,False
Goodreads_books_33670,Covers_31144,False
Goodreads_books_6001,Covers_6471,True
Goodreads_books_30563,Covers_8653,True
Goodreads_books_17603,Covers_30713,False
Goodreads_books_33490,Covers_10754,False
Goodreads_books_14157,Covers_30237,False
Goodreads_books_18128,Covers_34453,False
Goodreads_books_1377,Covers_40754,False
Goodreads_books_22282,Covers_17794,False
Goodreads_books_19101,Covers_3467,True
Goodreads_books_1357,Covers_8384,True
Goodreads_books_13335,Covers_1592,True
Goodreads_books_31709,Covers_25837,False
Goodreads_books_18312,Covers_41699,False
Goodreads_books_30077,Covers_6323,True
Goodreads_books_28462,Covers_14686,False
Goodreads_books_15920,Covers_26227,False
Goodreads_books_11717,Covers_12273,False
Goodreads_books_24495,Covers_35989,False
Goodreads_books_26290,Covers_2564,True
Goodreads_books_24783,Covers_11947,False
Goodreads_books_21386,Covers_17655,False
Goodreads_books_39148,Covers_19541,False
Goodreads_books_12348,Covers_16118,False
Goodreads_books_24034,Covers_16232,False
Goodreads_books_11455,Covers_32601,False
Goodreads_books_31118,Covers_6903,True
Goodreads_books_29064,Covers_33431,False
Goodreads_books_10253,Covers_31420,False
Goodreads_books_31424,Covers_7641,True
Goodreads_books_4496,Covers_40449,False
Goodreads_books_33437,Covers_355,True
Goodreads_books_32679,Covers_49781,False
Goodreads_books_20900,Covers_2823,True
Goodreads_books_22473,Covers_13245,False
Goodreads_books_17508,Covers_27782,False
Goodreads_books_7800,Covers_16346,False
Goodreads_books_32423,Covers_12678,False
Goodreads_books_31287,Covers_20816,False
Goodreads_books_9177,Covers_6105,True
Goodreads_books_35203,Covers_6837,True
Goodreads_books_13518,Covers_47512,False
Goodreads_books_35225,Covers_9235,False
Goodreads_books_26718,Covers_7455,True
Goodreads_books_8475,Covers_19871,False
Goodreads_books_28215,Covers_5647,True
Goodreads_books_7554,Covers_37321,False
Goodreads_books_38500,Covers_49939,False
Goodreads_books_639,Covers_12991,False
Goodreads_books_920,Covers_2668,True
Goodreads_books_26624,Covers_19302,False
Goodreads_books_18382,Covers_9491,False
Goodreads_books_1747,Covers_29628,False
Goodreads_books_11328,Covers_40769,False
Goodreads_books_37093,Covers_4947,True
Goodreads_books_31272,Covers_8162,True
Goodreads_books_25941,Covers_46888,False
Goodreads_books_2533,Covers_2500,True
Goodreads_books_10694,Covers_6780,True
Goodreads_books_4223,Covers_5629,True
Goodreads_books_29442,Covers_10691,False
Goodreads_books_2888,Covers_3021,True
Goodreads_books_12865,Covers_28195,False
Goodreads_books_5581,Covers_133,True
Goodreads_books_22874,Covers_26118,False
Goodreads_books_28133,Covers_5738,True
Goodreads_books_33830,Covers_20786,False
Goodreads_books_8428,Covers_5679,True
Goodreads_books_1453,Covers_4003,True
Goodreads_books_9028,Covers_43034,False
Goodreads_books_39269,Covers_35785,False
Goodreads_books_21525,Covers_13830,False
Goodreads_books_15770,Covers_1411,True
Goodreads_books_4167,Covers_19937,False
Goodreads_books_7190,Covers_467,True
Goodreads_books_34340,Covers_9035,False
Goodreads_books_31867,Covers_975,True
Goodreads_books_15520,Covers_3860,False
Goodreads_books_33686,Covers_456,True
Goodreads_books_27953,Covers_9843,False
Goodreads_books_30649,Covers_7387,True
Goodreads_books_14181,Covers_4364,True
Goodreads_books_32366,Covers_6789,True
Goodreads_books_14017,Covers_8431,True
Goodreads_books_18460,Covers_5132,True
Goodreads_books_21629,Covers_29818,False
Goodreads_books_32002,Covers_29413,False
Goodreads_books_18178,Covers_23730,False
Goodreads_books_16285,Covers_48900,False
Goodreads_books_30449,Covers_8241,True
Goodreads_books_14406,Covers_8598,True
Goodreads_books_34005,Covers_32961,False
Goodreads_books_28374,Covers_41346,False
Goodreads_books_32876,Covers_4637,True
Goodreads_books_26259,Covers_3745,True
Goodreads_books_16389,Covers_4428,True
Goodreads_books_34677,Covers_3941,True
Goodreads_books_5102,Covers_43425,False
Goodreads_books_15509,Covers_2662,True
Goodreads_books_7981,Covers_36926,False
Goodreads_books_7748,Covers_29583,False
Goodreads_books_23873,Covers_5011,True
Goodreads_books_10459,Covers_27347,False
Goodreads_books_21168,Covers_8140,True
Goodreads_books_22470,Covers_34909,False
Goodreads_books_7247,Covers_38477,False
Goodreads_books_4433,Covers_24191,False
Goodreads_books_20369,Covers_30218,False
Goodreads_books_18128,Covers_46305,False
Goodreads_books_3560,Covers_1582,True
Goodreads_books_27485,Covers_24315,False
Goodreads_books_13318,Covers_44735,False
Goodreads_books_7589,Covers_18993,False
Goodreads_books_17175,Covers_8795,True
Goodreads_books_3977,Covers_15487,False
Goodreads_books_20414,Covers_39681,False
Goodreads_books_15797,Covers_2836,True
Goodreads_books_28435,Covers_48617,False
Goodreads_books_37959,Covers_5530,True
Goodreads_books_21621,Covers_4902,True
Goodreads_books_14721,Covers_27885,False
Goodreads_books_29299,Covers_45115,False
Goodreads_books_7819,Covers_6305,True
Goodreads_books_11000,Covers_42125,False
Goodreads_books_36060,Covers_7807,True
Goodreads_books_7513,Covers_49061,False
Goodreads_books_31349,Covers_49479,False
Goodreads_books_3068,Covers_14341,False
Goodreads_books_34728,Covers_30593,False
Goodreads_books_3795,Covers_5895,True
Goodreads_books_36436,Covers_23984,False
Goodreads_books_34273,Covers_7234,True
Goodreads_books_24915,Covers_1435,True
Goodreads_books_619,Covers_40472,False
Goodreads_books_26513,Covers_17807,False
Goodreads_books_28142,Covers_5965,True
Goodreads_books_774,Covers_26528,False
Goodreads_books_31134,Covers_21492,False
Goodreads_books_38864,Covers_15378,False
Goodreads_books_20379,Covers_10894,False
Goodreads_books_23608,Covers_6385,True
Goodreads_books_611,Covers_34247,False
Goodreads_books_56,Covers_43103,False
Goodreads_books_34696,Covers_6661,True
Goodreads_books_27247,Covers_20636,False
Goodreads_books_20646,Covers_38751,False
Goodreads_books_6823,Covers_15362,False
Goodreads_books_31252,Covers_7994,True
Goodreads_books_8546,Covers_8154,True
Goodreads_books_19984,Covers_1143,False
Goodreads_books_36816,Covers_4988,True
Goodreads_books_611,Covers_19262,False
Goodreads_books_22011,Covers_46706,False
Goodreads_books_31624,Covers_24114,False
Goodreads_books_21270,Covers_1216,True
Goodreads_books_24060,Covers_26870,False
Goodreads_books_25227,Covers_33770,False
Goodreads_books_34193,Covers_25264,False
Goodreads_books_32573,Covers_37138,False
Goodreads_books_4704,Covers_12882,False
Goodreads_books_7245,Covers_26272,False
Goodreads_books_38560,Covers_6273,True
Goodreads_books_4881,Covers_8816,True
Goodreads_books_15760,Covers_47089,False
Goodreads_books_10266,Covers_37809,False
Goodreads_books_20322,Covers_2849,True
Goodreads_books_3361,Covers_34986,False
Goodreads_books_23505,Covers_2211,True
Goodreads_books_27172,Covers_40630,False
Goodreads_books_35794,Covers_40328,False
Goodreads_books_33670,Covers_45855,False
Goodreads_books_17860,Covers_11945,False
Goodreads_books_31676,Covers_8218,True
Goodreads_books_35747,Covers_1290,True
Goodreads_books_26911,Covers_13209,False
Goodreads_books_38986,Covers_8413,True
Goodreads_books_16979,Covers_24496,False
Goodreads_books_34605,Covers_27710,False
Goodreads_books_23551,Covers_3333,True
Goodreads_books_27113,Covers_6541,True
Goodreads_books_8717,Covers_27203,False
Goodreads_books_7968,Covers_15083,False
Goodreads_books_18205,Covers_5092,True
Goodreads_books_27032,Covers_27985,False
Goodreads_books_6253,Covers_5992,True
Goodreads_books_2906,Covers_29679,False
Goodreads_books_611,Covers_36949,False
Goodreads_books_32755,Covers_9266,False
Goodreads_books_31177,Covers_8315,True
Goodreads_books_20568,Covers_36584,False
Goodreads_books_28191,Covers_13404,False
Goodreads_books_16429,Covers_3264,True
Goodreads_books_18600,Covers_9733,False
Goodreads_books_29199,Covers_8515,True
Goodreads_books_9438,Covers_24543,False
Goodreads_books_6138,Covers_1387,True
Goodreads_books_37962,Covers_794,True
Goodreads_books_13996,Covers_32156,False
Goodreads_books_4707,Covers_31620,False
Goodreads_books_755,Covers_46271,False
Goodreads_books_9055,Covers_21314,False
Goodreads_books_1015,Covers_27510,False
Goodreads_books_1811,Covers_43374,False
Goodreads_books_4596,Covers_769,True
Goodreads_books_34934,Covers_2149,True
Goodreads_books_30957,Covers_15319,False
Goodreads_books_2944,Covers_27576,False
Goodreads_books_32755,Covers_28811,False
Goodreads_books_23271,Covers_38305,False
Goodreads_books_30153,Covers_1872,True
Goodreads_books_25936,Covers_1160,True
Goodreads_books_12783,Covers_46735,False
Goodreads_books_13410,Covers_23333,False
Goodreads_books_38995,Covers_1219,True
Goodreads_books_38495,Covers_7601,True
Goodreads_books_23310,Covers_5951,True
Goodreads_books_36599,Covers_29890,False
Goodreads_books_1499,Covers_30021,False
Goodreads_books_33518,Covers_25900,False
Goodreads_books_16374,Covers_19647,False
Goodreads_books_33675,Covers_3741,True
Goodreads_books_22330,Covers_3487,True
Goodreads_books_36836,Covers_37013,False
Goodreads_books_22134,Covers_29148,False
Goodreads_books_18728,Covers_23011,False
Goodreads_books_1978,Covers_46244,False
Goodreads_books_5808,Covers_13339,False
Goodreads_books_20917,Covers_921,True
Goodreads_books_14710,Covers_30994,False
Goodreads_books_1354,Covers_16187,False
Goodreads_books_17069,Covers_3293,True
Goodreads_books_8085,Covers_5022,True
Goodreads_books_4777,Covers_12829,False
Goodreads_books_36713,Covers_1000,True
Goodreads_books_3795,Covers_49388,False
Goodreads_books_28508,Covers_7357,True
Goodreads_books_20216,Covers_1410,True
Goodreads_books_34540,Covers_43428,False
Goodreads_books_32395,Covers_138,True
Goodreads_books_4139,Covers_2746,True
Goodreads_books_34245,Covers_2469,False
Goodreads_books_5393,Covers_5097,True
Goodreads_books_34446,Covers_32126,False
Goodreads_books_22213,Covers_22176,False
Goodreads_books_38511,Covers_3141,True
Goodreads_books_30695,Covers_11986,False
Goodreads_books_6543,Covers_4995,True
Goodreads_books_37066,Covers_19094,False
Goodreads_books_11429,Covers_9169,False
Goodreads_books_19548,Covers_5088,True
Goodreads_books_17146,Covers_5117,True
Goodreads_books_3462,Covers_8033,True
Goodreads_books_36833,Covers_15058,False
Goodreads_books_25457,Covers_49281,False
Goodreads_books_7949,Covers_18102,False
Goodreads_books_7182,Covers_40669,False
Goodreads_books_36040,Covers_14138,False
Goodreads_books_13347,Covers_17391,False
Goodreads_books_14120,Covers_17400,False
Goodreads_books_29956,Covers_1375,True
Goodreads_books_23227,Covers_917,True
Goodreads_books_25871,Covers_4551,True
Goodreads_books_18567,Covers_30437,False
Goodreads_books_29229,Covers_14040,False
Goodreads_books_9841,Covers_14695,False
Goodreads_books_31912,Covers_4097,True
Goodreads_books_5285,Covers_5653,True
Goodreads_books_12440,Covers_12687,False
Goodreads_books_35346,Covers_411,False
Goodreads_books_24393,Covers_17282,False
Goodreads_books_1535,Covers_24478,False
Goodreads_books_19353,Covers_20086,False
Goodreads_books_34821,Covers_20998,False
Goodreads_books_9047,Covers_29035,False
Goodreads_books_11355,Covers_26721,False
Goodreads_books_14629,Covers_27653,False
Goodreads_books_3150,Covers_8428,True
Goodreads_books_17594,Covers_1356,True
Goodreads_books_37545,Covers_33097,False
Goodreads_books_27763,Covers_3718,True
Goodreads_books_22694,Covers_16302,False
Goodreads_books_17431,Covers_44580,False
Goodreads_books_18600,Covers_36562,False
Goodreads_books_34644,Covers_1385,True
Goodreads_books_4777,Covers_11085,False
Goodreads_books_30475,Covers_37059,False
Goodreads_books_7121,Covers_22050,False
Goodreads_books_26480,Covers_24674,False
Goodreads_books_5189,Covers_5322,True
Goodreads_books_26636,Covers_45670,False
Goodreads_books_37121,Covers_7775,True
Goodreads_books_24174,Covers_47203,False
Goodreads_books_16309,Covers_31382,False
Goodreads_books_37951,Covers_1171,True
Goodreads_books_4540,Covers_1511,True
Goodreads_books_1106,Covers_54,True
Goodreads_books_37630,Covers_21499,False
Goodreads_books_30105,Covers_1570,True
Goodreads_books_12111,Covers_13041,False
Goodreads_books_15875,Covers_10418,False
Goodreads_books_13413,Covers_970,True
Goodreads_books_34720,Covers_7633,True
Goodreads_books_5226,Covers_30939,False
Goodreads_books_28189,Covers_33151,False
Goodreads_books_20219,Covers_26645,False
Goodreads_books_8645,Covers_2526,False
Goodreads_books_35219,Covers_47685,False
Goodreads_books_5017,Covers_4952,True
Goodreads_books_23296,Covers_3529,True
Goodreads_books_941,Covers_1430,True
Goodreads_books_31525,Covers_39145,False
Goodreads_books_38597,Covers_5424,True
Goodreads_books_23604,Covers_309,True
Goodreads_books_5610,Covers_3453,False
Goodreads_books_16329,Covers_598,True
Goodreads_books_21109,Covers_41992,False
Goodreads_books_36827,Covers_38607,False
Goodreads_books_38094,Covers_14059,False
Goodreads_books_1740,Covers_48620,False
Goodreads_books_2814,Covers_25230,False
Goodreads_books_684,Covers_34213,False
Goodreads_books_25190,Covers_3285,True
Goodreads_books_24959,Covers_42402,False
Goodreads_books_26963,Covers_45537,False
Goodreads_books_3189,Covers_8804,True
Goodreads_books_1974,Covers_2333,True
Goodreads_books_16091,Covers_33100,False
Goodreads_books_10707,Covers_36958,False
Goodreads_books_30956,Covers_590,False
Goodreads_books_28159,Covers_8357,True
Goodreads_books_30436,Covers_1916,True
Goodreads_books_16136,Covers_1053,True
Goodreads_books_3763,Covers_34552,False
Goodreads_books_1483,Covers_2068,True
Goodreads_books_16974,Covers_2300,True
Goodreads_books_29089,Covers_17476,False
