Goodreads_books_11455,Amazon_13237,True
Goodreads_books_4360,Amazon_15635,True
Goodreads_books_30757,Amazon_20879,True
Goodreads_books_34,Amazon_15215,True
Goodreads_books_30599,Amazon_21126,True
Goodreads_books_31154,Amazon_17432,True
Goodreads_books_38163,Amazon_116,True
Goodreads_books_37738,Amazon_7755,True
Goodreads_books_16493,Amazon_17265,True
Goodreads_books_19054,Amazon_2400,True
Goodreads_books_2758,Amazon_10814,True
Goodreads_books_30431,Amazon_15099,True
Goodreads_books_36432,Amazon_10715,True
Goodreads_books_37391,Amazon_2979,True
Goodreads_books_9533,Amazon_17136,True
Goodreads_books_14783,Amazon_3890,True
Goodreads_books_35518,Amazon_10161,True
Goodreads_books_30497,Amazon_15071,True
Goodreads_books_30545,Amazon_4605,True
Goodreads_books_7477,Amazon_17048,True
Goodreads_books_24316,Amazon_17449,True
Goodreads_books_24594,Amazon_12890,True
Goodreads_books_18433,Amazon_9883,True
Goodreads_books_27406,Amazon_7878,True
Goodreads_books_16006,Amazon_17460,True
Goodreads_books_10127,Amazon_17606,True
Goodreads_books_34480,Amazon_17567,True
Goodreads_books_2891,Amazon_4986,True
Goodreads_books_28914,Amazon_14745,True
Goodreads_books_7200,Amazon_1172,True
Goodreads_books_12580,Amazon_7628,True
Goodreads_books_33052,Amazon_11877,True
Goodreads_books_30837,Amazon_17234,True
Goodreads_books_37578,Amazon_13050,True
Goodreads_books_33073,Amazon_17442,True
Goodreads_books_12706,Amazon_15565,True
Goodreads_books_308,Amazon_17239,True
Goodreads_books_31240,Amazon_17865,True
Goodreads_books_30621,Amazon_15084,True
Goodreads_books_36574,Amazon_17362,True
Goodreads_books_14511,Amazon_12175,True
Goodreads_books_4844,Amazon_17293,True
Goodreads_books_2462,Amazon_17457,True
Goodreads_books_30895,Amazon_17736,True
Goodreads_books_31160,Amazon_17845,True
Goodreads_books_30864,Amazon_21062,True
Goodreads_books_32539,Amazon_18179,True
Goodreads_books_16229,Amazon_22253,True
Goodreads_books_32688,Amazon_21178,True
Goodreads_books_31732,Amazon_10261,True
Goodreads_books_27751,Amazon_20992,True
Goodreads_books_24257,Amazon_6218,True
Goodreads_books_11860,Amazon_4717,True
Goodreads_books_12940,Amazon_11111,True
Goodreads_books_34260,Amazon_4695,True
Goodreads_books_30919,Amazon_21182,True
Goodreads_books_34550,Amazon_15088,True
Goodreads_books_33305,Amazon_21277,True
Goodreads_books_31250,Amazon_15601,True
Goodreads_books_12017,Amazon_17260,True
Goodreads_books_3039,Amazon_17393,True
Goodreads_books_3403,Amazon_10548,True
Goodreads_books_1764,Amazon_3427,True
Goodreads_books_33183,Amazon_3367,True
Goodreads_books_26133,Amazon_10155,True
Goodreads_books_12401,Amazon_17133,True
Goodreads_books_33010,Amazon_18102,True
Goodreads_books_37049,Amazon_17573,True
Goodreads_books_13773,Amazon_1905,True
Goodreads_books_5254,Amazon_17235,True
Goodreads_books_4051,Amazon_10423,True
Goodreads_books_34621,Amazon_3319,True
Goodreads_books_25025,Amazon_10588,True
Goodreads_books_7143,Amazon_652,True
Goodreads_books_17503,Amazon_19814,True
Goodreads_books_36173,Amazon_17123,True
Goodreads_books_24953,Amazon_2537,True
Goodreads_books_2234,Amazon_9685,True
Goodreads_books_30659,Amazon_21117,True
Goodreads_books_34923,Amazon_17985,True
Goodreads_books_13980,Amazon_20967,True
Goodreads_books_15504,Amazon_10651,True
Goodreads_books_20366,Amazon_22495,True
Goodreads_books_4931,Amazon_15172,True
Goodreads_books_33243,Amazon_20792,True
Goodreads_books_36967,Amazon_17130,True
Goodreads_books_8415,Amazon_8805,True
Goodreads_books_32845,Amazon_21077,True
Goodreads_books_17986,Amazon_11942,True
Goodreads_books_33309,Amazon_11313,True
Goodreads_books_33338,Amazon_7016,True
Goodreads_books_30823,Amazon_17181,True
Goodreads_books_9300,Amazon_6509,True
Goodreads_books_13802,Amazon_10221,True
Goodreads_books_37103,Amazon_17391,True
Goodreads_books_8156,Amazon_2045,True
Goodreads_books_31246,Amazon_17957,True
Goodreads_books_24457,Amazon_17336,True
Goodreads_books_32783,Amazon_16287,True
Goodreads_books_25738,Amazon_21092,True
Goodreads_books_20087,Amazon_5518,True
Goodreads_books_27475,Amazon_13084,True
Goodreads_books_32108,Amazon_2440,True
Goodreads_books_32530,Amazon_18158,True
Goodreads_books_37982,Amazon_17412,True
Goodreads_books_10480,Amazon_9528,True
Goodreads_books_37156,Amazon_10531,True
Goodreads_books_30429,Amazon_4385,True
Goodreads_books_34335,Amazon_17499,True
Goodreads_books_31373,Amazon_16965,True
Goodreads_books_13002,Amazon_16394,True
Goodreads_books_37979,Amazon_15395,True
Goodreads_books_3818,Amazon_4315,True
Goodreads_books_905,Amazon_14942,True
Goodreads_books_16901,Amazon_3109,True
Goodreads_books_26922,Amazon_10952,True
Goodreads_books_14834,Amazon_10590,True
Goodreads_books_34669,Amazon_20840,True
Goodreads_books_39277,Amazon_4363,True
Goodreads_books_31952,Amazon_18231,True
Goodreads_books_31291,Amazon_10297,True
Goodreads_books_31685,Amazon_15570,True
Goodreads_books_3129,Amazon_12046,True
Goodreads_books_8985,Amazon_10964,True
Goodreads_books_8640,Amazon_2258,True
Goodreads_books_114,Amazon_7113,True
Goodreads_books_35762,Amazon_1918,True
Goodreads_books_8758,Amazon_13314,True
Goodreads_books_31802,Amazon_17701,True
Goodreads_books_31068,Amazon_18183,True
Goodreads_books_24180,Amazon_10893,True
Goodreads_books_2332,Amazon_18080,True
Goodreads_books_34508,Amazon_2223,True
Goodreads_books_32505,Amazon_12862,True
Goodreads_books_30728,Amazon_17468,True
Goodreads_books_20706,Amazon_3313,True
Goodreads_books_34170,Amazon_17611,True
Goodreads_books_33331,Amazon_18392,True
Goodreads_books_36326,Amazon_17382,True
Goodreads_books_34939,Amazon_7324,True
Goodreads_books_20344,Amazon_3256,True
Goodreads_books_31267,Amazon_17049,True
Goodreads_books_37314,Amazon_10324,True
Goodreads_books_21862,Amazon_4611,True
Goodreads_books_30958,Amazon_17862,True
Goodreads_books_1194,Amazon_7556,True
Goodreads_books_8652,Amazon_10253,True
Goodreads_books_30936,Amazon_11577,True
Goodreads_books_1097,Amazon_17654,True
Goodreads_books_22703,Amazon_3385,True
Goodreads_books_33223,Amazon_10486,True
Goodreads_books_4340,Amazon_10256,True
Goodreads_books_2937,Amazon_4927,True
Goodreads_books_25944,Amazon_21447,True
Goodreads_books_32586,Amazon_17856,True
Goodreads_books_35649,Amazon_10583,True
Goodreads_books_15600,Amazon_13497,True
Goodreads_books_23742,Amazon_10505,True
Goodreads_books_11161,Amazon_5306,True
Goodreads_books_26154,Amazon_13175,True
Goodreads_books_33713,Amazon_15287,True
Goodreads_books_37069,Amazon_15439,True
Goodreads_books_12183,Amazon_10285,True
Goodreads_books_37072,Amazon_17068,True
Goodreads_books_34014,Amazon_10751,True
Goodreads_books_27241,Amazon_5143,True
Goodreads_books_35370,Amazon_15436,True
Goodreads_books_30906,Amazon_11575,True
Goodreads_books_3577,Amazon_4586,True
Goodreads_books_1560,Amazon_15369,True
Goodreads_books_36809,Amazon_4577,True
Goodreads_books_37154,Amazon_15479,True
Goodreads_books_286,Amazon_1992,True
Goodreads_books_31022,Amazon_5049,True
Goodreads_books_30657,Amazon_1643,True
Goodreads_books_31058,Amazon_4691,True
Goodreads_books_34231,Amazon_6962,True
Goodreads_books_16806,Amazon_7252,True
Goodreads_books_33834,Amazon_18203,True
Goodreads_books_30983,Amazon_21222,True
Goodreads_books_14489,Amazon_2797,True
Goodreads_books_32219,Amazon_17580,True
Goodreads_books_34015,Amazon_7587,True
Goodreads_books_31701,Amazon_16276,True
Goodreads_books_25592,Amazon_10188,True
Goodreads_books_31878,Amazon_18216,True
Goodreads_books_32867,Amazon_4378,True
Goodreads_books_20815,Amazon_17042,True
Goodreads_books_31306,Amazon_1954,True
Goodreads_books_8916,Amazon_2214,True
Goodreads_books_31041,Amazon_15444,True
Goodreads_books_39306,Amazon_22401,True
Goodreads_books_11640,Amazon_9584,True
Goodreads_books_36715,Amazon_10120,True
Goodreads_books_35670,Amazon_4729,True
Goodreads_books_13979,Amazon_16997,True
Goodreads_books_35111,Amazon_18167,True
Goodreads_books_19662,Amazon_8789,True
Goodreads_books_33257,Amazon_21241,True
Goodreads_books_30590,Amazon_3436,True
Goodreads_books_30980,Amazon_16847,True
Goodreads_books_4168,Amazon_10183,True
Goodreads_books_11277,Amazon_17721,True
Goodreads_books_34367,Amazon_17227,True
Goodreads_books_3872,Amazon_19954,True
Goodreads_books_1739,Amazon_17233,True
Goodreads_books_28419,Amazon_21176,True
Goodreads_books_111,Amazon_4758,True
Goodreads_books_30660,Amazon_20923,True
Goodreads_books_36999,Amazon_17304,True
Goodreads_books_38809,Amazon_13544,True
Goodreads_books_21060,Amazon_3310,True
Goodreads_books_2888,Amazon_2745,True
Goodreads_books_30593,Amazon_10326,True
Goodreads_books_30850,Amazon_4889,True
Goodreads_books_31426,Amazon_17899,True
Goodreads_books_4712,Amazon_3762,True
Goodreads_books_23324,Amazon_9946,True
Goodreads_books_34481,Amazon_18262,True
Goodreads_books_31392,Amazon_15168,True
Goodreads_books_17557,Amazon_12041,True
Goodreads_books_36791,Amazon_17398,True
Goodreads_books_31506,Amazon_17330,True
Goodreads_books_29331,Amazon_17268,True
Goodreads_books_33559,Amazon_17421,True
Goodreads_books_31720,Amazon_17941,True
Goodreads_books_37671,Amazon_16962,True
Goodreads_books_29992,Amazon_17197,True
Goodreads_books_565,Amazon_4486,True
Goodreads_books_39064,Amazon_10723,True
Goodreads_books_30957,Amazon_21081,True
Goodreads_books_3773,Amazon_8984,True
Goodreads_books_3485,Amazon_11696,True
Goodreads_books_32072,Amazon_16976,True
Goodreads_books_33675,Amazon_15193,True
Goodreads_books_30695,Amazon_17881,True
Goodreads_books_11671,Amazon_13392,True
Goodreads_books_16364,Amazon_10858,True
Goodreads_books_32166,Amazon_3749,True
Goodreads_books_440,Amazon_3132,True
Goodreads_books_34043,Amazon_20060,True
Goodreads_books_31657,Amazon_17206,True
Goodreads_books_30538,Amazon_20828,True
Goodreads_books_35126,Amazon_17298,True
Goodreads_books_33888,Amazon_21191,True
Goodreads_books_37396,Amazon_13189,True
Goodreads_books_33766,Amazon_17147,True
Goodreads_books_25205,Amazon_10582,True
Goodreads_books_30797,Amazon_1894,True
Goodreads_books_10023,Amazon_18654,True
Goodreads_books_644,Amazon_3902,True
Goodreads_books_32871,Amazon_6978,True
Goodreads_books_32596,Amazon_16841,True
Goodreads_books_1448,Amazon_2519,True
Goodreads_books_14208,Amazon_15402,True
Goodreads_books_21844,Amazon_11947,True
Goodreads_books_3287,Amazon_10524,True
Goodreads_books_30679,Amazon_16852,True
Goodreads_books_2265,Amazon_9802,True
Goodreads_books_33897,Amazon_17947,True
Goodreads_books_24388,Amazon_9539,True
Goodreads_books_21664,Amazon_10888,True
Goodreads_books_34520,Amazon_17295,True
Goodreads_books_14602,Amazon_1241,True
Goodreads_books_31173,Amazon_7069,True
Goodreads_books_21530,Amazon_7863,True
Goodreads_books_30909,Amazon_4658,True
Goodreads_books_31338,Amazon_20950,True
Goodreads_books_26546,Amazon_11806,True
Goodreads_books_5371,Amazon_4377,True
Goodreads_books_33108,Amazon_16950,True
Goodreads_books_25290,Amazon_11929,True
Goodreads_books_38422,Amazon_17098,True
Goodreads_books_2450,Amazon_13540,True
Goodreads_books_22947,Amazon_19949,True
Goodreads_books_30604,Amazon_2714,True
Goodreads_books_38791,Amazon_2921,True
Goodreads_books_35622,Amazon_7495,True
Goodreads_books_21000,Amazon_20040,True
Goodreads_books_30481,Amazon_4351,True
Goodreads_books_15064,Amazon_13280,False
Goodreads_books_35514,Amazon_21070,False
Goodreads_books_1929,Amazon_22570,False
Goodreads_books_39260,Amazon_6849,False
Goodreads_books_18781,Amazon_7284,False
Goodreads_books_28896,Amazon_16689,False
Goodreads_books_3774,Amazon_10254,False
Goodreads_books_1372,Amazon_4540,False
Goodreads_books_9529,Amazon_3907,False
Goodreads_books_29022,Amazon_15777,False
Goodreads_books_29021,Amazon_7618,False
Goodreads_books_13688,Amazon_13942,False
Goodreads_books_2145,Amazon_8677,False
Goodreads_books_30826,Amazon_3772,False
Goodreads_books_17200,Amazon_3126,False
Goodreads_books_1329,Amazon_12765,False
Goodreads_books_11846,Amazon_983,False
Goodreads_books_6499,Amazon_5780,False
Goodreads_books_11871,Amazon_14337,False
Goodreads_books_9441,Amazon_17547,False
Goodreads_books_12381,Amazon_8217,False
Goodreads_books_12136,Amazon_18213,False
Goodreads_books_38329,Amazon_4822,False
Goodreads_books_4180,Amazon_16387,False
Goodreads_books_94,Amazon_7416,False
Goodreads_books_10778,Amazon_17367,False
Goodreads_books_12515,Amazon_20563,False
Goodreads_books_9895,Amazon_12487,False
Goodreads_books_2339,Amazon_16290,False
Goodreads_books_2784,Amazon_317,False
Goodreads_books_21018,Amazon_529,False
Goodreads_books_12026,Amazon_4285,False
Goodreads_books_32758,Amazon_6659,False
Goodreads_books_17357,Amazon_3,False
Goodreads_books_24087,Amazon_927,False
Goodreads_books_2849,Amazon_15511,False
Goodreads_books_22658,Amazon_17391,False
Goodreads_books_5339,Amazon_14304,False
Goodreads_books_14201,Amazon_18435,False
Goodreads_books_7198,Amazon_19854,False
Goodreads_books_38489,Amazon_2966,False
Goodreads_books_25913,Amazon_1805,False
Goodreads_books_35409,Amazon_16437,False
Goodreads_books_2129,Amazon_7107,False
Goodreads_books_16967,Amazon_17795,False
Goodreads_books_5418,Amazon_11263,False
Goodreads_books_32151,Amazon_7047,False
Goodreads_books_7104,Amazon_12449,False
Goodreads_books_8459,Amazon_16681,False
Goodreads_books_5738,Amazon_1772,False
Goodreads_books_8998,Amazon_7586,False
Goodreads_books_15154,Amazon_370,False
Goodreads_books_26015,Amazon_14780,False
Goodreads_books_9939,Amazon_3214,False
Goodreads_books_2136,Amazon_17167,False
Goodreads_books_1268,Amazon_4173,False
Goodreads_books_269,Amazon_11569,False
Goodreads_books_5091,Amazon_11439,False
Goodreads_books_28611,Amazon_11855,False
Goodreads_books_39197,Amazon_3206,False
Goodreads_books_29169,Amazon_9324,False
Goodreads_books_15811,Amazon_19046,False
Goodreads_books_11809,Amazon_3286,False
Goodreads_books_38396,Amazon_11778,False
Goodreads_books_39146,Amazon_313,False
Goodreads_books_33540,Amazon_4437,False
Goodreads_books_29810,Amazon_7322,False
Goodreads_books_25040,Amazon_15479,False
Goodreads_books_18851,Amazon_18776,False
Goodreads_books_19407,Amazon_20969,False
Goodreads_books_27670,Amazon_7811,False
Goodreads_books_492,Amazon_1026,False
Goodreads_books_16799,Amazon_17028,False
Goodreads_books_7786,Amazon_14489,False
Goodreads_books_91,Amazon_20506,False
Goodreads_books_21501,Amazon_18522,False
Goodreads_books_9304,Amazon_527,False
Goodreads_books_2381,Amazon_11253,False
Goodreads_books_7698,Amazon_21617,False
Goodreads_books_21007,Amazon_16121,False
Goodreads_books_10867,Amazon_18404,False
Goodreads_books_35420,Amazon_3554,False
Goodreads_books_7517,Amazon_20684,False
Goodreads_books_1038,Amazon_5284,False
Goodreads_books_26166,Amazon_16994,False
Goodreads_books_27322,Amazon_11276,False
Goodreads_books_25901,Amazon_9836,False
Goodreads_books_14093,Amazon_12378,False
Goodreads_books_7994,Amazon_273,False
Goodreads_books_13678,Amazon_12379,False
Goodreads_books_23476,Amazon_11594,False
Goodreads_books_11176,Amazon_1162,False
Goodreads_books_25930,Amazon_7051,False
Goodreads_books_30816,Amazon_11719,False
Goodreads_books_13914,Amazon_22416,False
Goodreads_books_27153,Amazon_18394,False
Goodreads_books_26971,Amazon_18782,False
Goodreads_books_24019,Amazon_15937,False
Goodreads_books_26355,Amazon_15551,False
Goodreads_books_10137,Amazon_21623,False
Goodreads_books_7359,Amazon_2821,False
Goodreads_books_6681,Amazon_16932,False
Goodreads_books_36123,Amazon_246,False
Goodreads_books_19910,Amazon_2422,False
Goodreads_books_7504,Amazon_7450,False
Goodreads_books_32743,Amazon_21419,False
Goodreads_books_5900,Amazon_18551,False
Goodreads_books_32091,Amazon_13838,False
Goodreads_books_2819,Amazon_4193,False
Goodreads_books_21347,Amazon_18960,False
Goodreads_books_35536,Amazon_17592,False
Goodreads_books_34377,Amazon_6509,False
Goodreads_books_38455,Amazon_7737,False
Goodreads_books_37506,Amazon_1351,False
Goodreads_books_7664,Amazon_14439,False
Goodreads_books_37152,Amazon_16565,False
Goodreads_books_3885,Amazon_8858,False
Goodreads_books_18791,Amazon_3840,False
Goodreads_books_1917,Amazon_13112,False
Goodreads_books_22598,Amazon_6991,False
Goodreads_books_8940,Amazon_11606,False
Goodreads_books_27879,Amazon_11544,False
Goodreads_books_28193,Amazon_17607,False
Goodreads_books_4701,Amazon_571,False
Goodreads_books_20457,Amazon_21619,False
Goodreads_books_21193,Amazon_1453,False
Goodreads_books_28616,Amazon_4652,False
Goodreads_books_4485,Amazon_13509,False
Goodreads_books_38938,Amazon_17042,False
Goodreads_books_27389,Amazon_17606,False
Goodreads_books_21179,Amazon_11890,False
Goodreads_books_21451,Amazon_14732,False
Goodreads_books_25550,Amazon_9271,False
Goodreads_books_7034,Amazon_7429,False
Goodreads_books_31598,Amazon_8631,False
Goodreads_books_23011,Amazon_5378,False
Goodreads_books_30470,Amazon_20930,False
Goodreads_books_588,Amazon_11808,False
Goodreads_books_38541,Amazon_16559,False
Goodreads_books_5913,Amazon_1829,False
Goodreads_books_31717,Amazon_9796,False
Goodreads_books_37182,Amazon_11572,False
Goodreads_books_6190,Amazon_1828,False
Goodreads_books_27273,Amazon_11982,False
Goodreads_books_452,Amazon_8461,False
Goodreads_books_33732,Amazon_19866,False
Goodreads_books_20367,Amazon_7074,False
Goodreads_books_1169,Amazon_7307,False
Goodreads_books_39246,Amazon_7241,False
Goodreads_books_31841,Amazon_6331,False
Goodreads_books_19901,Amazon_18864,False
Goodreads_books_17235,Amazon_12880,False
Goodreads_books_21342,Amazon_12775,False
Goodreads_books_38137,Amazon_14790,False
Goodreads_books_18286,Amazon_19461,False
Goodreads_books_4242,Amazon_10167,False
Goodreads_books_33243,Amazon_1241,False
Goodreads_books_10544,Amazon_15172,False
Goodreads_books_9361,Amazon_1053,False
Goodreads_books_39037,Amazon_17652,False
Goodreads_books_4265,Amazon_6524,False
Goodreads_books_1820,Amazon_4689,False
Goodreads_books_32938,Amazon_19739,False
Goodreads_books_12323,Amazon_15702,False
Goodreads_books_3410,Amazon_22674,False
Goodreads_books_17128,Amazon_14178,False
Goodreads_books_12773,Amazon_5144,False
Goodreads_books_1874,Amazon_15305,False
Goodreads_books_6127,Amazon_1317,False
Goodreads_books_8364,Amazon_17976,False
Goodreads_books_22992,Amazon_1110,False
Goodreads_books_3555,Amazon_1594,False
Goodreads_books_34659,Amazon_11752,False
Goodreads_books_5157,Amazon_7484,False
Goodreads_books_20924,Amazon_15820,False
Goodreads_books_27471,Amazon_13645,False
Goodreads_books_28571,Amazon_13098,False
Goodreads_books_32848,Amazon_16344,False
Goodreads_books_20523,Amazon_5236,False
Goodreads_books_2623,Amazon_1174,False
Goodreads_books_28347,Amazon_11937,False
Goodreads_books_22603,Amazon_15927,False
Goodreads_books_25377,Amazon_3676,False
Goodreads_books_37309,Amazon_17985,False
Goodreads_books_21683,Amazon_7256,False
Goodreads_books_5759,Amazon_17412,False
Goodreads_books_398,Amazon_1083,False
Goodreads_books_33760,Amazon_18709,False
Goodreads_books_16467,Amazon_7617,False
Goodreads_books_19315,Amazon_17263,False
Goodreads_books_1474,Amazon_2938,False
Goodreads_books_26382,Amazon_16953,False
Goodreads_books_16167,Amazon_4924,False
Goodreads_books_13988,Amazon_4169,False
Goodreads_books_9918,Amazon_12870,False
Goodreads_books_23921,Amazon_20950,False
Goodreads_books_1681,Amazon_17956,False
Goodreads_books_4438,Amazon_9724,False
Goodreads_books_16112,Amazon_16413,False
Goodreads_books_37461,Amazon_18710,False
Goodreads_books_30981,Amazon_13042,False
Goodreads_books_6498,Amazon_806,False
Goodreads_books_33618,Amazon_11764,False
Goodreads_books_10978,Amazon_13656,False
Goodreads_books_6381,Amazon_3381,False
Goodreads_books_17065,Amazon_17205,False
Goodreads_books_6115,Amazon_15023,False
Goodreads_books_20502,Amazon_6248,False
Goodreads_books_2177,Amazon_9217,False
Goodreads_books_2081,Amazon_14487,False
Goodreads_books_33076,Amazon_2612,False
Goodreads_books_6415,Amazon_5860,False
Goodreads_books_37136,Amazon_22579,False
Goodreads_books_4746,Amazon_21057,False
Goodreads_books_3854,Amazon_20730,False
Goodreads_books_21965,Amazon_18998,False
Goodreads_books_13597,Amazon_12731,False
Goodreads_books_26805,Amazon_21487,False
Goodreads_books_1187,Amazon_7364,False
Goodreads_books_5828,Amazon_11646,False
Goodreads_books_4139,Amazon_4364,False
Goodreads_books_36122,Amazon_21752,False
Goodreads_books_3852,Amazon_12997,False
Goodreads_books_21760,Amazon_19757,False
Goodreads_books_6149,Amazon_1102,False
Goodreads_books_24931,Amazon_3798,False
Goodreads_books_9689,Amazon_17220,False
Goodreads_books_36586,Amazon_2038,False
Goodreads_books_34998,Amazon_14686,False
Goodreads_books_4840,Amazon_7234,False
Goodreads_books_9856,Amazon_17747,False
Goodreads_books_37672,Amazon_3696,False
Goodreads_books_19857,Amazon_13828,False
Goodreads_books_9739,Amazon_9370,False
Goodreads_books_13027,Amazon_22012,False
Goodreads_books_11947,Amazon_10636,False
Goodreads_books_38581,Amazon_1285,False
Goodreads_books_21336,Amazon_14365,False
Goodreads_books_30725,Amazon_1273,False
Goodreads_books_4028,Amazon_15000,False
Goodreads_books_33260,Amazon_9323,False
Goodreads_books_6590,Amazon_4908,False
Goodreads_books_23428,Amazon_89,False
Goodreads_books_24201,Amazon_14158,False
Goodreads_books_10645,Amazon_7392,False
Goodreads_books_5562,Amazon_8445,False
Goodreads_books_34148,Amazon_1154,False
Goodreads_books_4828,Amazon_4034,False
Goodreads_books_9124,Amazon_16422,False
Goodreads_books_23866,Amazon_7026,False
Goodreads_books_23436,Amazon_11365,False
Goodreads_books_15780,Amazon_18625,False
Goodreads_books_11803,Amazon_16881,False
Goodreads_books_32315,Amazon_22610,False
Goodreads_books_18466,Amazon_7435,False
Goodreads_books_8556,Amazon_15747,False
Goodreads_books_19802,Amazon_7081,False
Goodreads_books_220,Amazon_16319,False
Goodreads_books_305,Amazon_14590,False
Goodreads_books_5788,Amazon_17282,False
Goodreads_books_1208,Amazon_13643,False
Goodreads_books_15431,Amazon_19121,False
Goodreads_books_8462,Amazon_8972,False
Goodreads_books_11529,Amazon_9171,False
Goodreads_books_1796,Amazon_4816,False
Goodreads_books_12164,Amazon_2974,False
Goodreads_books_9600,Amazon_9304,False
Goodreads_books_15613,Amazon_17565,False
Goodreads_books_35779,Amazon_15057,False
Goodreads_books_6393,Amazon_21352,False
Goodreads_books_34152,Amazon_11676,False
Goodreads_books_20061,Amazon_2100,False
Goodreads_books_16346,Amazon_16144,False
Goodreads_books_37746,Amazon_15792,False
Goodreads_books_10568,Amazon_13515,False
Goodreads_books_31215,Amazon_15269,False
Goodreads_books_33822,Amazon_11838,False
Goodreads_books_20321,Amazon_4464,False
Goodreads_books_13315,Amazon_14779,False
Goodreads_books_28485,Amazon_21009,False
Goodreads_books_26239,Amazon_14113,False
Goodreads_books_26303,Amazon_12784,False
Goodreads_books_30953,Amazon_9473,False
Goodreads_books_21020,Amazon_8802,False
Goodreads_books_5259,Amazon_13750,False
Goodreads_books_32344,Amazon_12705,False
Goodreads_books_3682,Amazon_21403,False
Goodreads_books_7373,Amazon_3601,False
Goodreads_books_25686,Amazon_1827,False
Goodreads_books_36118,Amazon_3951,False
Goodreads_books_18887,Amazon_11059,False
Goodreads_books_27865,Amazon_20144,False
Goodreads_books_6234,Amazon_18233,False
Goodreads_books_13610,Amazon_21746,False
Goodreads_books_10808,Amazon_3762,False
Goodreads_books_25737,Amazon_15660,False
Goodreads_books_9449,Amazon_8209,False
Goodreads_books_32544,Amazon_4027,False
Goodreads_books_33259,Amazon_704,False
Goodreads_books_22497,Amazon_15870,False
Goodreads_books_25271,Amazon_7783,False
Goodreads_books_2634,Amazon_8964,False
Goodreads_books_24802,Amazon_15256,False
Goodreads_books_34244,Amazon_6360,False
Goodreads_books_4703,Amazon_10173,False
Goodreads_books_26732,Amazon_17053,False
Goodreads_books_9715,Amazon_1675,False
Goodreads_books_19193,Amazon_2643,False
Goodreads_books_7199,Amazon_6461,False
Goodreads_books_15632,Amazon_11777,False
Goodreads_books_37128,Amazon_785,False
Goodreads_books_2360,Amazon_532,False
Goodreads_books_34617,Amazon_11586,False
Goodreads_books_6766,Amazon_12329,False
Goodreads_books_560,Amazon_16631,False
Goodreads_books_12627,Amazon_9036,False
Goodreads_books_5959,Amazon_9032,False
Goodreads_books_5839,Amazon_20651,False
Goodreads_books_1230,Amazon_12002,False
Goodreads_books_1026,Amazon_5282,False
Goodreads_books_25421,Amazon_11704,False
Goodreads_books_2231,Amazon_6057,False
Goodreads_books_21197,Amazon_4245,False
Goodreads_books_4392,Amazon_867,False
Goodreads_books_9290,Amazon_4731,False
Goodreads_books_17126,Amazon_2067,False
Goodreads_books_38873,Amazon_1720,False
Goodreads_books_23923,Amazon_17887,False
Goodreads_books_25066,Amazon_2193,False
Goodreads_books_27645,Amazon_5588,False
Goodreads_books_19453,Amazon_3422,False
Goodreads_books_31495,Amazon_22311,False
Goodreads_books_30852,Amazon_13721,False
Goodreads_books_16830,Amazon_13318,False
Goodreads_books_37179,Amazon_13769,False
Goodreads_books_30821,Amazon_15498,False
Goodreads_books_25002,Amazon_14318,False
Goodreads_books_37531,Amazon_5984,False
Goodreads_books_34211,Amazon_16577,False
Goodreads_books_11581,Amazon_11019,False
Goodreads_books_2959,Amazon_3153,False
Goodreads_books_3024,Amazon_3602,False
Goodreads_books_2318,Amazon_7017,False
Goodreads_books_11236,Amazon_1451,False
Goodreads_books_2498,Amazon_7245,False
Goodreads_books_7627,Amazon_16669,False
Goodreads_books_3792,Amazon_8901,False
Goodreads_books_8396,Amazon_5613,False
Goodreads_books_469,Amazon_7647,False
Goodreads_books_1449,Amazon_9726,False
Goodreads_books_4839,Amazon_7799,False
Goodreads_books_31008,Amazon_12614,False
Goodreads_books_4528,Amazon_12588,False
Goodreads_books_13820,Amazon_17571,False
Goodreads_books_19024,Amazon_14601,False
Goodreads_books_139,Amazon_22392,False
Goodreads_books_7978,Amazon_1381,False
Goodreads_books_3928,Amazon_3791,False
Goodreads_books_12349,Amazon_14492,False
Goodreads_books_9146,Amazon_16479,False
Goodreads_books_9495,Amazon_3893,False
Goodreads_books_24124,Amazon_10826,False
Goodreads_books_21022,Amazon_118,False
Goodreads_books_32321,Amazon_2344,False
Goodreads_books_31168,Amazon_16268,False
Goodreads_books_36549,Amazon_15053,False
Goodreads_books_13362,Amazon_3796,False
Goodreads_books_2673,Amazon_13511,False
Goodreads_books_34368,Amazon_12074,False
Goodreads_books_30607,Amazon_20384,False
Goodreads_books_363,Amazon_7837,False
Goodreads_books_30811,Amazon_15312,False
Goodreads_books_33715,Amazon_6971,False
Goodreads_books_30628,Amazon_6187,False
Goodreads_books_1699,Amazon_4304,False
Goodreads_books_35745,Amazon_13520,False
Goodreads_books_1027,Amazon_16160,False
Goodreads_books_8191,Amazon_4824,False
Goodreads_books_12900,Amazon_1554,False
Goodreads_books_4494,Amazon_21463,False
Goodreads_books_6889,Amazon_4481,False
Goodreads_books_5470,Amazon_11385,False
Goodreads_books_39297,Amazon_5955,False
Goodreads_books_23802,Amazon_14613,False
Goodreads_books_5110,Amazon_11470,False
Goodreads_books_37569,Amazon_4630,False
Goodreads_books_28419,Amazon_20806,False
Goodreads_books_16828,Amazon_21366,False
Goodreads_books_8385,Amazon_16304,False
Goodreads_books_37772,Amazon_7027,False
Goodreads_books_26411,Amazon_16264,False
Goodreads_books_34730,Amazon_2325,False
Goodreads_books_12769,Amazon_15310,False
Goodreads_books_27040,Amazon_7548,False
Goodreads_books_28195,Amazon_18686,False
Goodreads_books_23879,Amazon_2954,False
Goodreads_books_32103,Amazon_9718,False
Goodreads_books_893,Amazon_21101,False
Goodreads_books_5646,Amazon_16557,False
Goodreads_books_10843,Amazon_3382,False
Goodreads_books_16712,Amazon_18109,False
Goodreads_books_39134,Amazon_17185,False
Goodreads_books_6769,Amazon_20110,False
Goodreads_books_22239,Amazon_7205,False
Goodreads_books_33232,Amazon_1274,False
Goodreads_books_1827,Amazon_4154,False
Goodreads_books_3992,Amazon_14508,False
Goodreads_books_8712,Amazon_7718,False
Goodreads_books_8216,Amazon_1682,False
Goodreads_books_3591,Amazon_16762,False
Goodreads_books_20472,Amazon_17799,False
Goodreads_books_2530,Amazon_22104,False
Goodreads_books_3477,Amazon_12320,False
Goodreads_books_10994,Amazon_14964,False
Goodreads_books_4259,Amazon_3257,False
Goodreads_books_37032,Amazon_4281,False
Goodreads_books_9095,Amazon_16632,False
Goodreads_books_38279,Amazon_9903,False
Goodreads_books_6976,Amazon_1328,False
Goodreads_books_37964,Amazon_1287,False
Goodreads_books_1084,Amazon_7069,False
Goodreads_books_25406,Amazon_17451,False
Goodreads_books_33262,Amazon_12728,False
Goodreads_books_111,Amazon_3098,False
Goodreads_books_2551,Amazon_7064,False
Goodreads_books_5578,Amazon_12060,False
Goodreads_books_5314,Amazon_22390,False
Goodreads_books_13224,Amazon_7211,False
Goodreads_books_1191,Amazon_12503,False
Goodreads_books_13437,Amazon_1216,False
Goodreads_books_19859,Amazon_14920,False
Goodreads_books_19680,Amazon_22164,False
Goodreads_books_10610,Amazon_7588,False
Goodreads_books_5032,Amazon_5332,False
Goodreads_books_2793,Amazon_3624,False
Goodreads_books_30028,Amazon_10771,False
Goodreads_books_14715,Amazon_7049,False
Goodreads_books_19961,Amazon_7061,False
Goodreads_books_24071,Amazon_17161,False
Goodreads_books_5297,Amazon_20906,False
Goodreads_books_27140,Amazon_3831,False
Goodreads_books_14507,Amazon_8948,False
Goodreads_books_13178,Amazon_15762,False
Goodreads_books_2186,Amazon_6130,False
Goodreads_books_29692,Amazon_21191,False
Goodreads_books_17899,Amazon_1028,False
Goodreads_books_13160,Amazon_15131,False
Goodreads_books_15498,Amazon_3125,False
Goodreads_books_24609,Amazon_1815,False
Goodreads_books_6013,Amazon_10178,False
Goodreads_books_12273,Amazon_680,False
Goodreads_books_26397,Amazon_18471,False
Goodreads_books_13190,Amazon_3104,False
Goodreads_books_19015,Amazon_1304,False
Goodreads_books_27295,Amazon_17807,False
Goodreads_books_38729,Amazon_9247,False
Goodreads_books_6684,Amazon_19822,False
Goodreads_books_14476,Amazon_17893,False
Goodreads_books_5051,Amazon_6709,False
Goodreads_books_33353,Amazon_3211,False
Goodreads_books_3805,Amazon_11182,False
Goodreads_books_2625,Amazon_6021,False
Goodreads_books_28763,Amazon_13228,False
Goodreads_books_8721,Amazon_3618,False
Goodreads_books_11985,Amazon_20005,False
Goodreads_books_16129,Amazon_8712,False
Goodreads_books_9300,Amazon_5974,False
Goodreads_books_30940,Amazon_9592,False
Goodreads_books_4407,Amazon_17060,False
Goodreads_books_921,Amazon_17809,False
Goodreads_books_25619,Amazon_16085,False
Goodreads_books_4910,Amazon_21241,False
Goodreads_books_37721,Amazon_1298,False
Goodreads_books_29806,Amazon_13717,False
Goodreads_books_16293,Amazon_4418,False
Goodreads_books_19563,Amazon_21353,False
Goodreads_books_25155,Amazon_1353,False
Goodreads_books_21629,Amazon_3323,False
Goodreads_books_26681,Amazon_8966,False
Goodreads_books_14178,Amazon_18535,False
Goodreads_books_37160,Amazon_20593,False
Goodreads_books_71,Amazon_7363,False
Goodreads_books_25112,Amazon_5586,False
Goodreads_books_5271,Amazon_13404,False
Goodreads_books_24202,Amazon_21358,False
Goodreads_books_22936,Amazon_19302,False
Goodreads_books_2707,Amazon_15902,False
Goodreads_books_13287,Amazon_21937,False
Goodreads_books_8522,Amazon_8938,False
Goodreads_books_1005,Amazon_19945,False
Goodreads_books_25209,Amazon_15443,False
Goodreads_books_7711,Amazon_4909,False
Goodreads_books_17027,Amazon_2582,False
Goodreads_books_33233,Amazon_14201,False
Goodreads_books_35134,Amazon_15529,False
Goodreads_books_31206,Amazon_18386,False
Goodreads_books_4481,Amazon_17277,False
Goodreads_books_25362,Amazon_4369,False
Goodreads_books_16424,Amazon_13736,False
Goodreads_books_15649,Amazon_12565,False
Goodreads_books_38127,Amazon_15807,False
Goodreads_books_30846,Amazon_2830,False
Goodreads_books_25080,Amazon_2680,False
Goodreads_books_24641,Amazon_14556,False
Goodreads_books_11390,Amazon_18720,False
Goodreads_books_4880,Amazon_19479,False
Goodreads_books_2975,Amazon_20801,False
Goodreads_books_7916,Amazon_7662,False
Goodreads_books_38858,Amazon_18085,False
Goodreads_books_34404,Amazon_15404,False
Goodreads_books_36724,Amazon_17877,False
Goodreads_books_312,Amazon_7202,False
Goodreads_books_8142,Amazon_12711,False
Goodreads_books_11306,Amazon_5403,False
Goodreads_books_5887,Amazon_1214,False
Goodreads_books_2320,Amazon_16485,False
Goodreads_books_20960,Amazon_15940,False
Goodreads_books_26542,Amazon_6685,False
Goodreads_books_34415,Amazon_1702,False
Goodreads_books_2170,Amazon_4941,False
Goodreads_books_28434,Amazon_3599,False
Goodreads_books_38033,Amazon_3501,False
Goodreads_books_29573,Amazon_22044,False
Goodreads_books_33198,Amazon_16316,False
Goodreads_books_18380,Amazon_11799,False
Goodreads_books_10449,Amazon_1505,False
Goodreads_books_2834,Amazon_7057,False
Goodreads_books_24562,Amazon_4862,False
Goodreads_books_31110,Amazon_15143,False
Goodreads_books_29691,Amazon_2639,False
Goodreads_books_35763,Amazon_21227,False
Goodreads_books_35617,Amazon_17878,False
Goodreads_books_18121,Amazon_5024,False
Goodreads_books_28879,Amazon_7525,False
Goodreads_books_10009,Amazon_6720,False
Goodreads_books_30227,Amazon_11255,False
Goodreads_books_10884,Amazon_15384,False
Goodreads_books_13563,Amazon_18886,False
Goodreads_books_7153,Amazon_11438,False
Goodreads_books_4863,Amazon_177,False
Goodreads_books_18600,Amazon_1134,False
Goodreads_books_2814,Amazon_9456,False
Goodreads_books_235,Amazon_17830,False
Goodreads_books_1776,Amazon_13482,False
Goodreads_books_4069,Amazon_20462,False
Goodreads_books_20580,Amazon_10512,False
Goodreads_books_36357,Amazon_8232,False
Goodreads_books_39162,Amazon_13973,False
Goodreads_books_25050,Amazon_4764,False
Goodreads_books_24666,Amazon_3240,False
Goodreads_books_2768,Amazon_5162,False
Goodreads_books_446,Amazon_3239,False
Goodreads_books_8042,Amazon_12374,False
Goodreads_books_34267,Amazon_17076,False
Goodreads_books_13124,Amazon_16680,False
Goodreads_books_1893,Amazon_3394,False
Goodreads_books_27452,Amazon_8611,False
Goodreads_books_32075,Amazon_5215,False
Goodreads_books_18844,Amazon_7816,False
Goodreads_books_23022,Amazon_916,False
Goodreads_books_173,Amazon_21265,False
Goodreads_books_4382,Amazon_4861,False
Goodreads_books_21862,Amazon_7093,False
Goodreads_books_733,Amazon_7063,False
Goodreads_books_1977,Amazon_3866,False
Goodreads_books_23683,Amazon_9301,False
Goodreads_books_25343,Amazon_14745,False
Goodreads_books_11231,Amazon_10337,False
Goodreads_books_9934,Amazon_21948,False
Goodreads_books_18893,Amazon_3874,False
Goodreads_books_20437,Amazon_4662,False
Goodreads_books_11325,Amazon_4207,False
Goodreads_books_25033,Amazon_9558,False
Goodreads_books_13525,Amazon_3507,False
Goodreads_books_3826,Amazon_4197,False
Goodreads_books_8887,Amazon_1019,False
Goodreads_books_33438,Amazon_16556,False
Goodreads_books_23136,Amazon_2881,False
Goodreads_books_16775,Amazon_21199,False
Goodreads_books_21070,Amazon_17375,False
Goodreads_books_30892,Amazon_16411,False
Goodreads_books_24388,Amazon_3726,False
Goodreads_books_37370,Amazon_19699,False
Goodreads_books_29312,Amazon_4222,False
Goodreads_books_14170,Amazon_2266,False
Goodreads_books_10796,Amazon_11344,False
Goodreads_books_16373,Amazon_2321,False
Goodreads_books_8342,Amazon_1209,False
Goodreads_books_26801,Amazon_7108,False
Goodreads_books_5173,Amazon_12931,False
Goodreads_books_7097,Amazon_1858,False
Goodreads_books_13650,Amazon_3443,False
Goodreads_books_23893,Amazon_15258,False
Goodreads_books_14769,Amazon_7566,False
Goodreads_books_2708,Amazon_4167,False
Goodreads_books_5785,Amazon_14784,False
Goodreads_books_34259,Amazon_18654,False
Goodreads_books_27991,Amazon_13628,False
Goodreads_books_1253,Amazon_7116,False
Goodreads_books_36143,Amazon_15308,False
Goodreads_books_34529,Amazon_16616,False
Goodreads_books_38480,Amazon_14858,False
Goodreads_books_35711,Amazon_16856,False
Goodreads_books_2298,Amazon_14450,False
Goodreads_books_21838,Amazon_21905,False
Goodreads_books_18619,Amazon_19520,False
Goodreads_books_14429,Amazon_4147,False
Goodreads_books_5156,Amazon_13733,False
Goodreads_books_1593,Amazon_8125,False
Goodreads_books_29861,Amazon_21015,False
Goodreads_books_7175,Amazon_20391,False
Goodreads_books_36901,Amazon_1149,False
Goodreads_books_29863,Amazon_2041,False
Goodreads_books_4781,Amazon_1530,False
Goodreads_books_27287,Amazon_7246,False
Goodreads_books_14713,Amazon_4127,False
Goodreads_books_13875,Amazon_22037,False
Goodreads_books_12542,Amazon_3325,False
Goodreads_books_37505,Amazon_8635,False
Goodreads_books_33557,Amazon_12898,False
Goodreads_books_21468,Amazon_1982,False
Goodreads_books_35158,Amazon_10327,False
Goodreads_books_12812,Amazon_4917,False
Goodreads_books_16171,Amazon_13288,False
Goodreads_books_14318,Amazon_7724,False
Goodreads_books_10578,Amazon_16918,False
Goodreads_books_27130,Amazon_12396,False
Goodreads_books_259,Amazon_4518,False
Goodreads_books_7985,Amazon_17312,False
Goodreads_books_37378,Amazon_17145,False
Goodreads_books_23629,Amazon_8920,False
Goodreads_books_21615,Amazon_923,False
Goodreads_books_38943,Amazon_16833,False
Goodreads_books_10199,Amazon_10206,False
Goodreads_books_29197,Amazon_708,False
Goodreads_books_68,Amazon_3269,False
Goodreads_books_8114,Amazon_2091,False
Goodreads_books_23489,Amazon_13574,False
Goodreads_books_2554,Amazon_3330,False
Goodreads_books_2430,Amazon_315,False
Goodreads_books_18903,Amazon_7720,False
Goodreads_books_35464,Amazon_21091,False
Goodreads_books_7293,Amazon_14993,False
Goodreads_books_17083,Amazon_8816,False
Goodreads_books_5874,Amazon_723,False
Goodreads_books_22070,Amazon_17313,False
Goodreads_books_20445,Amazon_1210,False
Goodreads_books_1608,Amazon_13137,False
Goodreads_books_4575,Amazon_4687,False
Goodreads_books_10633,Amazon_7101,False
Goodreads_books_37108,Amazon_10975,False
Goodreads_books_31389,Amazon_17510,False
Goodreads_books_38446,Amazon_11639,False
Goodreads_books_3059,Amazon_19164,False
Goodreads_books_38122,Amazon_11417,False
Goodreads_books_11993,Amazon_1086,False
Goodreads_books_25998,Amazon_22693,False
Goodreads_books_14821,Amazon_18128,False
Goodreads_books_15751,Amazon_5227,False
Goodreads_books_35682,Amazon_13904,False
Goodreads_books_32750,Amazon_21771,False
Goodreads_books_15898,Amazon_9537,False
Goodreads_books_33261,Amazon_12085,False
Goodreads_books_35188,Amazon_15666,False
Goodreads_books_16710,Amazon_1822,False
Goodreads_books_5193,Amazon_20704,False
Goodreads_books_36935,Amazon_11510,False
Goodreads_books_11028,Amazon_1081,False
Goodreads_books_10592,Amazon_13910,False
Goodreads_books_5142,Amazon_19096,False
Goodreads_books_9723,Amazon_9666,False
Goodreads_books_14349,Amazon_19039,False
Goodreads_books_15237,Amazon_6989,False
Goodreads_books_35539,Amazon_3664,False
Goodreads_books_28892,Amazon_5261,False
Goodreads_books_5050,Amazon_17027,False
Goodreads_books_8845,Amazon_3928,False
Goodreads_books_38742,Amazon_19973,False
Goodreads_books_10428,Amazon_20007,False
Goodreads_books_12579,Amazon_8855,False
Goodreads_books_30676,Amazon_16546,False
Goodreads_books_33005,Amazon_12620,False
Goodreads_books_19696,Amazon_8245,False
Goodreads_books_15733,Amazon_12946,False
Goodreads_books_13836,Amazon_11911,False
Goodreads_books_27606,Amazon_13412,False
Goodreads_books_24805,Amazon_7605,False
Goodreads_books_16067,Amazon_9616,False
Goodreads_books_6962,Amazon_4071,False
Goodreads_books_39114,Amazon_5589,False
Goodreads_books_31975,Amazon_1399,False
Goodreads_books_25813,Amazon_15796,False
Goodreads_books_28545,Amazon_890,False
Goodreads_books_28778,Amazon_11061,False
Goodreads_books_33603,Amazon_8257,False
Goodreads_books_12762,Amazon_8297,False
Goodreads_books_29895,Amazon_22162,False
Goodreads_books_25409,Amazon_17511,False
Goodreads_books_2825,Amazon_3960,False
Goodreads_books_33056,Amazon_17054,False
Goodreads_books_32533,Amazon_18562,True
Goodreads_books_13793,Amazon_1141,True
Goodreads_books_35539,Amazon_3716,True
Goodreads_books_38000,Amazon_1193,True
Goodreads_books_31767,Amazon_17668,True
Goodreads_books_4215,Amazon_13631,True
Goodreads_books_32279,Amazon_3827,True
Goodreads_books_36924,Amazon_18403,True
Goodreads_books_10861,Amazon_14419,True
Goodreads_books_20746,Amazon_1411,True
Goodreads_books_17340,Amazon_18740,True
Goodreads_books_5208,Amazon_10833,True
Goodreads_books_2165,Amazon_12049,True
Goodreads_books_22168,Amazon_5906,True
Goodreads_books_33367,Amazon_12855,True
Goodreads_books_20045,Amazon_15663,True
Goodreads_books_2808,Amazon_4771,True
Goodreads_books_33407,Amazon_3559,True
Goodreads_books_38913,Amazon_2033,True
Goodreads_books_14497,Amazon_13765,True
Goodreads_books_35619,Amazon_4041,True
Goodreads_books_17255,Amazon_16456,True
Goodreads_books_38003,Amazon_80,True
Goodreads_books_6821,Amazon_7366,True
Goodreads_books_31684,Amazon_7940,True
Goodreads_books_26538,Amazon_16094,True
Goodreads_books_3988,Amazon_17394,True
Goodreads_books_4770,Amazon_20224,True
Goodreads_books_14775,Amazon_13648,True
Goodreads_books_36091,Amazon_3356,True
Goodreads_books_18062,Amazon_13652,True
Goodreads_books_22820,Amazon_7295,True
Goodreads_books_33260,Amazon_3514,True
Goodreads_books_11589,Amazon_17693,True
Goodreads_books_10226,Amazon_13297,True
Goodreads_books_39216,Amazon_3162,True
Goodreads_books_33705,Amazon_4092,True
Goodreads_books_38105,Amazon_11739,True
Goodreads_books_36255,Amazon_11055,True
Goodreads_books_34118,Amazon_3269,True
Goodreads_books_38140,Amazon_15878,True
Goodreads_books_30170,Amazon_15850,True
Goodreads_books_16847,Amazon_13010,True
Goodreads_books_35393,Amazon_22682,True
Goodreads_books_30766,Amazon_4465,True
Goodreads_books_36786,Amazon_1685,True
Goodreads_books_31125,Amazon_1070,True
Goodreads_books_3414,Amazon_16290,True
Goodreads_books_32703,Amazon_3178,True
Goodreads_books_11939,Amazon_9254,True
Goodreads_books_35510,Amazon_3992,True
Goodreads_books_15786,Amazon_10349,True
Goodreads_books_32534,Amazon_14798,True
Goodreads_books_1473,Amazon_1381,True
Goodreads_books_16907,Amazon_2757,True
Goodreads_books_4201,Amazon_1669,True
Goodreads_books_36050,Amazon_15296,True
Goodreads_books_2624,Amazon_11198,True
Goodreads_books_38850,Amazon_4247,True
Goodreads_books_36332,Amazon_16349,True
Goodreads_books_17220,Amazon_20755,True
Goodreads_books_25307,Amazon_11516,True
Goodreads_books_9592,Amazon_16614,True
Goodreads_books_13001,Amazon_10175,True
Goodreads_books_30269,Amazon_10991,True
Goodreads_books_33517,Amazon_7574,True
Goodreads_books_29720,Amazon_9671,True
Goodreads_books_29088,Amazon_18830,True
Goodreads_books_38588,Amazon_3715,True
Goodreads_books_18000,Amazon_11606,True
Goodreads_books_11856,Amazon_16914,True
Goodreads_books_11832,Amazon_15126,True
Goodreads_books_14381,Amazon_13635,True
Goodreads_books_21594,Amazon_22633,True
Goodreads_books_10398,Amazon_2743,True
Goodreads_books_19620,Amazon_15359,True
Goodreads_books_31530,Amazon_13519,True
Goodreads_books_39161,Amazon_15625,True
Goodreads_books_30899,Amazon_20863,True
Goodreads_books_37690,Amazon_2983,True
Goodreads_books_30838,Amazon_3395,True
Goodreads_books_31553,Amazon_7872,True
Goodreads_books_38766,Amazon_3437,True
Goodreads_books_38641,Amazon_16733,True
Goodreads_books_15364,Amazon_199,True
Goodreads_books_19532,Amazon_16543,True
Goodreads_books_15527,Amazon_21755,True
Goodreads_books_3966,Amazon_811,True
Goodreads_books_28029,Amazon_16553,True
Goodreads_books_12781,Amazon_5602,True
Goodreads_books_13831,Amazon_15357,True
Goodreads_books_28684,Amazon_7767,True
Goodreads_books_2075,Amazon_11061,True
Goodreads_books_5104,Amazon_15138,True
Goodreads_books_10921,Amazon_11097,True
Goodreads_books_31405,Amazon_4009,True
Goodreads_books_7609,Amazon_1402,True
Goodreads_books_34676,Amazon_3472,True
Goodreads_books_31297,Amazon_16826,True
Goodreads_books_17544,Amazon_16715,True
Goodreads_books_10141,Amazon_12001,True
Goodreads_books_2342,Amazon_15839,True
Goodreads_books_3487,Amazon_13585,True
Goodreads_books_33606,Amazon_4149,True
Goodreads_books_30903,Amazon_17009,True
Goodreads_books_20253,Amazon_11842,True
Goodreads_books_1035,Amazon_16396,True
Goodreads_books_20855,Amazon_1260,True
Goodreads_books_38624,Amazon_14923,True
Goodreads_books_30398,Amazon_17739,True
Goodreads_books_10448,Amazon_10127,True
Goodreads_books_17316,Amazon_827,True
Goodreads_books_15634,Amazon_11114,True
Goodreads_books_22697,Amazon_3731,True
Goodreads_books_16352,Amazon_11009,True
Goodreads_books_30833,Amazon_21172,True
Goodreads_books_13909,Amazon_11118,True
Goodreads_books_20789,Amazon_11305,True
Goodreads_books_30755,Amazon_11817,True
Goodreads_books_10240,Amazon_2631,True
Goodreads_books_15194,Amazon_9219,True
Goodreads_books_13981,Amazon_12871,True
Goodreads_books_13903,Amazon_16337,True
Goodreads_books_1157,Amazon_4054,True
Goodreads_books_21016,Amazon_2831,True
Goodreads_books_5193,Amazon_7846,True
Goodreads_books_33278,Amazon_985,True
Goodreads_books_18384,Amazon_4324,True
Goodreads_books_29579,Amazon_14439,True
Goodreads_books_36249,Amazon_17787,True
Goodreads_books_33045,Amazon_19663,True
Goodreads_books_22275,Amazon_5127,True
Goodreads_books_12168,Amazon_14084,True
Goodreads_books_38843,Amazon_13214,True
Goodreads_books_20636,Amazon_3470,True
Goodreads_books_31500,Amazon_4529,True
Goodreads_books_31514,Amazon_16262,True
Goodreads_books_27289,Amazon_1210,True
Goodreads_books_223,Amazon_11674,True
Goodreads_books_22925,Amazon_1795,True
Goodreads_books_36840,Amazon_8918,True
Goodreads_books_19739,Amazon_16588,True
Goodreads_books_38135,Amazon_3163,True
Goodreads_books_13950,Amazon_189,True
Goodreads_books_37977,Amazon_4004,True
Goodreads_books_6245,Amazon_5324,True
Goodreads_books_33551,Amazon_11848,True
Goodreads_books_31885,Amazon_21019,True
Goodreads_books_15499,Amazon_5080,True
Goodreads_books_35292,Amazon_3618,True
Goodreads_books_2045,Amazon_3663,True
Goodreads_books_29657,Amazon_10665,True
Goodreads_books_33041,Amazon_3361,True
Goodreads_books_28291,Amazon_1762,True
Goodreads_books_36239,Amazon_3164,True
Goodreads_books_32595,Amazon_7194,True
Goodreads_books_1301,Amazon_3150,True
Goodreads_books_33129,Amazon_10223,True
Goodreads_books_36759,Amazon_18924,True
Goodreads_books_23850,Amazon_111,True
Goodreads_books_9597,Amazon_5259,True
Goodreads_books_33301,Amazon_3560,True
Goodreads_books_15815,Amazon_8944,True
Goodreads_books_8723,Amazon_13760,True
Goodreads_books_6648,Amazon_13981,True
Goodreads_books_4266,Amazon_14642,True
Goodreads_books_22569,Amazon_12229,True
Goodreads_books_13041,Amazon_16648,True
Goodreads_books_3588,Amazon_3155,True
Goodreads_books_17368,Amazon_11897,True
Goodreads_books_5471,Amazon_15188,True
Goodreads_books_36591,Amazon_18934,True
Goodreads_books_4613,Amazon_8816,True
Goodreads_books_35413,Amazon_13503,True
Goodreads_books_14273,Amazon_1468,True
Goodreads_books_39224,Amazon_10199,True
Goodreads_books_20920,Amazon_21154,True
Goodreads_books_28520,Amazon_16636,True
Goodreads_books_35764,Amazon_331,True
Goodreads_books_7886,Amazon_18557,True
Goodreads_books_33578,Amazon_16226,True
Goodreads_books_30016,Amazon_13913,True
Goodreads_books_11787,Amazon_3614,True
Goodreads_books_12598,Amazon_13088,True
Goodreads_books_9785,Amazon_58,True
Goodreads_books_31399,Amazon_7453,True
Goodreads_books_13483,Amazon_10872,True
Goodreads_books_38761,Amazon_10537,True
Goodreads_books_35586,Amazon_8128,True
Goodreads_books_32177,Amazon_15442,True
Goodreads_books_9171,Amazon_14890,True
Goodreads_books_33287,Amazon_1110,True
Goodreads_books_2441,Amazon_12028,True
Goodreads_books_17847,Amazon_11035,True
Goodreads_books_2141,Amazon_18831,True
Goodreads_books_8435,Amazon_177,True
Goodreads_books_29082,Amazon_10625,True
Goodreads_books_36409,Amazon_16480,True
Goodreads_books_30618,Amazon_7427,True
Goodreads_books_31401,Amazon_3461,True
Goodreads_books_13973,Amazon_3846,True
Goodreads_books_2219,Amazon_16380,True
Goodreads_books_16944,Amazon_16490,True
Goodreads_books_12972,Amazon_11902,True
Goodreads_books_7407,Amazon_4204,True
Goodreads_books_31099,Amazon_19186,True
Goodreads_books_37541,Amazon_10148,True
Goodreads_books_31502,Amazon_14839,True
Goodreads_books_1568,Amazon_86,True
Goodreads_books_240,Amazon_7573,True
Goodreads_books_30631,Amazon_17882,False
Goodreads_books_34038,Amazon_20911,False
Goodreads_books_26913,Amazon_22303,False
Goodreads_books_34260,Amazon_4758,False
Goodreads_books_31304,Amazon_4432,False
Goodreads_books_15745,Amazon_14681,False
Goodreads_books_11363,Amazon_21277,False
Goodreads_books_38120,Amazon_7643,False
Goodreads_books_34662,Amazon_2868,False
Goodreads_books_30791,Amazon_17359,False
Goodreads_books_33669,Amazon_5265,False
Goodreads_books_5567,Amazon_3147,False
Goodreads_books_9219,Amazon_10612,False
Goodreads_books_10612,Amazon_3753,False
Goodreads_books_5051,Amazon_10410,False
Goodreads_books_10971,Amazon_16943,False
Goodreads_books_30687,Amazon_3298,False
Goodreads_books_32271,Amazon_5036,False
Goodreads_books_36284,Amazon_1185,False
Goodreads_books_9064,Amazon_7438,False
Goodreads_books_6474,Amazon_11660,False
Goodreads_books_5522,Amazon_4879,False
Goodreads_books_2921,Amazon_4476,False
Goodreads_books_30443,Amazon_11563,False
Goodreads_books_31054,Amazon_7001,False
Goodreads_books_5297,Amazon_15205,False
Goodreads_books_31051,Amazon_15572,False
Goodreads_books_8324,Amazon_3779,False
Goodreads_books_11648,Amazon_3494,False
Goodreads_books_13016,Amazon_7457,False
Goodreads_books_38429,Amazon_16866,False
Goodreads_books_30932,Amazon_21070,False
Goodreads_books_15366,Amazon_2428,False
Goodreads_books_7744,Amazon_3579,False
Goodreads_books_13398,Amazon_8001,False
Goodreads_books_32805,Amazon_17824,False
Goodreads_books_30933,Amazon_16986,False
Goodreads_books_7554,Amazon_991,False
Goodreads_books_1469,Amazon_7243,False
Goodreads_books_1086,Amazon_4424,False
Goodreads_books_4592,Amazon_18273,False
Goodreads_books_30420,Amazon_16909,False
Goodreads_books_5413,Amazon_3217,False
Goodreads_books_36185,Amazon_1194,False
Goodreads_books_6178,Amazon_17643,False
Goodreads_books_31107,Amazon_7513,False
Goodreads_books_7,Amazon_5076,False
Goodreads_books_3063,Amazon_18156,False
Goodreads_books_2832,Amazon_17968,False
Goodreads_books_30474,Amazon_4598,False
Goodreads_books_35983,Amazon_7355,False
Goodreads_books_25274,Amazon_4389,False
Goodreads_books_21726,Amazon_11925,False
Goodreads_books_6261,Amazon_7247,False
Goodreads_books_2870,Amazon_14059,False
Goodreads_books_21189,Amazon_4986,False
Goodreads_books_1896,Amazon_16737,False
Goodreads_books_99,Amazon_12067,False
Goodreads_books_13761,Amazon_13387,False
Goodreads_books_25944,Amazon_1169,False
Goodreads_books_30982,Amazon_1039,False
Goodreads_books_24106,Amazon_7,False
Goodreads_books_30512,Amazon_1071,False
Goodreads_books_31345,Amazon_7109,False
Goodreads_books_5217,Amazon_2386,False
Goodreads_books_7398,Amazon_4534,False
Goodreads_books_4866,Amazon_3281,False
Goodreads_books_27835,Amazon_7520,False
Goodreads_books_883,Amazon_18029,False
Goodreads_books_22557,Amazon_17928,False
Goodreads_books_31283,Amazon_17307,False
Goodreads_books_28073,Amazon_4245,False
Goodreads_books_30605,Amazon_20931,False
Goodreads_books_38494,Amazon_15174,False
Goodreads_books_12865,Amazon_2199,False
Goodreads_books_7656,Amazon_2059,False
Goodreads_books_30805,Amazon_11517,False
Goodreads_books_21612,Amazon_3801,False
Goodreads_books_26453,Amazon_20912,False
Goodreads_books_10212,Amazon_780,False
Goodreads_books_38218,Amazon_10789,False
Goodreads_books_33691,Amazon_2358,False
Goodreads_books_37155,Amazon_7093,False
Goodreads_books_9830,Amazon_8465,False
Goodreads_books_39200,Amazon_3344,False
Goodreads_books_29726,Amazon_20959,False
Goodreads_books_30778,Amazon_5288,False
Goodreads_books_35574,Amazon_17191,False
Goodreads_books_30540,Amazon_5191,False
Goodreads_books_31029,Amazon_3118,False
Goodreads_books_24838,Amazon_11554,False
Goodreads_books_9556,Amazon_15871,False
Goodreads_books_32604,Amazon_7408,False
Goodreads_books_19698,Amazon_4863,False
Goodreads_books_4431,Amazon_15771,False
Goodreads_books_273,Amazon_20161,False
Goodreads_books_32281,Amazon_13866,False
Goodreads_books_11939,Amazon_9446,False
Goodreads_books_27517,Amazon_13986,False
Goodreads_books_36089,Amazon_586,False
Goodreads_books_2986,Amazon_10826,False
Goodreads_books_33643,Amazon_3349,False
Goodreads_books_33658,Amazon_2984,False
Goodreads_books_969,Amazon_2421,False
Goodreads_books_13318,Amazon_1767,False
Goodreads_books_16685,Amazon_13040,False
Goodreads_books_35760,Amazon_7219,False
Goodreads_books_3187,Amazon_14402,False
Goodreads_books_31122,Amazon_17750,False
Goodreads_books_38343,Amazon_3676,False
Goodreads_books_30898,Amazon_15552,False
Goodreads_books_9151,Amazon_10218,False
Goodreads_books_22289,Amazon_16666,False
Goodreads_books_5323,Amazon_17174,False
Goodreads_books_19629,Amazon_21020,False
Goodreads_books_3287,Amazon_10328,False
Goodreads_books_391,Amazon_2890,False
Goodreads_books_34294,Amazon_11523,False
Goodreads_books_33555,Amazon_3004,False
Goodreads_books_6776,Amazon_2631,False
Goodreads_books_30952,Amazon_5281,False
Goodreads_books_8798,Amazon_12415,False
Goodreads_books_33300,Amazon_16886,False
Goodreads_books_36732,Amazon_17831,False
Goodreads_books_32564,Amazon_21120,False
Goodreads_books_5454,Amazon_14356,False
Goodreads_books_32491,Amazon_17516,False
Goodreads_books_7550,Amazon_4395,False
Goodreads_books_14092,Amazon_16372,False
Goodreads_books_36406,Amazon_17860,False
Goodreads_books_12930,Amazon_16747,False
Goodreads_books_35266,Amazon_7099,False
Goodreads_books_5477,Amazon_14141,False
Goodreads_books_7223,Amazon_16585,False
Goodreads_books_16857,Amazon_6969,False
Goodreads_books_4640,Amazon_17749,False
Goodreads_books_8499,Amazon_4751,False
Goodreads_books_34244,Amazon_21121,False
Goodreads_books_31838,Amazon_17964,False
Goodreads_books_30618,Amazon_7170,False
Goodreads_books_37277,Amazon_16406,False
Goodreads_books_23532,Amazon_17736,False
Goodreads_books_32252,Amazon_4862,False
Goodreads_books_33085,Amazon_15403,False
Goodreads_books_33573,Amazon_12913,False
Goodreads_books_33280,Amazon_17341,False
Goodreads_books_33676,Amazon_1996,False
Goodreads_books_33873,Amazon_7090,False
Goodreads_books_25650,Amazon_2809,False
Goodreads_books_37849,Amazon_7702,False
Goodreads_books_14747,Amazon_4457,False
Goodreads_books_305,Amazon_13971,False
Goodreads_books_1420,Amazon_18162,False
Goodreads_books_7595,Amazon_1586,False
Goodreads_books_12652,Amazon_10447,False
Goodreads_books_33150,Amazon_17934,False
Goodreads_books_32636,Amazon_2803,False
Goodreads_books_34514,Amazon_4019,False
Goodreads_books_6226,Amazon_12843,False
Goodreads_books_3370,Amazon_1431,False
Goodreads_books_34999,Amazon_10790,False
Goodreads_books_33742,Amazon_11501,False
Goodreads_books_30965,Amazon_17734,False
Goodreads_books_36962,Amazon_21252,False
Goodreads_books_22148,Amazon_7177,False
Goodreads_books_16495,Amazon_19010,False
Goodreads_books_31347,Amazon_4936,False
Goodreads_books_3999,Amazon_13465,False
Goodreads_books_34519,Amazon_13777,False
Goodreads_books_10323,Amazon_7726,False
Goodreads_books_15047,Amazon_10908,False
Goodreads_books_7082,Amazon_10478,False
Goodreads_books_4270,Amazon_4470,False
Goodreads_books_12916,Amazon_11815,False
Goodreads_books_11703,Amazon_9843,False
Goodreads_books_36734,Amazon_5618,False
Goodreads_books_6801,Amazon_11056,False
Goodreads_books_32068,Amazon_5070,False
Goodreads_books_33438,Amazon_7261,False
Goodreads_books_37206,Amazon_7190,False
Goodreads_books_35850,Amazon_9138,False
Goodreads_books_2912,Amazon_17798,False
Goodreads_books_30440,Amazon_4536,False
Goodreads_books_2885,Amazon_3347,False
Goodreads_books_7858,Amazon_12004,False
Goodreads_books_22004,Amazon_3024,False
Goodreads_books_32106,Amazon_16902,False
Goodreads_books_33980,Amazon_17873,False
Goodreads_books_2426,Amazon_17098,False
Goodreads_books_28176,Amazon_2664,False
Goodreads_books_31085,Amazon_16864,False
Goodreads_books_18398,Amazon_3893,False
Goodreads_books_27591,Amazon_12948,False
Goodreads_books_29923,Amazon_1227,False
Goodreads_books_24975,Amazon_14334,False
Goodreads_books_30455,Amazon_16960,False
Goodreads_books_31039,Amazon_5280,False
Goodreads_books_24469,Amazon_9272,False
Goodreads_books_4480,Amazon_7227,False
Goodreads_books_241,Amazon_16426,False
Goodreads_books_8872,Amazon_14478,False
Goodreads_books_3574,Amazon_6988,False
Goodreads_books_8206,Amazon_3551,False
Goodreads_books_34058,Amazon_7362,False
Goodreads_books_26383,Amazon_11577,False
Goodreads_books_5337,Amazon_7448,False
Goodreads_books_21985,Amazon_10330,False
Goodreads_books_30847,Amazon_7054,False
Goodreads_books_200,Amazon_11608,False
Goodreads_books_33807,Amazon_15152,False
