Goodreads_books_23,Covers_1256,True
Goodreads_books_31524,Covers_7074,True
Goodreads_books_31186,Covers_766,True
Goodreads_books_36128,Covers_7829,True
Goodreads_books_14526,Covers_1408,True
Goodreads_books_2990,Covers_7838,True
Goodreads_books_27975,Covers_2472,True
Goodreads_books_30008,Covers_8825,True
Goodreads_books_20574,Covers_3895,True
Goodreads_books_378,Covers_6894,True
Goodreads_books_11489,Covers_8077,True
Goodreads_books_38668,Covers_2404,True
Goodreads_books_4740,Covers_3535,True
Goodreads_books_5266,Covers_6339,True
Goodreads_books_34506,Covers_5655,True
Goodreads_books_34706,Covers_8414,True
Goodreads_books_24643,Covers_7087,True
Goodreads_books_9810,Covers_3094,True
Goodreads_books_36060,Covers_7807,True
Goodreads_books_4173,Covers_7416,True
Goodreads_books_32292,Covers_3902,True
Goodreads_books_23721,Covers_4667,True
Goodreads_books_21216,Covers_1735,True
Goodreads_books_21976,Covers_1666,True
Goodreads_books_5847,Covers_5666,True
Goodreads_books_10969,Covers_8702,True
Goodreads_books_4599,Covers_8467,True
Goodreads_books_38531,Covers_234,True
Goodreads_books_1272,Covers_7648,True
Goodreads_books_13528,Covers_3528,True
Goodreads_books_2983,Covers_5355,True
Goodreads_books_14739,Covers_371,True
Goodreads_books_21657,Covers_6710,True
Goodreads_books_6953,Covers_6945,True
Goodreads_books_6475,Covers_7887,True
Goodreads_books_8575,Covers_1052,True
Goodreads_books_35941,Covers_351,True
Goodreads_books_13384,Covers_4471,True
Goodreads_books_24235,Covers_5341,True
Goodreads_books_12137,Covers_1048,True
Goodreads_books_29530,Covers_7535,True
Goodreads_books_30649,Covers_7387,True
Goodreads_books_33204,Covers_5051,True
Goodreads_books_37691,Covers_8186,True
Goodreads_books_4139,Covers_2746,True
Goodreads_books_34289,Covers_6535,True
Goodreads_books_18522,Covers_6820,True
Goodreads_books_24430,Covers_7768,True
Goodreads_books_3725,Covers_1345,True
Goodreads_books_38565,Covers_5005,True
Goodreads_books_26496,Covers_4538,True
Goodreads_books_31820,Covers_8874,True
Goodreads_books_37654,Covers_2802,True
Goodreads_books_3822,Covers_1596,True
Goodreads_books_2505,Covers_7171,True
Goodreads_books_667,Covers_3855,True
Goodreads_books_19365,Covers_1112,True
Goodreads_books_30303,Covers_2825,True
Goodreads_books_864,Covers_3365,True
Goodreads_books_30617,Covers_7246,True
Goodreads_books_18550,Covers_4662,True
Goodreads_books_3724,Covers_6595,True
Goodreads_books_12236,Covers_6532,True
Goodreads_books_24017,Covers_2346,True
Goodreads_books_30819,Covers_6599,True
Goodreads_books_124,Covers_7346,True
Goodreads_books_29121,Covers_5616,True
Goodreads_books_5931,Covers_7527,True
Goodreads_books_8654,Covers_4304,True
Goodreads_books_31021,Covers_7016,True
Goodreads_books_3911,Covers_7668,True
Goodreads_books_12781,Covers_4708,True
Goodreads_books_37885,Covers_7628,True
Goodreads_books_22279,Covers_8424,True
Goodreads_books_25190,Covers_3285,True
Goodreads_books_5955,Covers_2128,True
Goodreads_books_38974,Covers_3188,True
Goodreads_books_633,Covers_8792,True
Goodreads_books_27125,Covers_3097,True
Goodreads_books_25386,Covers_3282,True
Goodreads_books_20563,Covers_4527,True
Goodreads_books_34486,Covers_444,True
Goodreads_books_9511,Covers_8098,True
Goodreads_books_3326,Covers_202,True
Goodreads_books_27463,Covers_7699,True
Goodreads_books_33215,Covers_6964,True
Goodreads_books_16575,Covers_7325,True
Goodreads_books_31345,Covers_6392,True
Goodreads_books_18751,Covers_2640,True
Goodreads_books_38719,Covers_2356,True
Goodreads_books_33278,Covers_7957,True
Goodreads_books_36797,Covers_8356,True
Goodreads_books_18023,Covers_7363,True
Goodreads_books_8792,Covers_3398,True
Goodreads_books_19647,Covers_4473,True
Goodreads_books_30998,Covers_3123,True
Goodreads_books_14311,Covers_6676,True
Goodreads_books_37365,Covers_7310,True
Goodreads_books_25385,Covers_3281,True
Goodreads_books_30468,Covers_2275,True
Goodreads_books_29586,Covers_4827,True
Goodreads_books_29673,Covers_5567,True
Goodreads_books_38839,Covers_2158,True
Goodreads_books_17306,Covers_5502,True
Goodreads_books_37650,Covers_15,True
Goodreads_books_29525,Covers_5553,True
Goodreads_books_35045,Covers_4171,True
Goodreads_books_18114,Covers_4660,True
Goodreads_books_18696,Covers_3826,True
Goodreads_books_21629,Covers_7401,True
Goodreads_books_37093,Covers_4947,True
Goodreads_books_25320,Covers_8333,True
Goodreads_books_657,Covers_723,True
Goodreads_books_19438,Covers_804,True
Goodreads_books_12892,Covers_4449,True
Goodreads_books_30815,Covers_3769,True
Goodreads_books_1236,Covers_1597,True
Goodreads_books_34696,Covers_6661,True
Goodreads_books_29713,Covers_3993,True
Goodreads_books_16392,Covers_2706,True
Goodreads_books_35986,Covers_8503,True
Goodreads_books_31408,Covers_8321,True
Goodreads_books_32328,Covers_8016,True
Goodreads_books_11778,Covers_7871,True
Goodreads_books_25451,Covers_7297,True
Goodreads_books_32668,Covers_653,True
Goodreads_books_24634,Covers_6573,True
Goodreads_books_28325,Covers_2496,True
Goodreads_books_11352,Covers_8848,True
Goodreads_books_33822,Covers_2325,True
Goodreads_books_4873,Covers_281,True
Goodreads_books_32573,Covers_6528,True
Goodreads_books_6093,Covers_4225,True
Goodreads_books_26982,Covers_6954,True
Goodreads_books_19719,Covers_7546,True
Goodreads_books_32425,Covers_285,True
Goodreads_books_17146,Covers_5117,True
Goodreads_books_31723,Covers_6435,True
Goodreads_books_28649,Covers_6367,True
Goodreads_books_2125,Covers_2524,True
Goodreads_books_30442,Covers_8815,True
Goodreads_books_16980,Covers_3312,True
Goodreads_books_39084,Covers_1199,True
Goodreads_books_26001,Covers_4397,True
Goodreads_books_22144,Covers_5193,True
Goodreads_books_23175,Covers_2321,True
Goodreads_books_34078,Covers_1234,True
Goodreads_books_39106,Covers_6794,True
Goodreads_books_16485,Covers_4690,True
Goodreads_books_22324,Covers_4362,True
Goodreads_books_32509,Covers_730,True
Goodreads_books_13996,Covers_3307,True
Goodreads_books_29400,Covers_3806,True
Goodreads_books_38193,Covers_174,True
Goodreads_books_19883,Covers_6875,True
Goodreads_books_5120,Covers_8681,True
Goodreads_books_22525,Covers_6922,True
Goodreads_books_5346,Covers_1186,True
Goodreads_books_36170,Covers_8818,True
Goodreads_books_2888,Covers_3021,True
Goodreads_books_4141,Covers_6503,True
Goodreads_books_22918,Covers_5743,True
Goodreads_books_19271,Covers_5703,True
Goodreads_books_4114,Covers_8441,True
Goodreads_books_29091,Covers_7656,True
Goodreads_books_18181,Covers_3650,True
Goodreads_books_32976,Covers_7881,True
Goodreads_books_14248,Covers_4131,True
Goodreads_books_28853,Covers_4740,True
Goodreads_books_19769,Covers_7978,True
Goodreads_books_18095,Covers_2217,True
Goodreads_books_35700,Covers_1417,True
Goodreads_books_19488,Covers_8141,True
Goodreads_books_2839,Covers_207,True
Goodreads_books_22544,Covers_6525,True
Goodreads_books_16139,Covers_4403,True
Goodreads_books_36072,Covers_201,True
Goodreads_books_35057,Covers_4751,True
Goodreads_books_18990,Covers_7194,True
Goodreads_books_30206,Covers_6409,True
Goodreads_books_30416,Covers_7563,True
Goodreads_books_31453,Covers_1203,True
Goodreads_books_229,Covers_674,True
Goodreads_books_37865,Covers_7715,True
Goodreads_books_2509,Covers_981,True
Goodreads_books_34516,Covers_6828,True
Goodreads_books_4478,Covers_7660,True
Goodreads_books_7366,Covers_7739,True
Goodreads_books_5017,Covers_4952,True
Goodreads_books_22824,Covers_5187,True
Goodreads_books_29703,Covers_5499,True
Goodreads_books_27486,Covers_4172,True
Goodreads_books_32898,Covers_7987,True
Goodreads_books_16340,Covers_1547,True
Goodreads_books_35077,Covers_6952,True
Goodreads_books_22512,Covers_295,True
Goodreads_books_16955,Covers_2281,True
Goodreads_books_27064,Covers_17,True
Goodreads_books_23401,Covers_2025,True
Goodreads_books_35443,Covers_1752,True
Goodreads_books_24803,Covers_56,True
Goodreads_books_37140,Covers_756,True
Goodreads_books_29012,Covers_3918,True
Goodreads_books_9318,Covers_6980,True
Goodreads_books_20484,Covers_7267,True
Goodreads_books_17619,Covers_4386,True
Goodreads_books_20948,Covers_2293,True
Goodreads_books_2172,Covers_2084,True
Goodreads_books_20223,Covers_3251,True
Goodreads_books_39008,Covers_214,True
Goodreads_books_36153,Covers_3880,True
Goodreads_books_18984,Covers_8293,True
Goodreads_books_13669,Covers_5503,True
Goodreads_books_3669,Covers_8750,True
Goodreads_books_26445,Covers_3306,True
Goodreads_books_20233,Covers_4056,True
Goodreads_books_9675,Covers_5591,True
Goodreads_books_21902,Covers_7211,True
Goodreads_books_32702,Covers_189,True
Goodreads_books_6222,Covers_6853,True
Goodreads_books_30030,Covers_8274,True
Goodreads_books_39223,Covers_2468,True
Goodreads_books_32237,Covers_18,True
Goodreads_books_13501,Covers_991,True
Goodreads_books_10951,Covers_8267,True
Goodreads_books_23049,Covers_2528,True
Goodreads_books_31339,Covers_7488,True
Goodreads_books_5334,Covers_8340,True
Goodreads_books_37503,Covers_324,True
Goodreads_books_37970,Covers_6598,True
Goodreads_books_38964,Covers_2919,True
Goodreads_books_26072,Covers_8745,True
Goodreads_books_35981,Covers_7780,True
Goodreads_books_17357,Covers_3565,True
Goodreads_books_7021,Covers_2646,True
Goodreads_books_38027,Covers_7451,True
Goodreads_books_28208,Covers_8188,True
Goodreads_books_21700,Covers_3070,True
Goodreads_books_31784,Covers_7030,True
Goodreads_books_19801,Covers_2684,True
Goodreads_books_7105,Covers_8344,True
Goodreads_books_16751,Covers_2599,True
Goodreads_books_986,Covers_2503,True
Goodreads_books_31480,Covers_8456,True
Goodreads_books_2914,Covers_2214,True
Goodreads_books_35685,Covers_1400,True
Goodreads_books_31024,Covers_6896,True
Goodreads_books_38880,Covers_1229,True
Goodreads_books_24100,Covers_863,True
Goodreads_books_24394,Covers_7688,True
Goodreads_books_35683,Covers_3768,True
Goodreads_books_1835,Covers_7593,True
Goodreads_books_19751,Covers_7002,True
Goodreads_books_38990,Covers_6488,True
Goodreads_books_25093,Covers_6972,True
Goodreads_books_29748,Covers_1656,True
Goodreads_books_15509,Covers_2662,True
Goodreads_books_35244,Covers_7454,True
Goodreads_books_39030,Covers_6849,True
Goodreads_books_27415,Covers_8161,True
Goodreads_books_9631,Covers_1079,True
Goodreads_books_340,Covers_8266,True
Goodreads_books_9992,Covers_502,True
Goodreads_books_20586,Covers_3004,True
Goodreads_books_38201,Covers_3613,True
Goodreads_books_17016,Covers_4277,True
Goodreads_books_30445,Covers_7358,True
Goodreads_books_21638,Covers_1680,True
Goodreads_books_7149,Covers_4886,True
Goodreads_books_26737,Covers_4987,True
Goodreads_books_19903,Covers_3914,True
Goodreads_books_291,Covers_2197,True
Goodreads_books_19791,Covers_758,True
Goodreads_books_24037,Covers_1842,True
Goodreads_books_22218,Covers_4375,True
Goodreads_books_3870,Covers_8903,True
Goodreads_books_31843,Covers_8567,True
Goodreads_books_16755,Covers_2892,True
Goodreads_books_1732,Covers_6335,True
Goodreads_books_25620,Covers_6133,True
Goodreads_books_11584,Covers_26483,False
Goodreads_books_37996,Covers_6685,False
Goodreads_books_26175,Covers_40,False
Goodreads_books_2065,Covers_6403,False
Goodreads_books_31082,Covers_81,False
Goodreads_books_10537,Covers_7755,False
Goodreads_books_30523,Covers_10378,False
Goodreads_books_19705,Covers_6659,False
Goodreads_books_10026,Covers_4388,False
Goodreads_books_9863,Covers_40274,False
Goodreads_books_23485,Covers_16648,False
Goodreads_books_16941,Covers_25632,False
Goodreads_books_37344,Covers_27683,False
Goodreads_books_35239,Covers_18767,False
Goodreads_books_26641,Covers_2762,False
Goodreads_books_33160,Covers_8366,False
Goodreads_books_32248,Covers_25030,False
Goodreads_books_32459,Covers_22622,False
Goodreads_books_29037,Covers_13429,False
Goodreads_books_15010,Covers_3902,False
Goodreads_books_15936,Covers_1572,False
Goodreads_books_9232,Covers_625,False
Goodreads_books_26104,Covers_6911,False
Goodreads_books_38061,Covers_47750,False
Goodreads_books_12495,Covers_7203,False
Goodreads_books_36316,Covers_15240,False
Goodreads_books_18754,Covers_31262,False
Goodreads_books_23449,Covers_1862,False
Goodreads_books_10949,Covers_1164,False
Goodreads_books_5452,Covers_2150,False
Goodreads_books_20049,Covers_9017,False
Goodreads_books_10055,Covers_5806,False
Goodreads_books_5077,Covers_3263,False
Goodreads_books_7543,Covers_37356,False
Goodreads_books_5562,Covers_11012,False
Goodreads_books_37379,Covers_35343,False
Goodreads_books_35741,Covers_399,False
Goodreads_books_37063,Covers_18687,False
Goodreads_books_1257,Covers_15404,False
Goodreads_books_8635,Covers_5757,False
Goodreads_books_28400,Covers_7087,False
Goodreads_books_18199,Covers_27370,False
Goodreads_books_28828,Covers_32420,False
Goodreads_books_35745,Covers_14584,False
Goodreads_books_24326,Covers_17380,False
Goodreads_books_34484,Covers_29507,False
Goodreads_books_591,Covers_16640,False
Goodreads_books_35114,Covers_9530,False
Goodreads_books_33991,Covers_100,False
Goodreads_books_4883,Covers_7443,False
Goodreads_books_28453,Covers_22397,False
Goodreads_books_5242,Covers_6503,False
Goodreads_books_21265,Covers_26557,False
Goodreads_books_32774,Covers_6985,False
Goodreads_books_11895,Covers_46080,False
Goodreads_books_24156,Covers_10716,False
Goodreads_books_38891,Covers_45749,False
Goodreads_books_1532,Covers_36268,False
Goodreads_books_3557,Covers_40271,False
Goodreads_books_23756,Covers_13668,False
Goodreads_books_2406,Covers_47748,False
Goodreads_books_22855,Covers_43240,False
Goodreads_books_20058,Covers_14594,False
Goodreads_books_6348,Covers_23481,False
Goodreads_books_24827,Covers_9545,False
Goodreads_books_15396,Covers_8557,False
Goodreads_books_2534,Covers_16517,False
Goodreads_books_23257,Covers_20276,False
Goodreads_books_31408,Covers_21256,False
Goodreads_books_17242,Covers_23744,False
Goodreads_books_6257,Covers_8082,False
Goodreads_books_27407,Covers_44769,False
Goodreads_books_1771,Covers_10597,False
Goodreads_books_16646,Covers_18995,False
Goodreads_books_33760,Covers_45959,False
Goodreads_books_30881,Covers_27511,False
Goodreads_books_34557,Covers_47392,False
Goodreads_books_11785,Covers_46530,False
Goodreads_books_30604,Covers_16390,False
Goodreads_books_16298,Covers_15067,False
Goodreads_books_34684,Covers_46786,False
Goodreads_books_945,Covers_3377,False
Goodreads_books_34883,Covers_42847,False
Goodreads_books_9645,Covers_4017,False
Goodreads_books_33762,Covers_6465,False
Goodreads_books_21031,Covers_4207,False
Goodreads_books_22098,Covers_20097,False
Goodreads_books_19310,Covers_7145,False
Goodreads_books_3205,Covers_218,False
Goodreads_books_23835,Covers_43853,False
Goodreads_books_26323,Covers_24897,False
Goodreads_books_35951,Covers_7262,False
Goodreads_books_36614,Covers_45206,False
Goodreads_books_38413,Covers_21911,False
Goodreads_books_6470,Covers_934,False
Goodreads_books_8105,Covers_22727,False
Goodreads_books_19613,Covers_37427,False
Goodreads_books_31212,Covers_39114,False
Goodreads_books_23087,Covers_6501,False
Goodreads_books_2887,Covers_858,False
Goodreads_books_3288,Covers_8214,False
Goodreads_books_23104,Covers_47900,False
Goodreads_books_36237,Covers_6707,False
Goodreads_books_37560,Covers_13491,False
Goodreads_books_30791,Covers_47717,False
Goodreads_books_198,Covers_47022,False
Goodreads_books_11168,Covers_3183,False
Goodreads_books_3133,Covers_7501,False
Goodreads_books_9198,Covers_21732,False
Goodreads_books_37755,Covers_175,False
Goodreads_books_12215,Covers_39889,False
Goodreads_books_29199,Covers_8513,False
Goodreads_books_6444,Covers_7462,False
Goodreads_books_36808,Covers_18403,False
Goodreads_books_29468,Covers_880,False
Goodreads_books_37414,Covers_1100,False
Goodreads_books_2539,Covers_47946,False
Goodreads_books_5815,Covers_35717,False
Goodreads_books_12324,Covers_29870,False
Goodreads_books_27845,Covers_3652,False
Goodreads_books_13525,Covers_32737,False
Goodreads_books_21942,Covers_13611,False
Goodreads_books_12057,Covers_38311,False
Goodreads_books_4222,Covers_8378,False
Goodreads_books_8556,Covers_44758,False
Goodreads_books_11378,Covers_46628,False
Goodreads_books_37370,Covers_21738,False
Goodreads_books_2480,Covers_6226,False
Goodreads_books_10491,Covers_1123,False
Goodreads_books_12960,Covers_12663,False
Goodreads_books_11487,Covers_8358,False
Goodreads_books_28013,Covers_2325,False
Goodreads_books_23324,Covers_13083,False
Goodreads_books_32485,Covers_34217,False
Goodreads_books_8887,Covers_25031,False
Goodreads_books_1627,Covers_27763,False
Goodreads_books_24321,Covers_8467,False
Goodreads_books_9547,Covers_38085,False
Goodreads_books_2548,Covers_7736,False
Goodreads_books_34518,Covers_1234,False
Goodreads_books_36131,Covers_3058,False
Goodreads_books_30413,Covers_6443,False
Goodreads_books_5465,Covers_36995,False
Goodreads_books_35299,Covers_36902,False
Goodreads_books_31142,Covers_8374,False
Goodreads_books_20216,Covers_29248,False
Goodreads_books_36879,Covers_8842,False
Goodreads_books_11049,Covers_3427,False
Goodreads_books_30540,Covers_33434,False
Goodreads_books_4596,Covers_6519,False
Goodreads_books_28141,Covers_33092,False
Goodreads_books_11418,Covers_1996,False
Goodreads_books_5326,Covers_1667,False
Goodreads_books_14806,Covers_28159,False
Goodreads_books_3140,Covers_21316,False
Goodreads_books_30980,Covers_2963,False
Goodreads_books_28346,Covers_47102,False
Goodreads_books_16052,Covers_3004,False
Goodreads_books_11127,Covers_46240,False
Goodreads_books_33173,Covers_35269,False
Goodreads_books_16395,Covers_35433,False
Goodreads_books_20779,Covers_2936,False
Goodreads_books_35493,Covers_4874,False
Goodreads_books_37188,Covers_6103,False
Goodreads_books_3707,Covers_3644,False
Goodreads_books_2530,Covers_23658,False
Goodreads_books_14083,Covers_2810,False
Goodreads_books_23921,Covers_7095,False
Goodreads_books_3650,Covers_9885,False
Goodreads_books_27408,Covers_20577,False
Goodreads_books_2243,Covers_32235,False
Goodreads_books_19603,Covers_8607,False
Goodreads_books_37333,Covers_24737,False
Goodreads_books_4530,Covers_3883,False
Goodreads_books_16553,Covers_6668,False
Goodreads_books_33114,Covers_6663,False
Goodreads_books_6503,Covers_6705,False
Goodreads_books_28009,Covers_19326,False
Goodreads_books_26568,Covers_8159,False
Goodreads_books_33037,Covers_35808,False
Goodreads_books_11457,Covers_18107,False
Goodreads_books_17934,Covers_27181,False
Goodreads_books_12790,Covers_30655,False
Goodreads_books_24072,Covers_29570,False
Goodreads_books_18812,Covers_29273,False
Goodreads_books_27806,Covers_67,False
Goodreads_books_17020,Covers_49114,False
Goodreads_books_36934,Covers_33696,False
Goodreads_books_18788,Covers_7878,False
Goodreads_books_403,Covers_3163,False
Goodreads_books_20867,Covers_33381,False
Goodreads_books_17807,Covers_25583,False
Goodreads_books_2096,Covers_3580,False
Goodreads_books_31756,Covers_1597,False
Goodreads_books_11001,Covers_719,False
Goodreads_books_2704,Covers_2536,False
Goodreads_books_19690,Covers_36527,False
Goodreads_books_898,Covers_19464,False
Goodreads_books_19876,Covers_2757,False
Goodreads_books_28864,Covers_22450,False
Goodreads_books_38172,Covers_9827,False
Goodreads_books_18844,Covers_25401,False
Goodreads_books_3571,Covers_42150,False
Goodreads_books_6875,Covers_7941,False
Goodreads_books_33495,Covers_25364,False
Goodreads_books_1476,Covers_28172,False
Goodreads_books_27059,Covers_7983,False
Goodreads_books_3952,Covers_37413,False
Goodreads_books_27547,Covers_15596,False
Goodreads_books_4628,Covers_35603,False
Goodreads_books_38393,Covers_208,False
Goodreads_books_19641,Covers_34340,False
Goodreads_books_34933,Covers_46787,False
Goodreads_books_2150,Covers_34118,False
Goodreads_books_23548,Covers_31498,False
Goodreads_books_23459,Covers_43457,False
Goodreads_books_1759,Covers_23741,False
Goodreads_books_35755,Covers_8328,False
Goodreads_books_21416,Covers_23074,False
Goodreads_books_9428,Covers_8343,False
Goodreads_books_6121,Covers_36786,False
Goodreads_books_22971,Covers_10416,False
Goodreads_books_34155,Covers_14796,False
Goodreads_books_10698,Covers_6008,False
Goodreads_books_6220,Covers_4734,False
Goodreads_books_33057,Covers_124,False
Goodreads_books_3090,Covers_13307,False
Goodreads_books_33521,Covers_8630,False
Goodreads_books_830,Covers_19715,False
Goodreads_books_17333,Covers_489,False
Goodreads_books_18847,Covers_33639,False
Goodreads_books_21102,Covers_11240,False
Goodreads_books_6362,Covers_19823,False
Goodreads_books_3914,Covers_8066,False
Goodreads_books_5479,Covers_24137,False
Goodreads_books_4253,Covers_1400,False
Goodreads_books_19791,Covers_35516,False
Goodreads_books_20877,Covers_4568,False
Goodreads_books_4461,Covers_7454,False
Goodreads_books_1415,Covers_25871,False
Goodreads_books_22099,Covers_12898,False
Goodreads_books_2186,Covers_513,False
Goodreads_books_32251,Covers_39415,False
Goodreads_books_5770,Covers_23628,False
Goodreads_books_9829,Covers_4032,False
Goodreads_books_11276,Covers_35884,False
Goodreads_books_3593,Covers_13897,False
Goodreads_books_20224,Covers_37437,False
Goodreads_books_16342,Covers_497,False
Goodreads_books_26194,Covers_8452,False
Goodreads_books_8869,Covers_20414,False
Goodreads_books_13404,Covers_10880,False
Goodreads_books_24155,Covers_20556,False
Goodreads_books_17087,Covers_16459,False
Goodreads_books_6864,Covers_39042,False
Goodreads_books_396,Covers_7734,False
Goodreads_books_2881,Covers_22982,False
Goodreads_books_5304,Covers_21706,False
Goodreads_books_17608,Covers_30076,False
Goodreads_books_33381,Covers_5962,False
Goodreads_books_38084,Covers_24612,False
Goodreads_books_26657,Covers_39568,False
Goodreads_books_24051,Covers_19943,False
Goodreads_books_17826,Covers_5538,False
Goodreads_books_22051,Covers_18568,False
Goodreads_books_5208,Covers_3575,False
Goodreads_books_7954,Covers_34201,False
Goodreads_books_37722,Covers_4148,False
Goodreads_books_7786,Covers_6381,False
Goodreads_books_18489,Covers_43519,False
Goodreads_books_15288,Covers_11468,False
Goodreads_books_5388,Covers_42582,False
Goodreads_books_22852,Covers_2063,False
Goodreads_books_27635,Covers_44409,False
Goodreads_books_33197,Covers_10909,False
Goodreads_books_32682,Covers_38109,False
Goodreads_books_680,Covers_32552,False
Goodreads_books_5376,Covers_32392,False
Goodreads_books_12742,Covers_7689,False
Goodreads_books_18698,Covers_37836,False
Goodreads_books_11601,Covers_17805,False
Goodreads_books_37962,Covers_36072,False
Goodreads_books_12039,Covers_4929,False
Goodreads_books_35581,Covers_8485,False
Goodreads_books_10697,Covers_6555,False
Goodreads_books_36268,Covers_6711,False
Goodreads_books_38804,Covers_5887,False
Goodreads_books_4782,Covers_26048,False
Goodreads_books_11725,Covers_3706,False
Goodreads_books_13703,Covers_15645,False
Goodreads_books_2386,Covers_9523,False
Goodreads_books_35391,Covers_7194,False
Goodreads_books_3983,Covers_29357,False
Goodreads_books_4088,Covers_42896,False
Goodreads_books_38533,Covers_4093,False
Goodreads_books_23164,Covers_45279,False
Goodreads_books_2905,Covers_32869,False
Goodreads_books_33761,Covers_7973,False
Goodreads_books_14393,Covers_13711,False
Goodreads_books_11347,Covers_7570,False
Goodreads_books_13182,Covers_15381,False
Goodreads_books_32739,Covers_7650,False
Goodreads_books_14442,Covers_21951,False
Goodreads_books_37449,Covers_18678,False
Goodreads_books_3507,Covers_49421,False
Goodreads_books_26984,Covers_2888,False
Goodreads_books_1649,Covers_6877,False
Goodreads_books_17430,Covers_15007,False
Goodreads_books_9147,Covers_38809,False
Goodreads_books_32654,Covers_43160,False
Goodreads_books_8872,Covers_19268,False
Goodreads_books_6065,Covers_16120,False
Goodreads_books_4187,Covers_17317,False
Goodreads_books_33447,Covers_9755,False
Goodreads_books_37738,Covers_22514,False
Goodreads_books_30589,Covers_8298,False
Goodreads_books_38723,Covers_7538,False
Goodreads_books_20663,Covers_35513,False
Goodreads_books_3818,Covers_42132,False
Goodreads_books_26857,Covers_7880,False
Goodreads_books_15591,Covers_10442,False
Goodreads_books_23928,Covers_18535,False
Goodreads_books_26974,Covers_25424,False
Goodreads_books_9797,Covers_7843,False
Goodreads_books_1483,Covers_21222,False
Goodreads_books_22765,Covers_48890,False
Goodreads_books_7857,Covers_2763,False
Goodreads_books_13723,Covers_180,False
Goodreads_books_22880,Covers_57,False
Goodreads_books_17212,Covers_49641,False
Goodreads_books_9679,Covers_9393,False
Goodreads_books_27185,Covers_29831,False
Goodreads_books_1320,Covers_8370,False
Goodreads_books_31442,Covers_46634,False
Goodreads_books_29369,Covers_17918,False
Goodreads_books_20344,Covers_10439,False
Goodreads_books_34990,Covers_1298,False
Goodreads_books_1820,Covers_8098,False
Goodreads_books_7062,Covers_1012,False
Goodreads_books_31062,Covers_8508,False
Goodreads_books_10267,Covers_39771,False
Goodreads_books_14270,Covers_24583,False
Goodreads_books_9739,Covers_24621,False
Goodreads_books_25346,Covers_726,False
Goodreads_books_17130,Covers_193,False
Goodreads_books_35081,Covers_22576,False
Goodreads_books_38648,Covers_42465,False
Goodreads_books_9713,Covers_16896,False
Goodreads_books_1489,Covers_33906,False
Goodreads_books_25867,Covers_38793,False
Goodreads_books_8696,Covers_581,False
Goodreads_books_21818,Covers_41133,False
Goodreads_books_3961,Covers_8512,False
Goodreads_books_30182,Covers_48987,False
Goodreads_books_17590,Covers_47703,False
Goodreads_books_38759,Covers_37736,False
Goodreads_books_31963,Covers_48066,False
Goodreads_books_25936,Covers_46826,False
Goodreads_books_32956,Covers_23819,False
Goodreads_books_28944,Covers_3570,False
Goodreads_books_37132,Covers_4614,False
Goodreads_books_32454,Covers_8598,False
Goodreads_books_30775,Covers_12092,False
Goodreads_books_12961,Covers_7218,False
Goodreads_books_2112,Covers_37056,False
Goodreads_books_3734,Covers_11843,False
Goodreads_books_24005,Covers_13235,False
Goodreads_books_22747,Covers_33131,False
Goodreads_books_34043,Covers_18778,False
Goodreads_books_26484,Covers_19156,False
Goodreads_books_3560,Covers_30252,False
Goodreads_books_33605,Covers_7536,False
Goodreads_books_18660,Covers_31309,False
Goodreads_books_3704,Covers_29671,False
Goodreads_books_35910,Covers_43211,False
Goodreads_books_7998,Covers_8693,False
Goodreads_books_1372,Covers_3339,False
Goodreads_books_26468,Covers_38621,False
Goodreads_books_4049,Covers_8131,False
Goodreads_books_36482,Covers_16413,False
Goodreads_books_31011,Covers_33443,False
Goodreads_books_27113,Covers_39755,False
Goodreads_books_20054,Covers_6948,False
Goodreads_books_34054,Covers_40880,False
Goodreads_books_2680,Covers_18993,False
Goodreads_books_24502,Covers_40109,False
Goodreads_books_39152,Covers_14324,False
Goodreads_books_10333,Covers_23681,False
Goodreads_books_6193,Covers_34174,False
Goodreads_books_33791,Covers_11607,False
Goodreads_books_27417,Covers_34505,False
Goodreads_books_3492,Covers_46981,False
Goodreads_books_37543,Covers_42930,False
Goodreads_books_18487,Covers_9251,False
Goodreads_books_15921,Covers_664,False
Goodreads_books_24685,Covers_27008,False
Goodreads_books_11472,Covers_8274,False
Goodreads_books_34069,Covers_4006,False
Goodreads_books_30942,Covers_49397,False
Goodreads_books_29174,Covers_21067,False
Goodreads_books_33826,Covers_6560,False
Goodreads_books_17970,Covers_23371,False
Goodreads_books_12033,Covers_8165,False
Goodreads_books_14526,Covers_39875,False
Goodreads_books_10156,Covers_28827,False
Goodreads_books_6835,Covers_38613,False
Goodreads_books_23939,Covers_10396,False
Goodreads_books_20352,Covers_17559,False
Goodreads_books_25702,Covers_27610,False
Goodreads_books_31471,Covers_29368,False
Goodreads_books_4766,Covers_11803,False
Goodreads_books_30581,Covers_42375,False
Goodreads_books_6456,Covers_42063,False
Goodreads_books_10611,Covers_11869,False
Goodreads_books_15138,Covers_39738,False
Goodreads_books_882,Covers_8812,False
Goodreads_books_22433,Covers_1349,False
Goodreads_books_31680,Covers_14242,False
Goodreads_books_4058,Covers_48767,False
Goodreads_books_3151,Covers_7991,False
Goodreads_books_11702,Covers_28957,False
Goodreads_books_30450,Covers_15557,False
Goodreads_books_12457,Covers_48533,False
Goodreads_books_35256,Covers_42945,False
Goodreads_books_39134,Covers_4696,False
Goodreads_books_2556,Covers_4288,False
Goodreads_books_34885,Covers_33420,False
Goodreads_books_38528,Covers_19852,False
Goodreads_books_611,Covers_1744,False
Goodreads_books_2482,Covers_9197,False
Goodreads_books_2780,Covers_44417,False
Goodreads_books_7041,Covers_29362,False
Goodreads_books_1595,Covers_9900,False
Goodreads_books_2741,Covers_23243,False
Goodreads_books_37756,Covers_34847,False
Goodreads_books_27695,Covers_10886,False
Goodreads_books_6434,Covers_34347,False
Goodreads_books_10884,Covers_7840,False
Goodreads_books_32150,Covers_4626,False
Goodreads_books_10994,Covers_2996,False
Goodreads_books_12266,Covers_24310,False
Goodreads_books_3863,Covers_16916,False
Goodreads_books_35532,Covers_45099,False
Goodreads_books_7629,Covers_8492,False
Goodreads_books_25945,Covers_39990,False
Goodreads_books_5134,Covers_4761,False
Goodreads_books_24349,Covers_34598,False
Goodreads_books_22992,Covers_20521,False
Goodreads_books_34139,Covers_7916,False
Goodreads_books_34267,Covers_40992,False
Goodreads_books_15487,Covers_35477,False
Goodreads_books_13814,Covers_36156,False
Goodreads_books_29209,Covers_30696,False
Goodreads_books_22031,Covers_3086,False
Goodreads_books_20053,Covers_35069,False
Goodreads_books_29411,Covers_32389,False
Goodreads_books_13324,Covers_14053,False
Goodreads_books_24398,Covers_2313,False
Goodreads_books_4788,Covers_6669,False
Goodreads_books_8833,Covers_2759,False
Goodreads_books_11575,Covers_46494,False
Goodreads_books_27440,Covers_33993,False
Goodreads_books_28361,Covers_45888,False
Goodreads_books_28395,Covers_3417,False
Goodreads_books_30579,Covers_35752,False
Goodreads_books_25806,Covers_8012,False
Goodreads_books_9400,Covers_8112,False
Goodreads_books_17173,Covers_41387,False
Goodreads_books_35839,Covers_43067,False
Goodreads_books_193,Covers_35057,False
Goodreads_books_35201,Covers_8668,False
Goodreads_books_27215,Covers_41131,False
Goodreads_books_2231,Covers_37277,False
Goodreads_books_323,Covers_6743,False
Goodreads_books_30509,Covers_16123,False
Goodreads_books_32938,Covers_4573,False
Goodreads_books_12497,Covers_37317,False
Goodreads_books_17298,Covers_38859,False
Goodreads_books_33642,Covers_22674,False
Goodreads_books_16849,Covers_45456,False
Goodreads_books_30613,Covers_46075,False
Goodreads_books_13420,Covers_46545,False
Goodreads_books_34448,Covers_33306,False
Goodreads_books_35761,Covers_10111,False
Goodreads_books_10374,Covers_28896,False
Goodreads_books_2213,Covers_48766,False
Goodreads_books_20619,Covers_33282,False
Goodreads_books_28645,Covers_426,False
Goodreads_books_34254,Covers_6878,False
Goodreads_books_30811,Covers_2884,False
Goodreads_books_10154,Covers_36576,False
Goodreads_books_22403,Covers_44170,False
Goodreads_books_24797,Covers_35723,False
Goodreads_books_37585,Covers_4073,False
Goodreads_books_2983,Covers_37122,False
Goodreads_books_36672,Covers_47641,False
Goodreads_books_32004,Covers_49733,False
Goodreads_books_29238,Covers_1046,False
Goodreads_books_30402,Covers_35444,False
Goodreads_books_26733,Covers_31150,False
Goodreads_books_34700,Covers_3750,False
Goodreads_books_25194,Covers_7989,False
Goodreads_books_21737,Covers_19490,False
Goodreads_books_36199,Covers_30771,False
Goodreads_books_17403,Covers_27068,False
Goodreads_books_7428,Covers_14928,False
Goodreads_books_3032,Covers_4969,False
Goodreads_books_2351,Covers_36826,False
Goodreads_books_32289,Covers_44928,False
Goodreads_books_32386,Covers_47230,False
Goodreads_books_21144,Covers_44091,False
Goodreads_books_3836,Covers_22953,False
Goodreads_books_26931,Covers_35609,False
Goodreads_books_19806,Covers_43750,False
Goodreads_books_3480,Covers_19918,False
Goodreads_books_8697,Covers_47464,False
Goodreads_books_30627,Covers_33082,False
Goodreads_books_4202,Covers_24623,False
Goodreads_books_33374,Covers_49264,False
Goodreads_books_23113,Covers_15121,False
Goodreads_books_35328,Covers_121,False
Goodreads_books_22128,Covers_31786,False
Goodreads_books_19275,Covers_30059,False
Goodreads_books_9166,Covers_21360,False
Goodreads_books_31537,Covers_2910,False
Goodreads_books_31485,Covers_15644,False
Goodreads_books_6541,Covers_19860,False
Goodreads_books_2809,Covers_2553,False
Goodreads_books_20730,Covers_37633,False
Goodreads_books_15181,Covers_22000,False
Goodreads_books_21110,Covers_48481,False
Goodreads_books_32645,Covers_7623,False
Goodreads_books_5759,Covers_25637,False
Goodreads_books_8459,Covers_6594,False
Goodreads_books_23456,Covers_29301,False
Goodreads_books_17556,Covers_48608,False
Goodreads_books_3769,Covers_8384,False
Goodreads_books_33618,Covers_5206,False
Goodreads_books_35388,Covers_7381,False
Goodreads_books_16541,Covers_15579,False
Goodreads_books_23864,Covers_6842,False
Goodreads_books_155,Covers_20644,False
Goodreads_books_38869,Covers_25663,False
Goodreads_books_9792,Covers_26338,False
Goodreads_books_14140,Covers_47587,False
Goodreads_books_26429,Covers_45350,False
Goodreads_books_35370,Covers_39181,False
Goodreads_books_12564,Covers_8389,False
Goodreads_books_39114,Covers_16481,False
Goodreads_books_14988,Covers_17610,False
Goodreads_books_13159,Covers_22053,False
Goodreads_books_5374,Covers_40009,False
Goodreads_books_6227,Covers_8198,False
Goodreads_books_23606,Covers_31317,False
Goodreads_books_10284,Covers_15210,False
Goodreads_books_38339,Covers_18544,False
Goodreads_books_20607,Covers_8360,False
Goodreads_books_19981,Covers_31171,False
Goodreads_books_11395,Covers_19938,False
Goodreads_books_38294,Covers_48684,False
Goodreads_books_26912,Covers_36244,False
Goodreads_books_5308,Covers_2279,False
Goodreads_books_26565,Covers_42399,False
Goodreads_books_29160,Covers_13037,False
Goodreads_books_13407,Covers_3666,False
Goodreads_books_16343,Covers_39628,False
Goodreads_books_29981,Covers_20587,False
Goodreads_books_12610,Covers_7485,False
Goodreads_books_8866,Covers_31938,False
Goodreads_books_10360,Covers_35431,False
Goodreads_books_17031,Covers_17352,False
Goodreads_books_1007,Covers_39890,False
Goodreads_books_8535,Covers_11289,False
Goodreads_books_2997,Covers_8544,False
Goodreads_books_14345,Covers_2169,False
Goodreads_books_19477,Covers_7528,False
Goodreads_books_31610,Covers_9601,False
Goodreads_books_27783,Covers_14016,False
Goodreads_books_2274,Covers_7105,False
Goodreads_books_14041,Covers_7451,False
Goodreads_books_27310,Covers_31609,False
Goodreads_books_15325,Covers_33142,False
Goodreads_books_11258,Covers_16184,False
Goodreads_books_37496,Covers_31089,False
Goodreads_books_3213,Covers_3578,False
Goodreads_books_14365,Covers_612,False
Goodreads_books_36500,Covers_38891,False
Goodreads_books_21734,Covers_17724,False
Goodreads_books_27011,Covers_48713,False
Goodreads_books_15772,Covers_37502,False
Goodreads_books_855,Covers_33887,False
Goodreads_books_2580,Covers_7116,False
Goodreads_books_3624,Covers_28536,False
Goodreads_books_8530,Covers_32062,False
Goodreads_books_29713,Covers_29130,False
Goodreads_books_22344,Covers_34727,False
Goodreads_books_24144,Covers_791,False
Goodreads_books_25694,Covers_32314,False
Goodreads_books_3927,Covers_30730,False
Goodreads_books_24325,Covers_6134,False
Goodreads_books_886,Covers_19607,False
Goodreads_books_28476,Covers_2804,False
Goodreads_books_25925,Covers_37128,False
Goodreads_books_30818,Covers_33185,False
Goodreads_books_8622,Covers_38881,False
Goodreads_books_36028,Covers_45361,False
Goodreads_books_11238,Covers_39216,False
Goodreads_books_39303,Covers_23082,False
Goodreads_books_38529,Covers_35499,False
Goodreads_books_2681,Covers_8674,False
Goodreads_books_10902,Covers_32591,False
Goodreads_books_17605,Covers_38039,False
Goodreads_books_34363,Covers_27685,False
Goodreads_books_33397,Covers_39909,False
Goodreads_books_5267,Covers_21381,False
Goodreads_books_14439,Covers_27280,False
Goodreads_books_4027,Covers_13140,False
Goodreads_books_18486,Covers_20910,False
Goodreads_books_37723,Covers_31791,False
Goodreads_books_20531,Covers_9292,False
Goodreads_books_13242,Covers_13848,False
Goodreads_books_4888,Covers_39058,False
Goodreads_books_2247,Covers_27161,False
Goodreads_books_34858,Covers_13870,False
Goodreads_books_17454,Covers_7781,False
Goodreads_books_16026,Covers_8312,False
Goodreads_books_540,Covers_38768,False
Goodreads_books_8422,Covers_33222,False
Goodreads_books_18123,Covers_38381,False
Goodreads_books_29270,Covers_14554,False
Goodreads_books_13398,Covers_7315,False
Goodreads_books_28325,Covers_36445,False
Goodreads_books_27555,Covers_20293,False
Goodreads_books_15495,Covers_4110,False
Goodreads_books_30906,Covers_49256,False
Goodreads_books_14415,Covers_38288,False
Goodreads_books_39155,Covers_25180,False
Goodreads_books_1686,Covers_17203,False
Goodreads_books_38732,Covers_23997,False
Goodreads_books_3194,Covers_6681,False
Goodreads_books_38262,Covers_30925,False
Goodreads_books_31921,Covers_9220,False
Goodreads_books_31630,Covers_25923,False
Goodreads_books_32303,Covers_48108,False
Goodreads_books_30741,Covers_16247,False
Goodreads_books_14504,Covers_8787,False
Goodreads_books_5412,Covers_961,False
Goodreads_books_25918,Covers_29993,False
Goodreads_books_5309,Covers_13415,False
Goodreads_books_6009,Covers_15584,False
Goodreads_books_10933,Covers_42332,False
Goodreads_books_11667,Covers_34067,False
Goodreads_books_29738,Covers_13720,False
Goodreads_books_32989,Covers_19693,False
Goodreads_books_26746,Covers_118,False
Goodreads_books_36736,Covers_2246,False
Goodreads_books_30253,Covers_13207,False
Goodreads_books_31838,Covers_859,False
Goodreads_books_32490,Covers_31409,False
Goodreads_books_23613,Covers_27172,False
Goodreads_books_30409,Covers_46462,False
Goodreads_books_29444,Covers_31850,False
Goodreads_books_37077,Covers_11614,False
Goodreads_books_28244,Covers_18604,False
Goodreads_books_23610,Covers_389,False
Goodreads_books_22520,Covers_14445,False
Goodreads_books_37493,Covers_19694,False
Goodreads_books_31783,Covers_47238,False
Goodreads_books_15184,Covers_26749,False
Goodreads_books_8123,Covers_7620,False
Goodreads_books_29103,Covers_23185,False
Goodreads_books_26593,Covers_27454,False
Goodreads_books_5074,Covers_4087,False
Goodreads_books_30541,Covers_8759,False
Goodreads_books_11857,Covers_460,False
Goodreads_books_8828,Covers_2453,False
Goodreads_books_36429,Covers_46548,False
Goodreads_books_39080,Covers_3743,False
Goodreads_books_37878,Covers_3252,False
Goodreads_books_31731,Covers_7857,False
Goodreads_books_25638,Covers_8864,False
Goodreads_books_27167,Covers_34977,False
Goodreads_books_19259,Covers_17827,False
Goodreads_books_6873,Covers_27956,False
Goodreads_books_15291,Covers_23264,False
Goodreads_books_25842,Covers_35106,False
Goodreads_books_7011,Covers_38346,False
Goodreads_books_18273,Covers_45991,False
Goodreads_books_16410,Covers_42378,False
Goodreads_books_347,Covers_6928,False
Goodreads_books_513,Covers_900,False
Goodreads_books_35710,Covers_27247,False
Goodreads_books_6947,Covers_8279,False
Goodreads_books_10234,Covers_8223,False
Goodreads_books_33875,Covers_6456,False
Goodreads_books_14243,Covers_737,False
Goodreads_books_10846,Covers_3400,False
Goodreads_books_7434,Covers_47684,False
Goodreads_books_31568,Covers_7098,False
Goodreads_books_30779,Covers_48864,False
Goodreads_books_15815,Covers_6861,True
Goodreads_books_12834,Covers_8327,True
Goodreads_books_36416,Covers_1083,True
Goodreads_books_32565,Covers_7415,True
Goodreads_books_30647,Covers_5497,True
Goodreads_books_38344,Covers_1470,True
Goodreads_books_31685,Covers_3553,True
Goodreads_books_13221,Covers_5480,True
Goodreads_books_34572,Covers_5250,True
Goodreads_books_27217,Covers_3178,True
Goodreads_books_13148,Covers_4124,True
Goodreads_books_10170,Covers_8723,True
Goodreads_books_22819,Covers_405,True
Goodreads_books_32367,Covers_3506,True
Goodreads_books_26136,Covers_3095,True
Goodreads_books_38926,Covers_3873,True
Goodreads_books_5015,Covers_330,True
Goodreads_books_22909,Covers_2936,True
Goodreads_books_38674,Covers_1130,True
Goodreads_books_15181,Covers_5492,True
Goodreads_books_33546,Covers_5081,True
Goodreads_books_18313,Covers_5748,True
Goodreads_books_19804,Covers_2014,True
Goodreads_books_27513,Covers_4325,True
Goodreads_books_11501,Covers_3456,True
Goodreads_books_9502,Covers_3551,True
Goodreads_books_27250,Covers_3366,True
Goodreads_books_25714,Covers_5632,True
Goodreads_books_2597,Covers_2030,True
Goodreads_books_37447,Covers_2005,True
Goodreads_books_16595,Covers_3455,True
Goodreads_books_19954,Covers_4294,True
Goodreads_books_34236,Covers_3679,True
Goodreads_books_7909,Covers_1588,True
Goodreads_books_1623,Covers_20,True
Goodreads_books_2240,Covers_149,True
Goodreads_books_383,Covers_4880,True
Goodreads_books_8002,Covers_4794,True
Goodreads_books_37346,Covers_2724,True
Goodreads_books_12504,Covers_5835,True
Goodreads_books_5529,Covers_1072,True
Goodreads_books_35578,Covers_676,True
Goodreads_books_3542,Covers_134,True
Goodreads_books_23952,Covers_6136,True
Goodreads_books_35374,Covers_948,True
Goodreads_books_29628,Covers_5198,True
Goodreads_books_23670,Covers_1633,True
Goodreads_books_28878,Covers_8806,True
Goodreads_books_30461,Covers_2631,True
Goodreads_books_31773,Covers_1952,True
Goodreads_books_31182,Covers_8212,True
Goodreads_books_21897,Covers_3572,True
Goodreads_books_2727,Covers_5387,True
Goodreads_books_28389,Covers_2210,True
Goodreads_books_22596,Covers_5935,True
Goodreads_books_4384,Covers_3210,True
Goodreads_books_5536,Covers_6440,True
Goodreads_books_19009,Covers_1451,True
Goodreads_books_151,Covers_4458,True
Goodreads_books_35179,Covers_3181,True
Goodreads_books_39145,Covers_501,True
Goodreads_books_37251,Covers_5169,True
Goodreads_books_22126,Covers_3526,True
Goodreads_books_5197,Covers_2911,True
Goodreads_books_31127,Covers_1085,True
Goodreads_books_38814,Covers_4617,True
Goodreads_books_12308,Covers_3786,True
Goodreads_books_37987,Covers_4803,True
Goodreads_books_30612,Covers_2359,True
Goodreads_books_24389,Covers_4535,True
Goodreads_books_31129,Covers_8045,True
Goodreads_books_34699,Covers_1982,True
Goodreads_books_16935,Covers_3457,True
Goodreads_books_19096,Covers_4530,True
Goodreads_books_36794,Covers_6444,True
Goodreads_books_35012,Covers_569,True
Goodreads_books_2838,Covers_6019,True
Goodreads_books_12444,Covers_4699,True
Goodreads_books_3149,Covers_2271,True
Goodreads_books_24727,Covers_2857,True
Goodreads_books_37007,Covers_750,True
Goodreads_books_4967,Covers_2611,True
Goodreads_books_26436,Covers_4705,True
Goodreads_books_14113,Covers_3324,True
Goodreads_books_34066,Covers_5075,True
Goodreads_books_17282,Covers_5200,True
Goodreads_books_25075,Covers_1993,True
Goodreads_books_28044,Covers_6815,True
Goodreads_books_8494,Covers_4411,True
Goodreads_books_3795,Covers_5895,True
Goodreads_books_36419,Covers_4682,True
Goodreads_books_19100,Covers_6269,True
Goodreads_books_37862,Covers_889,True
Goodreads_books_20784,Covers_1867,True
Goodreads_books_31586,Covers_2821,True
Goodreads_books_38998,Covers_3485,True
Goodreads_books_32924,Covers_319,True
Goodreads_books_28944,Covers_1420,True
Goodreads_books_32432,Covers_5644,True
Goodreads_books_622,Covers_5281,True
Goodreads_books_16722,Covers_4658,True
Goodreads_books_31117,Covers_6082,True
Goodreads_books_39310,Covers_5798,True
Goodreads_books_8159,Covers_5076,True
Goodreads_books_32037,Covers_1504,True
Goodreads_books_27887,Covers_4885,True
Goodreads_books_21761,Covers_5751,True
Goodreads_books_33843,Covers_1940,True
Goodreads_books_34353,Covers_5773,True
Goodreads_books_32843,Covers_342,True
Goodreads_books_25326,Covers_3367,True
Goodreads_books_22285,Covers_3150,True
Goodreads_books_29087,Covers_4211,True
Goodreads_books_33125,Covers_3015,True
Goodreads_books_23809,Covers_5320,True
Goodreads_books_31606,Covers_4557,True
Goodreads_books_2864,Covers_7353,True
Goodreads_books_23821,Covers_4989,True
Goodreads_books_3804,Covers_2313,True
Goodreads_books_23617,Covers_4388,True
Goodreads_books_14773,Covers_5797,True
Goodreads_books_12072,Covers_4939,True
Goodreads_books_3971,Covers_7798,True
Goodreads_books_5972,Covers_5420,True
Goodreads_books_21703,Covers_4861,True
Goodreads_books_21730,Covers_2125,True
Goodreads_books_32937,Covers_2658,True
Goodreads_books_3414,Covers_3596,True
Goodreads_books_26513,Covers_4719,True
Goodreads_books_20992,Covers_1191,True
Goodreads_books_10115,Covers_3085,True
Goodreads_books_25949,Covers_5481,True
Goodreads_books_7475,Covers_7210,True
Goodreads_books_35037,Covers_1941,True
Goodreads_books_29411,Covers_4352,True
Goodreads_books_5973,Covers_7823,True
Goodreads_books_25477,Covers_3515,True
Goodreads_books_33148,Covers_3557,True
Goodreads_books_6342,Covers_2015,True
Goodreads_books_18799,Covers_4498,True
Goodreads_books_25932,Covers_636,True
Goodreads_books_31904,Covers_7371,True
Goodreads_books_18960,Covers_7950,True
Goodreads_books_12046,Covers_3523,True
Goodreads_books_2555,Covers_5934,True
Goodreads_books_38104,Covers_8147,True
Goodreads_books_22760,Covers_3473,True
Goodreads_books_22784,Covers_6050,True
Goodreads_books_32216,Covers_323,True
Goodreads_books_31139,Covers_7685,True
Goodreads_books_35062,Covers_1991,True
Goodreads_books_23580,Covers_5759,True
Goodreads_books_23906,Covers_1493,True
Goodreads_books_14971,Covers_6170,True
Goodreads_books_39212,Covers_5586,True
Goodreads_books_23296,Covers_3529,True
Goodreads_books_15006,Covers_4714,True
Goodreads_books_9849,Covers_1506,True
Goodreads_books_32094,Covers_774,True
Goodreads_books_3373,Covers_745,True
Goodreads_books_5121,Covers_3819,True
Goodreads_books_26459,Covers_1554,True
Goodreads_books_37160,Covers_2298,True
Goodreads_books_4138,Covers_6077,True
Goodreads_books_13320,Covers_4062,True
Goodreads_books_24965,Covers_1066,True
Goodreads_books_26685,Covers_3420,True
Goodreads_books_29739,Covers_2182,True
Goodreads_books_34619,Covers_4576,True
Goodreads_books_18162,Covers_3896,True
Goodreads_books_36487,Covers_2424,True
Goodreads_books_38472,Covers_45,True
Goodreads_books_31780,Covers_4777,True
Goodreads_books_33686,Covers_456,True
Goodreads_books_772,Covers_4930,True
Goodreads_books_11676,Covers_8007,True
Goodreads_books_3381,Covers_6645,True
Goodreads_books_30704,Covers_2983,True
Goodreads_books_4899,Covers_2796,True
Goodreads_books_26313,Covers_2557,True
Goodreads_books_26952,Covers_4005,True
Goodreads_books_19951,Covers_4367,True
Goodreads_books_17284,Covers_4895,True
Goodreads_books_27503,Covers_6174,True
Goodreads_books_34135,Covers_476,True
Goodreads_books_25455,Covers_3358,True
Goodreads_books_22958,Covers_3573,True
Goodreads_books_30033,Covers_5862,True
Goodreads_books_29155,Covers_5877,True
Goodreads_books_10672,Covers_2847,True
Goodreads_books_19101,Covers_3467,True
Goodreads_books_30545,Covers_6356,True
Goodreads_books_15111,Covers_5248,True
Goodreads_books_22572,Covers_1934,True
Goodreads_books_21475,Covers_4009,True
Goodreads_books_7853,Covers_4605,True
Goodreads_books_4150,Covers_6463,True
Goodreads_books_4852,Covers_5661,True
Goodreads_books_25927,Covers_4742,True
Goodreads_books_33303,Covers_2003,True
Goodreads_books_32258,Covers_4750,True
Goodreads_books_4216,Covers_1559,True
Goodreads_books_35229,Covers_5826,True
Goodreads_books_22320,Covers_6068,True
Goodreads_books_33275,Covers_4204,True
Goodreads_books_38000,Covers_8552,True
Goodreads_books_21681,Covers_6182,True
Goodreads_books_4526,Covers_2430,True
Goodreads_books_30784,Covers_4614,True
Goodreads_books_37849,Covers_4093,True
Goodreads_books_18560,Covers_10805,False
Goodreads_books_33147,Covers_539,False
Goodreads_books_27722,Covers_46370,False
Goodreads_books_4405,Covers_31558,False
Goodreads_books_269,Covers_5953,False
Goodreads_books_27583,Covers_5235,False
Goodreads_books_1674,Covers_2883,False
Goodreads_books_37228,Covers_2838,False
Goodreads_books_39026,Covers_9016,False
Goodreads_books_20584,Covers_861,False
Goodreads_books_10486,Covers_28620,False
Goodreads_books_29022,Covers_48117,False
Goodreads_books_13526,Covers_10678,False
Goodreads_books_33782,Covers_1322,False
Goodreads_books_34990,Covers_34016,False
Goodreads_books_30582,Covers_7410,False
Goodreads_books_25149,Covers_20982,False
Goodreads_books_35843,Covers_28039,False
Goodreads_books_17162,Covers_12876,False
Goodreads_books_34390,Covers_9797,False
Goodreads_books_5372,Covers_30521,False
Goodreads_books_30900,Covers_48508,False
Goodreads_books_29632,Covers_11220,False
Goodreads_books_32993,Covers_2531,False
Goodreads_books_4153,Covers_2689,False
Goodreads_books_32893,Covers_5724,False
Goodreads_books_16105,Covers_9847,False
Goodreads_books_32994,Covers_42314,False
Goodreads_books_26347,Covers_47559,False
Goodreads_books_591,Covers_46651,False
Goodreads_books_30629,Covers_47362,False
Goodreads_books_34353,Covers_10395,False
Goodreads_books_4783,Covers_7843,False
Goodreads_books_3032,Covers_27680,False
Goodreads_books_22492,Covers_18213,False
Goodreads_books_30630,Covers_22689,False
Goodreads_books_30514,Covers_34731,False
Goodreads_books_5475,Covers_8129,False
Goodreads_books_128,Covers_1082,False
Goodreads_books_11300,Covers_7027,False
Goodreads_books_22996,Covers_18840,False
Goodreads_books_26904,Covers_13576,False
Goodreads_books_13269,Covers_7569,False
Goodreads_books_37748,Covers_29395,False
Goodreads_books_31507,Covers_13376,False
Goodreads_books_18619,Covers_26680,False
Goodreads_books_34845,Covers_11882,False
Goodreads_books_34720,Covers_22093,False
Goodreads_books_39025,Covers_46494,False
Goodreads_books_37241,Covers_25400,False
Goodreads_books_9273,Covers_25811,False
Goodreads_books_36144,Covers_17252,False
Goodreads_books_24809,Covers_6255,False
Goodreads_books_25226,Covers_898,False
Goodreads_books_1380,Covers_3719,False
Goodreads_books_36064,Covers_1724,False
Goodreads_books_4259,Covers_14203,False
Goodreads_books_1464,Covers_12162,False
Goodreads_books_2734,Covers_1634,False
Goodreads_books_32099,Covers_16266,False
Goodreads_books_13154,Covers_11416,False
Goodreads_books_20563,Covers_4528,False
Goodreads_books_19166,Covers_536,False
Goodreads_books_22904,Covers_26982,False
Goodreads_books_581,Covers_8245,False
Goodreads_books_3681,Covers_16720,False
Goodreads_books_26463,Covers_11446,False
Goodreads_books_10906,Covers_48895,False
Goodreads_books_25301,Covers_22089,False
Goodreads_books_29775,Covers_22278,False
Goodreads_books_29822,Covers_21241,False
Goodreads_books_22103,Covers_17921,False
Goodreads_books_5309,Covers_3816,False
Goodreads_books_10350,Covers_21626,False
Goodreads_books_33915,Covers_14303,False
Goodreads_books_33577,Covers_1688,False
Goodreads_books_30476,Covers_8040,False
Goodreads_books_13480,Covers_16672,False
Goodreads_books_37727,Covers_1128,False
Goodreads_books_35842,Covers_36635,False
Goodreads_books_31446,Covers_18891,False
Goodreads_books_31454,Covers_31273,False
Goodreads_books_21458,Covers_25246,False
Goodreads_books_32698,Covers_80,False
Goodreads_books_24717,Covers_16160,False
Goodreads_books_23265,Covers_2528,False
Goodreads_books_4319,Covers_16917,False
Goodreads_books_1357,Covers_22914,False
Goodreads_books_30530,Covers_2618,False
Goodreads_books_34285,Covers_1313,False
Goodreads_books_35850,Covers_7542,False
Goodreads_books_26856,Covers_15590,False
Goodreads_books_30787,Covers_14785,False
Goodreads_books_31218,Covers_739,False
Goodreads_books_28681,Covers_1395,False
Goodreads_books_15725,Covers_44995,False
Goodreads_books_3605,Covers_3645,False
Goodreads_books_34764,Covers_21320,False
Goodreads_books_30411,Covers_6878,False
Goodreads_books_38458,Covers_6753,False
Goodreads_books_5599,Covers_46697,False
Goodreads_books_31065,Covers_40771,False
Goodreads_books_38912,Covers_265,False
Goodreads_books_14316,Covers_6427,False
Goodreads_books_19419,Covers_28601,False
Goodreads_books_25891,Covers_14928,False
Goodreads_books_31039,Covers_69,False
Goodreads_books_27067,Covers_45124,False
Goodreads_books_36531,Covers_21400,False
Goodreads_books_26701,Covers_26119,False
Goodreads_books_12077,Covers_46756,False
Goodreads_books_32566,Covers_8763,False
Goodreads_books_31033,Covers_25684,False
Goodreads_books_13112,Covers_40910,False
Goodreads_books_10683,Covers_33361,False
Goodreads_books_1749,Covers_11389,False
Goodreads_books_34380,Covers_12797,False
Goodreads_books_25612,Covers_46240,False
Goodreads_books_16296,Covers_8101,False
Goodreads_books_35123,Covers_34436,False
Goodreads_books_7930,Covers_14271,False
Goodreads_books_3748,Covers_13887,False
Goodreads_books_34604,Covers_717,False
Goodreads_books_34378,Covers_38861,False
Goodreads_books_11138,Covers_30069,False
Goodreads_books_33970,Covers_43693,False
Goodreads_books_9259,Covers_13433,False
Goodreads_books_12015,Covers_6644,False
Goodreads_books_32374,Covers_34254,False
Goodreads_books_32160,Covers_6776,False
Goodreads_books_22453,Covers_12087,False
Goodreads_books_20588,Covers_11839,False
Goodreads_books_4583,Covers_13792,False
Goodreads_books_32186,Covers_14222,False
Goodreads_books_31016,Covers_19159,False
Goodreads_books_17591,Covers_7689,False
Goodreads_books_33588,Covers_36666,False
Goodreads_books_38894,Covers_25993,False
Goodreads_books_23068,Covers_47796,False
Goodreads_books_24652,Covers_6720,False
Goodreads_books_14534,Covers_20608,False
Goodreads_books_4413,Covers_47951,False
Goodreads_books_11008,Covers_42668,False
Goodreads_books_39303,Covers_17395,False
Goodreads_books_30417,Covers_6824,False
Goodreads_books_17960,Covers_30768,False
Goodreads_books_2099,Covers_13242,False
Goodreads_books_8063,Covers_18770,False
Goodreads_books_29169,Covers_33225,False
Goodreads_books_3992,Covers_15313,False
Goodreads_books_26419,Covers_27271,False
Goodreads_books_25380,Covers_7693,False
Goodreads_books_35062,Covers_38741,False
Goodreads_books_30518,Covers_9154,False
Goodreads_books_19704,Covers_35203,False
Goodreads_books_32144,Covers_47123,False
Goodreads_books_28945,Covers_171,False
Goodreads_books_30445,Covers_7359,False
Goodreads_books_3180,Covers_14447,False
Goodreads_books_13016,Covers_22573,False
Goodreads_books_10564,Covers_8238,False
Goodreads_books_36478,Covers_22227,False
Goodreads_books_34911,Covers_47221,False
Goodreads_books_24480,Covers_17661,False
Goodreads_books_17273,Covers_32842,False
Goodreads_books_25376,Covers_6139,False
Goodreads_books_9275,Covers_45309,False
Goodreads_books_2298,Covers_39065,False
Goodreads_books_35678,Covers_46354,False
Goodreads_books_37857,Covers_7621,False
Goodreads_books_31530,Covers_362,False
Goodreads_books_37963,Covers_48876,False
Goodreads_books_8803,Covers_49694,False
Goodreads_books_33652,Covers_22356,False
Goodreads_books_21949,Covers_2006,False
Goodreads_books_21778,Covers_4179,False
Goodreads_books_4527,Covers_37586,False
Goodreads_books_33462,Covers_31356,False
Goodreads_books_15896,Covers_15856,False
Goodreads_books_19083,Covers_42699,False
Goodreads_books_8203,Covers_11136,False
Goodreads_books_32199,Covers_23144,False
Goodreads_books_34062,Covers_14336,False
Goodreads_books_14904,Covers_40464,False
Goodreads_books_31357,Covers_15579,False
Goodreads_books_287,Covers_24130,False
Goodreads_books_32247,Covers_17062,False
Goodreads_books_14244,Covers_22159,False
Goodreads_books_5231,Covers_44653,False
Goodreads_books_18162,Covers_12652,False
Goodreads_books_31935,Covers_22104,False
Goodreads_books_25378,Covers_3042,False
Goodreads_books_202,Covers_3163,False
Goodreads_books_37108,Covers_22065,False
Goodreads_books_28464,Covers_16163,False
Goodreads_books_3929,Covers_39620,False
Goodreads_books_20260,Covers_39948,False
Goodreads_books_28693,Covers_7036,False
Goodreads_books_9725,Covers_16358,False
Goodreads_books_17899,Covers_35336,False
Goodreads_books_23936,Covers_12413,False
Goodreads_books_20747,Covers_34643,False
Goodreads_books_18681,Covers_43710,False
Goodreads_books_19695,Covers_22654,False
Goodreads_books_5208,Covers_6049,False
Goodreads_books_35141,Covers_1239,False
Goodreads_books_38434,Covers_6114,False
Goodreads_books_30473,Covers_46784,False
Goodreads_books_2077,Covers_768,False
Goodreads_books_39316,Covers_23909,False
